workerid	0	1	2	3	4	5	6	7	8	9	10	11	12	13	14	15	16	17	18	19	20	21	22	23	24	25	26	27	28	29	30	31	32	33	34	35	36	37	38	39	40	41	42	43	44	45	46	47	48	49	50	51	52	53	54	55	56	57	58	59	60	61	62	63	64	65	66	67	68	c1	c2	c3	c4	c5
A2VD9X4Q51UGFK	-1.2	-1.875			2.0	-1.2	2.0		2.0							-2.0																																																						0	0	2	0	2
A2WGW5Y3ZFBDEC	-1.0	0.25		-1.7	-1.0	-0.33333333333299997	1.0		1.0	-2.0	1.0			1.0		-1.5	-1.5	1.0	0.2	-1.0		1.0	-1.0	0.0	1.5	2.0	2.0	-1.0	-2.0	-0.25	-2.0	-1.0	-1.33333333333		-1.0	1.0		-1.0	1.5	2.0	1.0		1.0	-0.5	2.0		-2.0				1.0		-2.0			-2.0									1.0	1.0				0	0	2	0	4
ATGF05HW5Q63J					1.0																																																																	0	0	2	0	2
A1DDQ8U2YRB25X	-0.942857142857	-0.9069767441859999	-0.6	-1.0	-1.0	-0.75				-0.6									-1.0																																																		-1.0	0	0	2	0	2
A3PPCEDYR2EB22		-1.0		-1.0		-2.0				-2.0	1.0			1.0		1.0		-2.0	-1.0	-2.0			-1.0	-2.0				1.5		0.0	-2.0		-1.0																										1.0					-2.0						0	0	2	0	2
AXYKTP0YCYJB9		-1.0		-1.0		-1.5										0.5								1.0							1.0																											2.0	-1.0											0	0	2	0	2
A2VSG0OWY55DGW	-0.8181818181820001	-1.0	-1.0	-1.25	2.0	-0.833333333333	2.0									-2.0			-2.0																																												-2.0							0	0	2	0	2
A2D8ZM1E0USP73	1.7142857142899999	-1.8	2.0	1.0	1.5	-2.0	2.0		1.75	-0.33333333333299997						-1.0																																																						0	0	2	0	2
A2TMSM19YCEXLE						-2.0																																																																0	0	2	0	2
A2GPPM7A4B5CAB		1.0																																																																				0	0	2	0	2
A34HTHVJNYR1O0									2.0																																																													0	0	2	0	2
AHKOZVL0KZKAB											-1.0								-2.0				-1.0							-1.0			-0.5														-2.0																		1.0					0	0	2	0	2
A1SR4LSPEN7ZT7					1.0																																																																	0	0	2	0	2
A264NN7JBX4UDQ	1.33333333333	1.5			0.0	1.5			1.0																																																													0	0	2	0	2
A1EV66QWCULDE5		-1.0		0.666666666667																		-1.0																																																0	0	2	0	2
A3S8UNGS9Z0P0X	1.6	1.0	1.0			1.0	2.0			1.0																																																												0	0	2	0	2
A2VH4HK8WDR5ZN					-1.0				-1.0																																																													0	0	2	0	2
A7F14VFA3N7SD		0.666666666667																																																																				0	0	2	0	2
AK7LGB1QOGA1P		1.0																																																																				0	0	2	0	2
A4SKTCPDTV550	0.779661016949	0.6935483870970001	1.0	0.692307692308		0.5	1.0			1.33333333333									1.0																																												1.0						1.0	0	0	2	0	2
A2C73Y1COWCA51				-1.0																																																																		0	0	2	0	2
A2AH0QIM25B0AG					2.0																																																																	0	0	2	0	2
ADU4116NTU2Z7		-1.8			-1.0	-1.0	-0.5																																																															0	0	2	0	2
AZLBLEDRP6UYM	1.0	-1.0		1.0		-1.0				-2.0																																																												0	0	2	0	2
A2OW2CIT4H7364	0.0	0.6								1.0																																																												0	0	2	0	2
A19RUEYADULHZN					-1.0		2.0																																																															0	0	2	0	2
AFVQI58RRXP7Z		-2.0																																																																				0	0	2	0	2
A7NZ814Q5MX2R		-1.0																																																																				0	0	2	0	2
A18TCR555RWUZV		-1.0												-2.0			-2.0							-1.0		1.0	1.0													-2.0						1.0		2.0						-2.0																0	0	2	0	2
A2SWJ2C2YOUGRF	2.0	0.5								-2.0																																																												0	0	2	0	2
A2HWEJ5KJE5ZO6	1.14285714286	1.4	2.0	-1.0		1.5																																																															1.0	0	0	2	0	2
AD0F6ADE4GL00	1.0	-1.0																																																																				0	0	2	0	2
AP0A2XBW34SZJ	-0.9	-1.7142857142899999	1.0	-1.0	1.0	-0.8	2.0			-1.0																																																												0	0	2	0	2
A1NQWTNVPGU1ZV		1.0		1.0		-1.0				-1.0						-1.0		-1.0				1.0							-2.0		2.0																														1.0									0	0	2	0	2
A167HNWLG22UFD	-0.769230769231		-1.0		-1.7142857142899999		0.625	-0.8709677419349999	0.047619047619		-0.06666666666669999	-0.928571428571	-0.8	1.0	-0.8		1.0	1.0	1.0	1.0	-1.33333333333		1.0	1.0	1.0	1.0	1.0	1.0		1.0		1.0	1.0	1.0	1.0	1.0	1.0	1.0	1.0	1.0	1.0	1.0	1.0	1.0	1.0	1.0	1.0	1.0	1.0	1.0	1.0	1.0	1.0	1.0	1.0	1.0	1.0			1.0					1.0	1.0		1.0		0	1	1	3	3
A359HMOD4EINQ2		1.0																																																																				0	0	2	0	2
AJZ9HV5VBD7CA	-0.75	-2.0	-1.0	-2.0		-2.0	1.0																																																															0	0	2	0	2
A2OXXHGAM7B0Y		-1.0		-2.0												-1.0	-1.0					-1.5																																																0	0	2	0	2
A771BLWJLMWYY	-1.2666666666700002	-1.42857142857	-1.0	-1.0	0.5	-1.0	0.8		0.5							-1.0																																																						0	0	2	0	2
A39YBLQYIUBR76				1.0																																																																		0	0	2	0	2
A130X6CF795CQ5									-2.0																																																													0	0	2	0	2
A2ZHN45QR1Y8E4	0.0		1.9166666666699999		0.4		1.8333333333300001	1.2	1.6666666666699999		2.0	2.0	0.5		-2.0						0.5																																																	0	0	2	0	2
A31X1FW485DON4	1.0	-2.0			0.5				1.0																																																													0	0	2	0	2
A042274229VCDRN12COMF	1.0	-1.0		-2.0		2.0				2.0																																																												0	0	2	0	2
A166A2M31CW2C7	1.32	2.0	1.61111111111	2.0	0.222222222222	0.0	1.22222222222	-0.35	0.9	0.0	2.0	2.0	0.666666666667	2.0	-0.666666666667	1.0		1.0		1.0	0.0	1.5			-1.0	2.0	0.0		-1.0		-1.0																														2.0							1.0		0	0	2	0	2
A68PQP2VAVN8D	-2.0	-2.0				1.0																																																																0	0	2	0	2
A15YL2MKU0RY98					-1.0																																																																	0	0	2	0	2
A20ALQT1HIVSAH												1.0		-1.0					1.0					1.0			2.0	1.0								-2.0				2.0																	1.0													0	0	2	0	2
ADT8XTB3NGLTF		1.0							1.0																																																													0	0	2	0	2
A12H2RTXSAQPRH		1.0			0.6	-2.0										-2.0																																																						0	0	2	0	2
A1HJLW84GIDPKD		-2.0																																																																				0	0	2	0	2
A7TP8TTJ88Y0R		1.0																																																																				0	0	2	0	2
A175ZTL2OZO9YU		1.0																																																																				0	0	2	0	2
A1WXGV56U8S8OG																								1.0																																														0	0	2	0	2
A1MO07YOP3THQ2	0.125	-0.08333333333330001	1.5	0.666666666667	1.0	-0.8571428571430001			1.0	1.0						-2.0			2.0																																																			0	0	2	0	2
A23O7BIKKPOZ2L														-2.0												-2.0		-2.0							-2.0					-2.0									-2.0																					0	0	2	0	2
A2RMJNF6IPI42F	1.0	-1.0	0.533333333333	-0.33333333333299997	0.928571428571		-0.666666666667	-1.375	-0.916666666667		1.0	0.6	0.5		-1.0	-1.0	-1.0				0.5	1.0																																																0	0	2	0	2
A14IF6TCJEUQCS	1.5	-1.0								1.0																																																												0	0	2	0	2
A3I9LB2O58MKV1	1.0	-2.0			2.0				2.0																																																													0	0	2	0	2
A9JHTV37LSE5F		-1.0	1.0	-1.0							1.0	-2.0		1.55555555556		1.0	0.0	-1.8333333333300001	0.0	-2.0			-0.5	-1.0	1.0	-0.6	1.0	-1.0		-1.25		0.0	-1.33333333333	-1.0	2.0	-1.5	1.0	-2.0	0.0	-1.0	1.0	1.0	0.0	1.0	1.5	1.5	-0.5	1.5	-2.0	-2.0	-2.0	-1.0	-2.0	-1.5	-2.0	-2.0	-2.0			1.0				1.0	1.0	-1.0		-1.0		0	0	0	1	1
A3G2NBQKB9DX7E	1.0	-1.0				-2.0	2.0																																																															0	0	2	0	2
A1YRVRV46ZOVMP	1.5	-0.75				-2.0																																																																0	0	2	0	2
A1P861SBXSP7D2	-0.5																																																																					0	0	2	0	2
A3JX5WINGY8PEM		1.0								2.0																																																												0	0	2	0	2
A3B2H4HGSP6JCF														0.0						-1.0						1.5	2.0					-1.0		1.0	-2.0			-1.0								2.0						-1.0			-1.0															0	0	2	0	2
AIQU5HARE60W1	0.666666666667		1.0	-1.0						1.0																																																												0	0	2	0	2
A3GSCVUHX7DM8T	-1.5	-2.0			1.0	-2.0			1.0																																																													0	0	2	0	2
ASXIEBMMWW1NE		0.5					2.0																																																															0	0	2	0	2
A2O4Q2BDGWN73Q		-1.0			1.0	-2.0	1.0		2.0							-1.0																																																						0	0	2	0	2
A2F738CHD66KOW	0.666666666667	-1.0	1.0			1.0			1.5																																																													0	0	2	0	2
A1PI3EYSKGK1L6				-2.0																				1.0																																														0	0	2	0	2
AZM3UDQWDBICM				2.0																				1.0																																														0	0	2	0	2
A1T2VMIY43RTHI				2.0																											2.0																																							0	0	2	0	2
A3IPMQ11MHNRUU		2.0		2.0		2.0																																																																0	0	2	0	2
A14SXXOGFMEFM6		1.0		1.0		1.0																																																																0	0	2	0	2
A33SPADKX7VM2H	1.0	-1.0			1.0																																																																	0	0	2	0	2
ATHQ4TSWIGQAP	-0.33333333333299997	-1.6666666666699999			2.0	-1.25			1.6666666666699999							-1.0																																																						0	0	2	0	2
A2XXU0C8CY5N7M		1.0																																																																				0	0	2	0	2
A3PN5FA5Z10N83	-1.0	-0.666666666667		-1.0																																																																		0	0	2	0	2
A3UN57EC5AXY1Z							2.0			1.0																																																												0	0	2	0	2
ARHR8DJQSKQOA	2.0																																																																					0	0	2	0	2
A298ZDGYSPP6YR											1.33333333333			-1.0			-1.0	1.25	0.5				0.666666666667	-2.0	1.0	-1.0	2.0	-1.0		-2.0		-1.0	-0.5	-2.0			-2.0		1.0					1.0	2.0		2.0	-1.0		-1.0	-2.0	-2.0		-1.0	-2.0										2.0					0	0	2	0	2
A2OARIBH4WXJTP	2.0																																																																					0	0	2	0	2
ABHQC7XW26J5P		-1.2		-1.14285714286		-1.5				-1.0				-1.0		-1.0						-1.0	1.0	2.0				2.0	0.0		1.0																																	-1.0						0	0	2	0	2
AJ2MVQ01570X9					1.0																																																																	0	0	2	0	2
AIMMBX6OPFIF9		1.0																																																																				0	0	2	0	2
AYXIDCIGUA037					1.0																																																																	0	0	2	0	2
A1XP77IRAJCX5B	-0.8181818181820001	-1.0	2.0	-2.0	1.6666666666699999	-0.666666666667	1.5		2.0										2.0																																																			0	0	2	0	2
A3FRUN0DPOA0BN					1.0																																																																	0	0	2	0	2
A1DY4DM16TBFPL	1.0			1.0																																																																		0	0	2	0	2
A1OBWGLS5LRLT3		-1.33333333333		-1.0												2.0		-2.0													2.0																																							0	0	2	0	2
A1JTOUQAD12LQR		1.0		0.0												-1.0	-1.0					1.6666666666699999																																																0	0	2	0	2
A646R8SV0S04Y	-0.877551020408	-1.0	0.875	-0.8571428571430001	0.8095238095239999	-1.25	1.2272727272700001	0.8518518518520001	0.8421052631579999	-1.0	1.4	1.0714285714299998	1.1818181818200002		0.9	1.75	-1.0				1.33333333333		-1.0					1.0	-0.33333333333299997		-2.0																											1.0	1.0											0	0	2	0	2
A2I64UK6DJ8ZLO	1.0	1.75		2.0		1.0				2.0																																																												0	0	2	0	2
A66PALOM1DVOQ									2.0																																																													0	0	2	0	2
A3B0WAEPUCALDC							1.0																																																															0	0	2	0	2
A15A09BRS1Q8W0	1.92857142857	0.583333333333	2.0	0.5	1.0	0.6	1.6666666666699999			1.0																																																				1.0							1.0	0	0	2	0	2
A2H5FQFR4C014A		-2.0				-2.0																																																																0	0	2	0	2
A2XGY1STVP6FVK		-1.0																																																																				0	0	2	0	2
A2N701P8CHDKTT	0.166666666667		-1.11111111111		-0.5		0.666666666667	0.25	1.6666666666699999		-1.0	1.0			-1.0						1.0																																																	0	0	2	0	2
A3QSJY1FFN0N6V														1.0											2.0		2.0																		1.0																									0	0	2	0	2
A13V36GAF69NYE	-1.5	-2.0			0.25	-0.666666666667			1.33333333333							-1.0																																																						0	0	2	0	2
A19XMRUYE6ILIR	1.0									2.0																																																												0	0	2	0	2
A1A7O3TW2O0TPM					-2.0																																																																	0	0	2	0	2
A30ZBG4SIBCC2A				-1.0																																																																		0	0	2	0	2
AVAQ4AJU45K1U	-1.0	1.0																																																																				0	0	2	0	2
A3LXRZZ3GV0LRD	2.0	2.0	2.0	1.0		2.0	2.0			1.0																																																												0	0	2	0	2
A3JG1P42AS7WKH	1.0		1.0								1.6666666666699999			-1.0			-1.0	-1.0	-1.0	-0.6			-1.0	0.33333333333299997	0.6	-0.25	0.5	1.0				-1.0		-1.33333333333	-1.0	1.6666666666699999	-1.0	-1.0	2.0	-1.0	0.0	1.5	-1.0		2.0	1.0	-0.5	-1.0	-1.5	-1.0	-1.5	-1.0	-2.0	-1.0	-1.5	1.0	-1.0			1.0					1.0			-1.0		0	0	2	0	2
A136IH5CB0OH6W	1.5				1.0	1.0																																																																0	0	2	0	2
A8OM015SBLWA2		1.0																																																																				0	0	2	0	2
A2YGGVU3OVARQ4												2.0		-1.0						-2.0					2.0	0.0	2.0	-1.0						-2.0	-2.0					-1.0	1.0				1.0	1.0		1.0	-1.0			2.0	-1.0		-1.0	1.0														0	0	2	0	2
A2LT6KC1X51FVW											2.0			-1.0			-2.0	-2.0	-2.0				-2.0		-1.0	2.0				-2.0				-2.0				-2.0				-2.0		-2.0											-2.0					1.0					1.0	2.0		2.0		0	0	2	0	2
A2PF17SV72U84G	1.5	0.33333333333299997				1.0				2.0																																																												0	0	2	0	2
APWXTMJO1I1ST	0.75	1.0	1.0	1.0																																																																		0	0	2	0	2
A2HM35CWB7IIFM	1.0				1.0																																																																	0	0	2	0	2
A2H64NAG24NV7C	-2.0	-2.0			-1.0	-1.0																																																																0	0	2	0	2
AMBYWO57B2T1B					1.5	1.0			2.0																																																													0	0	2	0	2
A98C7U6G8QI4H		0.625		0.0		-0.5				0.0				1.0		1.33333333333		-2.0				1.0							-2.0		1.0																																				-1.0			0	0	2	0	2
A2F0X4LN9N4O4C	2.0	1.75			2.0		2.0		-2.0																																																													0	0	2	0	2
AJ5BWL80V0HW3	1.4	2.0	2.0			2.0																																																																0	0	2	0	2
AF0O0GTIMHTWH		1.0																																																																				0	0	2	0	2
A17CH5ARW5YJQ0	-1.0	-0.33333333333299997			1.0	-1.0			0.0																																																													0	0	2	0	2
AN6WT1D6EQ8V5	1.2		1.42857142857		1.4		1.2857142857100001	1.25	1.5		1.6666666666699999	1.33333333333	1.5		2.0						2.0																																																	0	0	2	0	2
A3193MI1J3OGLA	2.0	0.0	2.0		2.0																																																																	0	0	2	0	2
AD7CUW86FWEKT		-1.0															-1.0												-2.0																													1.0	-1.0											0	0	2	0	2
A3TN3GQAO61BVB	0.928571428571	0.692307692308	1.0	1.0		-0.33333333333299997			0.5	-1.0																																																		1.0										0	0	2	0	2
A38RBBFY4UF47O	-0.5	-1.0		-1.0	0.75	-1.0	0.0		1.0																																																													0	0	2	0	2
ALOVZW476OXUN		2.0							-1.0																																																													0	0	2	0	2
A3NSX46VYD9J49	0.0	-1.0			1.0																																																																	0	0	2	0	2
A1CTJ8UT7SF317		-1.5	1.0			-1.0				1.0																																																												0	0	2	0	2
A65NLFVBHAXJ0	1.2	1.5	1.0																																																																		-1.0	0	0	2	0	2
A39R17C5NG9TOG	1.0																																																																					0	0	2	0	2
A19887HPPXDM09	1.5	-1.0	1.0	-1.0	2.0	0.33333333333299997				-1.0																																																												0	0	2	0	2
A2NUKIGRRJ89CK		-2.0				-1.0																																																																0	0	2	0	2
AZF0WGPL5SL76	0.0	-1.8571428571400002	1.0			-2.0	-2.0			0.0									-2.0																																																			0	0	2	0	2
A1UMCMXL9EX50R	1.0				1.5	1.5										-1.0																																																						0	0	2	0	2
AIJE3GZD2AHHV		1.0																																																																				0	0	2	0	2
A1SCPXEIA8EYT5	1.4		2.0					-2.0	2.0			1.5	1.6666666666699999																																																									0	0	2	0	2
A20WD8YXVUQCQX	-0.25	-0.75	1.0	-1.25						-1.5									1.0																																																			0	0	2	0	2
A1QKX6GY3CFFK		-1.0																																																																				0	0	2	0	2
A3OD6DNO17G118							2.0																																																															0	0	2	0	2
A5YWWF994EH1R		1.0		1.0		1.0				1.0																																																												0	0	2	0	2
ARQ9DY4UL4WJ4	-1.0															-2.0																																																						0	0	2	0	2
A312FLJ2N14L5V					1.0				1.5	1.0																																																												0	0	2	0	2
A3C6BPE5UJ9EHR		-1.53333333333		-1.46666666667		-1.0				0.33333333333299997		1.0		-1.4		-1.0	-1.0	2.0	-1.0	-1.6666666666699999		0.0		1.0	1.0	1.0			-0.5		-0.5				-2.0		-1.0																			-2.0		1.0			2.0						-1.0			0	0	2	0	2
AQ36OBO2GRA00					2.0	-1.0	2.0		2.0	1.0																																																												0	0	2	0	2
A295RZ1WX44RBH	-0.9	-1.0	-1.0	-1.0	1.6	-0.6	2.0		1.6666666666699999	-1.0																																																											-1.0	0	0	2	0	2
A2QLVGIAKUQOUN										1.0																																																												0	0	2	0	2
A35FHY70T3PL8I		-1.0																																																														1.0						0	0	2	0	2
A2U5T9Q7DGNHKF					1.0				2.0	1.0																																																												0	0	2	0	2
A34JG5YYW98V22	1.5	-2.0	2.0	-2.0	2.0	-2.0			2.0	-0.5						-2.0																																																						0	0	2	0	2
A37LY5UTJV2KYZ	-0.8571428571430001	-0.33333333333299997	-1.0	-0.428571428571		-2.0				-1.0				-1.5		1.0	-0.666666666667			-2.0		-0.33333333333299997		-1.0	-1.0	0.33333333333299997		1.0				-2.0			-1.0		-1.0	-2.0				1.0	1.0			1.0						-2.0					-1.5			-1.0										0	0	2	0	2
A2VJZZPAHHKAOW	1.0	-1.0				-1.0																																																																0	0	2	0	2
A11W0929K3TOW3	-2.0	-1.0			2.0		2.0		2.0																																																													0	0	2	0	2
A3SWVCOJPJM7KQ		-1.0		-1.0																																																																		0	0	2	0	2
AWEPZMK7825JQ	1.0																																																																					0	0	2	0	2
APROFW08F7Z34	-1.8139534883700001	-1.94444444444	-1.33333333333	-2.0	2.0	-1.9090909090900001	1.0		1.0	-1.57142857143									-2.0																																											-1.0								0	0	2	0	2
AK30IDAH8Z6Q5	1.0																																																																					0	0	2	0	2
A3QS0S6B9P169W	-2.0	-2.0			-2.0				0.0																																																													0	0	2	0	2
A3VBS09FLWEOAD				1.0																																																																		0	0	2	0	2
A22OZI9XS3B2FZ		-1.0								-2.0																																																												0	0	2	0	2
A2CCK1JKX48R0H		-2.0		-2.0							-1.0							-1.6666666666699999	-0.666666666667				-2.0							-2.0			-2.0						2.0					0.0			-0.5																		2.0	-1.0				0	0	2	0	2
A2URQW1CG9L9XG	1.0																																																																					0	0	2	0	2
A3F3YFH9NZYULT	2.0																																																																					0	0	2	0	2
A3GM65DMOMZ0WY		-1.0	1.0	-1.0																																																																		0	0	2	0	2
A3FP4YWBOZKPKZ	-1.0	-1.75		-2.0		1.0																																																																0	0	2	0	2
A21753FQKCM5DQ	-0.350877192982	-0.555555555556	0.511111111111	-0.6	0.533333333333	-0.5	0.04	0.8181818181820001	0.8181818181820001	0.33333333333299997	0.6	0.8571428571430001	-0.45454545454499995	-1.0	0.2	-0.6	-1.0			-1.0	0.0	0.6	-2.0	1.0				0.0	-1.0		-2.0																											1.0	2.0					1.0						0	0	2	0	2
AMZYIIE52MXZN														-1.0				-1.0	-1.0	2.0			-2.0		2.0	-1.0	2.0			-2.0			-2.0	-2.0	-1.0									-2.0	2.0							-1.0																		0	0	2	0	2
A1GD3MQELM1R9M										1.0																																																												0	0	2	0	2
AIQ8LGMMG42E4	-1.0	-1.0														-2.0																																																						0	0	2	0	2
A15OBQS0LO4EI1														-2.0			-2.0			-1.0							2.0																							-2.0																		2.0		0	0	2	0	2
A2G8UI423QZYJJ					1.0																																																																	0	0	2	0	2
A3T021IZ1409ZH																				-2.0																						1.0	-2.0			-1.0							-2.0	-1.0																0	0	2	0	2
AC7VPTC0JQLWL		1.0		1.0		1.0				1.0				1.0		1.0	1.0			1.0		1.0	1.0	1.0				1.0	1.0		1.0																											1.0	1.0					1.0						0	0	2	0	2
A1G8EU5EICWIYN		-2.0			-2.0	-2.0	2.0		1.0	-2.0																																																												0	0	2	0	2
AT116456PANMW											2.0			-0.5				-1.0	0.0	-1.0			-1.0		1.0			1.0		0.0			-2.0			1.0	-1.0		1.0				-1.0				-2.0			-1.0	-1.0					-1.0														0	0	2	0	2
A13JINJ9A5MIKR	1.0																																																																					0	0	2	0	2
A3UWM3KJYEL5XU	1.0	0.0		1.0	1.0	-1.5			-1.0	-1.0																																																												0	0	2	0	2
A3NQBMDJO1T64F	-1.0			-1.0		-1.0	2.0																																																															0	0	2	0	2
A1O856QN2PL7VC					1.0																																																																	0	0	2	0	2
A3G3G7SCD88G1J	-1.0				2.0																																																																	0	0	2	0	2
A73ITJ4GZGQBI	-0.545454545455	0.0	1.33333333333	0.666666666667	2.0	1.0	2.0	-0.3	2.0	1.5	1.33333333333	-0.5	1.8	-1.0		2.0		2.0			2.0	-1.0							2.0		-2.0																														1.0						-1.0			0	0	2	0	2
A1S3PCOMZQ5QQQ	-1.0																																																																					0	0	2	0	2
A2DUJEW76T1J8Y									2.0																																																													0	0	2	0	2
A1DX8T0U3UTD0R		2.0					2.0																																																															0	0	2	0	2
A1G05E56YKEM10				-1.0																				1.0																																		1.0												0	0	2	0	2
A3F6SDO4GYBE4Y	-1.33333333333			1.0	-1.0	-0.33333333333299997			-1.0																																																													0	0	2	0	2
A20VG7NZ13S29U	1.0	-0.666666666667								1.0						-2.0																																																						0	0	2	0	2
A2KCG73A6QCNCW		-0.33333333333299997		0.1						1.0						1.0	0.0					1.5									-2.0																											1.0												0	0	2	0	2
ACXR9CVS59T23		-1.5		-1.42857142857		1.0				-2.0				-2.0		-1.0	-1.0			-2.0		1.0	-2.0					-1.0			-1.0																											1.0						1.0						0	0	2	0	2
A2EKR8RZJ75SR9	-1.0	2.0				1.0																																																																0	0	2	0	2
A13F9U9W6VCJLG	-1.0	1.0																																																																				0	0	2	0	2
A2RZNT7MFPG3MQ										1.0																																																												0	0	2	0	2
A1HE4A2XG9F9BF					1.0																																																																	0	0	2	0	2
A368N9ZE014STJ	1.0	1.0			2.0		1.0																																																															0	0	2	0	2
A3V2XCDF45VN9X	-1.33333333333	-2.0			2.0	-2.0	1.6666666666699999		2.0																																																													0	0	2	0	2
AMJAP6BGF5LVM	-1.0625	-1.3793103448299997	-0.666666666667	-0.33333333333299997	1.0	-1.57142857143				-0.833333333333																																																				-2.0							-2.0	0	0	2	0	2
A4ITJB4ISUQ9N						1.0																																																																0	0	2	0	2
A3FKV60NWC2EQ0	0.375	0.25	2.0	1.25	2.0	-1.0				0.0						-1.0																																																						0	0	2	0	2
A18TXM6GMU1411	-0.733333333333	-1.04166666667	0.0	-0.625		-1.33333333333	2.0			-0.5						-1.5	-1.5					2.0		-1.0				-2.0			2.0																															-2.0								0	0	2	0	2
A2T5TKB5P9UQSF		-1.0																																																																				0	0	2	0	2
A3RYH6OUH7BJ4Z	0.0	-1.8125	1.0	-2.0		-1.0				1.0																																																												0	0	2	0	2
A359L0HU2ATH6I	1.0	1.33333333333		2.0						-1.0																																																												0	0	2	0	2
A2FY1GL04ZI859	-1.5	-1.0			2.0	-1.0										-1.0																																																						0	0	2	0	2
A2VWG0L5JHOBWN	0.470588235294	1.0	0.95	0.0	0.33333333333299997		0.888888888889	0.0555555555556	1.33333333333		1.0	-0.666666666667	1.33333333333		0.0	-1.0	1.0				0.33333333333299997	1.0																																																0	0	2	0	2
A3JJXEVEPU8V9J	1.0	-1.0	1.0	-1.0	0.33333333333299997	-1.0	-0.5			-1.0						-1.0			1.0																																											-2.0	-1.0						-1.0	0	0	2	0	2
A3DM17YA8DE8R5	1.0																																																																					0	0	2	0	2
A38JGCZ8N68TGD		1.0	1.0																																																																			0	0	2	0	2
A2Y0SIZH81B265	1.0	-1.0		1.0																																																																		0	0	2	0	2
A1B9Y0HDINSM1H		-1.0		-1.0		-1.0																																																																0	0	2	0	2
A2IW3WDQCUOMWU														-1.0			-1.0		1.0	1.0				-1.0		0.0	0.0	1.0				-1.0			-1.0	-1.0	0.0	1.0		0.0			0.0		0.0	1.0		-1.0	-1.0		-2.0	-1.0	-2.0	-1.0	-2.0		-2.0			-1.0								1.0		0	0	2	0	2
AAOTQL1SCAC03	2.0	1.0	1.0							2.0																																																												0	0	2	0	2
A194E79BDFEZIU	-1.0	1.0					1.0																																																															0	0	2	0	2
A3QKXMXDEWMHGN		1.0			1.0				2.0																																																													0	0	2	0	2
A2LJAWY0LUIMN1	0.341463414634	0.08	0.166666666667	0.125	0.0	-0.272727272727	2.0			-0.4						1.0								-1.0				-1.0																																			-2.0							0	0	2	0	2
A36F8IGSCR2N5N	1.0	1.2	1.0	1.0		1.0				1.0																																																												0	0	2	0	2
AC5LU9TF9CTK9	0.0	-1.4		-1.5	0.0			-0.33333333333299997		-2.0					-2.0	-2.0						-1.0																																																0	0	2	0	2
AC25X12LNYY6Y		-1.0		-2.0						-2.0																																																												0	0	2	0	2
A2KPT0PEUEXCC4											1.33333333333			-2.0				1.0					-1.75							-0.5				-1.0	-2.0				1.0					-2.0			-2.0																			2.0				0	0	2	0	2
A2IYAOQ0BY5EYD	0.107142857143	-0.986486486486	-1.6	-1.0	-1.33333333333	-1.78571428571	0.0			-2.0						1.0			-2.0																																											-1.0								0	0	2	0	2
A2WG4UUY0J0YJQ		1.0																																																																				0	0	2	0	2
A1A2PYJ7XUSTM0							2.0			1.0																																																												0	0	2	0	2
AA8NS0HGQX7K7		-1.0																																																																				0	0	2	0	2
A37QW51L039KKQ	-2.0	-2.0				-2.0	0.0			-2.0																																																					-2.0							0	0	2	0	2
A3VIRYIGUMADFS	1.0		1.0			-2.0																																																																0	0	2	0	2
AO4ZHD0B9KUNE	-1.0	-1.5				-1.0																																																																0	0	2	0	2
A3O81LHBBI8NPK	-0.75	-1.45454545455	1.0	-1.33333333333		-2.0	2.0			-1.0	0.666666666667	-1.0		-1.63636363636		-2.0	-1.7142857142899999	-0.428571428571	-1.5	-0.166666666667		1.5	-1.4	0.4	-1.0	1.0	-0.4	0.75	-0.25	-1.25	0.33333333333299997	-1.5	0.5	1.33333333333	-2.0	0.33333333333299997	0.33333333333299997	-2.0	1.5	-1.0	1.5	2.0	-2.0	0.5	2.0	1.5	-1.5	-1.0	-1.0	-2.0	-1.0	-1.5	-1.5	-0.5	-1.5	-2.0	0.0	2.0	1.0	0.5	-1.0			-1.0	2.0	1.0	2.0			0	0	0	2	0
A1OGJ58N1MZVS6																										0.0		-2.0																																										0	0	2	0	2
A150Q29JQZOY3V		1.0		1.0		1.0																																																							1.0						1.0			0	0	2	0	2
A2BXU0KC2VAURK	2.0																																																																					0	0	2	0	2
A16CKTIFQYNGP6		-1.0																																																																				0	0	2	0	2
A25ZDX7L2NZ4X8	1.0	-0.33333333333299997	1.0	1.0		-2.0																																																																0	0	2	0	2
A1434R69YV3Y3I		-1.0																																																																				0	0	2	0	2
A1LZWU72K42V92	1.0	0.45454545454499995	1.0	1.0		0.5				-1.0				0.33333333333299997		-1.0	1.0	1.0	1.0	1.0				1.0	1.0	0.5	1.0	1.0	1.0			0.0		1.0	1.0	0.33333333333299997	1.0	1.0		0.0	0.0	1.0	1.0		0.0	1.0		0.0	-1.0	1.0	1.0	0.0	1.0	1.0	1.0	1.0	0.0			1.0	-1.0						-1.0	1.0		0	0	2	0	2
A11N2H7QSSS8VU	-2.0				1.5																																																																	0	0	2	0	2
A3TGXARHDRR7JQ		2.0	1.0													2.0																																																						0	0	2	0	2
A3FSI6EIB1M6YR	1.35	1.19230769231	1.8	1.33333333333		1.25	2.0			1.33333333333									2.0																																											1.0								0	0	2	0	2
AXMPSUNKUBEIL	-1.0		1.0		-2.0				-1.0				-2.0																																																									0	0	2	0	2
AL68OHYF5ADBV		1.0					1.0																																																															0	0	2	0	2
A3JFM7PRPF0G5H									2.0																																																													0	0	2	0	2
A2T5CROJ0FWIJY												1.0					-2.0			-1.0																									2.0																							2.0		0	0	2	0	2
A3QXS3HZUA974I	-1.0						1.0																																																															0	0	2	0	2
A35Z1QH3JQEZG6	-0.111111111111	-0.33333333333299997	-1.0	0.0	2.0	-0.6	1.5			0.0																																																												0	0	2	0	2
A218YWVR9N1H58						1.0																																																																0	0	2	0	2
A4J4GGMKJ68L0	-2.0		1.9111111111099996		-1.13333333333		0.88	0.636363636364	1.2380952381		2.0	2.0	1.63636363636		-0.7						-1.33333333333																																																	0	0	2	0	2
A11ZTQS8VDEJK0	1.0	1.0	2.0			-1.0																																																																0	0	2	0	2
AVXEDARJC5HLU		-1.0		-1.5		-1.0				-2.0							-1.0											-1.0																																										0	0	2	0	2
AW594VW6N2S3L							1.0																																																															0	0	2	0	2
A2U5NZGACGXW56	-0.33333333333299997				0.0	0.0			1.33333333333																																																													0	0	2	0	2
AVC62JNYAXA45				-1.0													-1.0					2.0																																																0	0	2	0	2
AMUTMRVKAYWUL	2.0	-0.4		1.0	2.0	1.0				-0.5																																																												0	0	2	0	2
A119DDDRWS9UI6	0.555555555556	-1.0	1.0	-1.0																																																										-2.0							-1.0	0	0	2	0	2
A1PJLZSOUQ4MIL												2.0		-0.33333333333299997			-2.0		-2.0	-1.0				-1.5	2.0	-0.666666666667	2.0	-1.0				-1.0		-1.0	-2.0	1.5	-2.0	1.0		-2.0	2.0		-1.0		2.0			1.0	1.0	0.5	-1.0	-2.0	-2.0	-2.0		-1.0	2.0											-1.0		0	0	2	0	2
A1KF05U5IO9AFG	-1.0	-1.07692307692	0.4	-1.22222222222		-1.0	-1.0			-1.0																																																												0	0	2	0	2
A2PNTNA248L5DW		-1.0																																																																				0	0	2	0	2
A2LFZPPWRA1JHH	0.33333333333299997	1.0			1.0		-1.0		1.0																																																													0	0	2	0	2
ARW9FUJEFKGD0	1.0																																																																					0	0	2	0	2
AS9E0S6DBSWH7	-1.0	-2.0																		-2.0							0.33333333333299997					-1.0			-2.0	-1.0				1.0		1.0	-2.0			-1.0		-2.0				-2.0			-2.0	-1.0	1.0													0	0	2	0	2
A14HW8I4RYHNC4	1.42857142857		2.0		2.0		2.0	1.33333333333	2.0		-2.0	1.33333333333	2.0		0.666666666667						2.0																																																	0	0	2	0	2
AR7DGMRC1N0AV	-0.2	-1.0	1.16666666667	0.294117647059	1.0	-1.0	1.25	1.05	0.4375	-0.33333333333299997	1.2	1.5	0.25	-1.0	1.5	-1.0	-1.0	-0.2	-1.0	-2.0	1.0	1.0	-1.16666666667	1.0				1.0	-2.0	-0.5	0.0		-1.0						1.0					-2.0			-1.0											-0.5	1.0					1.0	-1.0	2.0				0	0	2	0	2
A38EHOL0U2BTV0											0.33333333333299997							-1.0	-1.0	-1.0			-0.8			1.0	-1.0			-1.25		-1.0	-0.33333333333299997				-1.0		1.0			0.5	-1.0	0.0		-1.0	-1.0																		-1.0	-1.0				0	0	2	0	2
A98IRKK6GKERP		-2.0																																																																				0	0	2	0	2
A1F63RK1PMJS5Y		-1.6		-1.4		-1.25				-1.6666666666699999				2.0		-1.8	-1.33333333333			1.0		1.8	1.0	1.5				1.5	-0.666666666667		2.0																											2.0	2.0					2.0						0	0	2	0	2
AAXYYH9MI3PJM	0.9883720930230001	-0.991071428571	1.0	-1.8275862069	1.0	-1.07692307692	1.75			-1.94444444444				1.0		-1.75		2.0	-2.0			-1.0							-2.0		1.0																														1.0	-1.0	-1.0				-2.0		-1.0	0	0	2	0	2
A2ENYOW9BFZWZ8	1.29411764706		1.7368421052599998		0.111111111111		1.625	1.875	2.0		2.0	-1.0	1.6666666666699999		-0.14285714285700002						-1.0																																																	0	0	2	0	2
A32H4C4WPLE2L					0.0											1.0																																																						0	0	2	0	2
A1MHGD46DB5Z7H	-0.611111111111	-0.714285714286	0.33333333333299997	-1.0	2.0	0.0				-0.5						-2.0																																															-2.0							0	0	2	0	2
A2WPDVXKLZRD78		1.0																																																																				0	0	2	0	2
A1QR6I7UPY8XQJ		-2.0							1.0																																																													0	0	2	0	2
A3LCH040UQ4JLM		1.0																																																																				0	0	2	0	2
AF1QPWBGFOOA8	-1.0	-1.75			0.0		-1.5																																																															0	0	2	0	2
A3Q9PT0RP133GV	-1.0	1.0	-1.0																																																																			0	0	2	0	2
A3JGIPEXOZ0ZY6	2.0	-0.75		-2.0																																																																		0	0	2	0	2
A2S26VBZW2LB5B		-2.0								1.0																																																												0	0	2	0	2
A17DZP7SI14EA2	0.0	2.0	2.0	2.0																																																																		0	0	2	0	2
A1YKURJBPE81KR					1.0																																																																	0	0	2	0	2
AALHA10KJZX0O	1.0	1.0	1.0	1.0						1.0																																																												0	0	2	0	2
A25GWJDNTW3D48		-1.0							-2.0																																																													0	0	2	0	2
AIUKV0KVALMY6	2.0	2.0	2.0	2.0		2.0				2.0																							1.0																																					0	0	2	0	2
A7GC7HT9VLRZE		-2.0																																																																				0	0	2	0	2
A2RWYKSCTPWP1A									2.0																																																													0	0	2	0	2
A2OCP3UDPBH0ME	1.13333333333	0.45454545454499995	-0.75	1.0			1.5		2.0	1.0																																																												0	0	2	0	2
ACK6EXCD91X2					-1.0																																																																	0	0	2	0	2
A2SV243JDONKOA	1.0	0.0			1.0	1.0	1.0		1.0																																																													0	0	2	0	2
AP6FR5CEIV606				0.0		-2.0																																																																0	0	2	0	2
A186CM5SYWP10Y	0.5	-1.0		1.0																																																																		0	0	2	0	2
A1SE65F2EN67HH	-1.0		1.0		1.0			-1.0	2.0																																																													0	0	2	0	2
A2ML40J7NKUQ5D		-1.0		-1.0		-1.0				0.0				1.0		0.2		1.0				-1.0							-1.5		-1.0																												1.0		-1.0						1.0			0	0	2	0	2
A3SKQVTDNNK58B	0.0	-0.666666666667	2.0		1.0	0.33333333333299997	2.0																																																															0	0	2	0	2
AN1H7SQKQSWS3	1.78571428571	0.6	1.0	-1.0		-1.0				-1.0																																																												0	0	2	0	2
A2T8XWDGOGHMN4		1.0																																																																				0	0	2	0	2
A33OQJ5NRKXQU3						1.0																																																																0	0	2	0	2
A3HLCR4YCHJWBI	1.1212121212100001		1.40740740741		1.33333333333		1.7142857142899999	1.21739130435	0.928571428571		1.5	1.5	1.2		1.5						1.0																																																	0	0	2	0	2
A1CUTEZJIWM0UU	-0.9	-1.7	-0.46153846153800004	-1.8	1.16666666667	-1.5	1.4	1.25	1.16666666667	-1.6666666666699999	-0.166666666667	-2.0	1.25	-0.666666666667	0.0	-2.0	-1.0	1.0			-1.0	-1.0			1.0	1.0	1.0	1.0	0.0		1.0	-2.0			-2.0		-1.5			1.0	2.0							2.0					-1.0	-2.0				2.0			1.0						1.0			0	0	2	0	2
A3LI0O659I8GFX											2.0			1.0			-1.0								2.0								2.0						1.0					2.0							1.0						2.0									2.0				0	0	2	0	2
AST33WVZ5QC05	-1.375	-1.55555555556	-2.0	-1.25	1.0	-0.33333333333299997				-1.0																																																												0	0	2	0	2
A2ZU1P6UYE1UBU	2.0	0.375		0.0						-1.0																																																											-1.0	0	0	2	0	2
A32CMQGGTSUK6Z	1.9888888888900003	1.99090909091	1.94444444444	2.0	2.0	2.0	1.75			2.0				1.0		2.0			2.0					2.0		2.0	1.0	2.0				2.0	2.0			2.0	2.0			2.0	2.0							2.0	-1.0				1.0	1.0						2.0		2.0	1.0						2.0	0	0	2	0	2
AKOKJ8MD6ZY5E	1.0				2.0		1.0		2.0																																																													0	0	2	0	2
A3I5PTITGTFEBW		2.0				1.0																																																																0	0	2	0	2
A1KYU9K4XQFX5D		1.0			2.0											2.0																																																						0	0	2	0	2
A3UNA1HAW38K3Z					1.0				1.0																																																													0	0	2	0	2
A3I3QFIVJZ631		-2.0				-2.0	2.0																																																															0	0	2	0	2
A6VQAFNKCFVS7	-1.0	1.0																																																																				0	0	2	0	2
A340DZFTU1OSQQ	0.843137254902	-1.0	0.90243902439	-1.0	1.0	1.0	0.75	1.0	1.0		1.0	1.0	0.6	1.0	1.0		1.0	1.0	1.0	0.666666666667	1.0		1.0	1.0	1.0	1.0	1.0	1.0	-1.0	1.0		1.0	1.0	1.0	1.0	1.0	1.0	1.0	1.0	1.0	1.0	1.0	1.0	1.0	1.0	1.0	1.0	1.0	1.0	1.0	1.0	1.0	1.0	1.0	1.0	1.0	1.0		1.0	1.0					1.0	1.0		1.0		0	1	1	3	3
AVZ76FUE8VET9	0.666666666667	0.8	1.0		1.5	1.0	1.0			1.5																																																												0	0	2	0	2
A1I0W3CT6R2DMV											1.33333333333			-0.33333333333299997			-1.33333333333	1.33333333333	-0.666666666667	-1.5			-1.2	1.0	1.5		-0.5			-1.5			-1.0	-1.0	-2.0	-1.0	-1.0	1.0	1.0		1.5	1.0	-1.0	0.0		1.0	-0.5		1.0	1.0		-0.5	-2.0	1.0	-2.0	-1.0	1.0			1.0					2.0	2.0				0	0	2	0	2
A1Z0KWYFMFVJ3J				-2.0	0.5																																																																	0	0	2	0	2
A3G00Q5JV2BE5G	1.10714285714	0.4	1.97777777778	0.7	0.766666666667	-1.0	1.88	1.72727272727	2.0	-1.0	2.0	2.0	2.0	1.1	1.6	-0.2	0.125	2.0	0.33333333333299997	1.0	2.0	2.0	1.0	0.2	2.0	0.2	1.8	1.75	-0.666666666667	1.0	0.5	-0.33333333333299997	0.33333333333299997	-0.33333333333299997	0.0	1.5	2.0	1.0	2.0	2.0	2.0	2.0	-1.0	2.0	2.0	2.0	0.5	-1.0	1.5	1.0	1.5	0.0	-1.0	1.0	-1.0	1.0	2.0	2.0	2.0	1.0				1.0	2.0	2.0		2.0		0	1	1	3	3
A2OSXOVZ51O6E7						-2.0																																																																0	0	2	0	2
A3DA07L58SV6EH		2.0				2.0																																																																0	0	2	0	2
A7Z37A0OPT9HX							2.0		2.0																																																													0	0	2	0	2
A3EYP65V7ADYH6					1.0	1.0																																																																0	0	2	0	2
A7D960FUPSI75	1.0				1.0	1.0																																																																0	0	2	0	2
A3BMEVFSETVOUR	-1.6666666666699999	-2.0		-2.0	2.0	-1.0																																																																0	0	2	0	2
A2QQKVIN9R45N6	1.625	-0.6		-1.0	2.0	0.2	1.0		1.0	1.0																																																				-2.0								0	0	2	0	2
A35FSDITJLGRC7	2.0																																																																					0	0	2	0	2
ADDZC3QY00IEK	1.0	1.6666666666699999			1.0	1.0	1.0																																																															0	0	2	0	2
A24A5JN2NMRESK					1.0				2.0																																																													0	0	2	0	2
AQL98174U37EF	1.0					-2.0																																																																0	0	2	0	2
A1ANSYNB40OKHX	1.5	-0.5	2.0			-1.0																																																																0	0	2	0	2
A1R4DA1TBLPM96									1.0	1.0																																																												0	0	2	0	2
A70L26UXLTGLC					1.0																																																																	0	0	2	0	2
A1421I54656YSD		-1.0										-2.0		-2.0			-2.0		-1.0	-2.0				2.0	-2.0	-0.666666666667	-2.0	1.0				-2.0	-2.0	-2.0		1.5	-2.0	-2.0			1.5	2.0	-2.0		2.0				-2.0	-2.0	-2.0		-2.0	1.0	-2.0	-1.0	1.0			1.0								1.0		0	0	2	0	2
A2OS0VCSQLU3HE	-2.0	-1.5			0.833333333333	-1.6666666666699999	1.0		1.0							-1.0																																																						0	0	2	0	2
A2Y8UVZ5AGXE6C	1.0	1.0																																																																				0	0	2	0	2
A3F85GUETBBT8C		-1.0																																																																				0	0	2	0	2
A2W8PRUWAN6KVP	-0.6	-1.8333333333300001		-1.6666666666699999			1.0			-1.0																																																												0	0	2	0	2
A2O4BMT4182ER5		0.0				1.0				1.0																																																												0	0	2	0	2
A2FW5R5L3JTW9A						-1.0																																																																0	0	2	0	2
A16G716K9428HM	2.0																																																																					0	0	2	0	2
A1Z7WT01G55LDC																															-1.0																																							0	0	2	0	2
A1C0KXCNGQ1PMR	-0.5	1.0			-0.33333333333299997	-1.0			1.0																																																													0	0	2	0	2
A1XLSHGIE8DRF0	0.33333333333299997	1.0			1.0		0.5																																																															0	0	2	0	2
A3GK90X2QOFR53	-0.918367346939		0.888888888889		-0.272727272727		0.909090909091	0.52	1.0		0.25	-0.785714285714	0.666666666667	0.0	0.428571428571		0.5		-1.0	-1.5	-0.5			-1.0	1.0	-1.0	0.5					-2.0		-1.0	-2.0	-1.0	-1.0	-2.0		-1.0	1.0		-1.0		1.0	1.0		-1.0	-1.0	-1.0	-1.0	-2.0		-1.0	-1.0	-2.0	1.0			1.0								1.0		0	0	0	1	1
A56E6Z0KH4WGZ	0.7	-1.2		-0.5	1.0	-1.0	2.0			1.0																																																												0	0	2	0	2
A3KCUB6P3IE8NL		-2.0		0.33333333333299997										1.0			1.0					1.33333333333			0.0		2.0								-1.0			1.0										-1.0	-2.0				-2.0				-2.0													0	0	2	0	2
AD8ZUKPJT9E6			1.0					-1.0																																																														0	0	2	0	2
AL49DDQNUF01M	-0.933333333333	-1.67692307692	-0.222222222222	-1.8571428571400002	0.666666666667	-1.72222222222	-0.5		2.0	-1.8571428571400002						1.0			2.0																																											-2.0								0	0	2	0	2
A2JZQHB8N6LS7T			-1.0																																																																			0	0	2	0	2
A1845VY68OGOOM	1.0			1.0																																																																		0	0	2	0	2
A1GXPNXDLMT0QB											1.33333333333							0.0	1.0				-1.6							-1.5			-1.6666666666699999	-2.0	-2.0		-2.0	-1.0	2.0			1.0		0.0			1.0													-2.0						2.0				0	0	2	0	2
AIYGT8I9PZ9CC						-1.0																																																																0	0	2	0	2
AJ55TUGSGBZNU	2.0				2.0				2.0							1.0																																																						0	0	2	0	2
A2GZ3CR4Z02IA4	2.0	1.2		2.0	1.75	2.0	2.0		2.0																																																													0	0	2	0	2
A29VL3MZE7YPBZ	1.0	-2.0		-2.0		-2.0				-2.0	-2.0			-2.0		-2.0	-2.0	-2.0	-2.0	-2.0		-2.0	-2.0			-2.0		-2.0	-2.0	-2.0	-2.0		-2.0		-2.0	-2.0			-2.0		-2.0			-2.0			-2.0	-2.0	-2.0				-2.0	-2.0	-2.0			-2.0		-2.0	-2.0			-2.0	-2.0	-2.0	-2.0			0	0	0	2	0
A335YICZ3FDA9J	1.8181818181799998	-1.94736842105	2.0	1.0	1.0	-2.0				-1.0																																																												0	0	2	0	2
A3VID10OBZ6FUG		-1.0		1.0										1.0															-1.0																																						-2.0			0	0	2	0	2
A38OOGMA0M6KFC									-2.0																																																													0	0	2	0	2
A2SG52VOQKJL2P	1.0		1.0				2.0	-1.0	1.0																																																													0	0	2	0	2
A3VPLI0RYL3Y3O		-1.0			2.0		2.0																																																															0	0	2	0	2
A1CD4W0F9NGGLK						2.0																																																																0	0	2	0	2
A18WRW8BXFJT7U																																											-1.0																											0	0	2	0	2
A3GM27YVNOYZIW	-1.0	0.14285714285700002														-2.0																																																						0	0	2	0	2
A3HNZ3N2UHONVN								-1.0																																																														0	0	2	0	2
A2RXN5IRWSKIBX										1.0																																																												0	0	2	0	2
A37TAB2GX3SFFO	0.33333333333299997	-0.5		-1.5						-1.0																																																												0	0	2	0	2
A3IQ6IQ28UDT6Z									-2.0																																																													0	0	2	0	2
AHGFPIXGXJ0AQ	2.0				2.0																																																																	0	0	2	0	2
AEKXI4RVWHFIU					1.0																																																																	0	0	2	0	2
A2KD1OZMH8ERI7	-0.2		2.0		2.0		1.8	0.75	1.8571428571400002		2.0	2.0	2.0								2.0																																																	0	0	2	0	2
AOV4U0YLQ2L4X						1.0																																																																0	0	2	0	2
A3UMKT8RU5J7DJ	0.666666666667	-1.0	-1.0							1.0																																																												0	0	2	0	2
A24O6UEHBOEYLE	-1.0	-1.8333333333300001			0.5	-1.5	-0.2		-0.666666666667																																																													0	0	2	0	2
A6IVYRP8FAIS	0.963636363636	-1.171875	1.14285714286	-0.785714285714	0.5	-0.888888888889	2.0			0.538461538462						-1.0			1.0																																																			0	0	2	0	2
ANMGOZ451W9ZN	-1.0	-1.0			1.25	-1.0			1.0																																																													0	0	2	0	2
A2D0XTJ0PI40QY																			2.0															1.0															1.0							2.0	-2.0													0	0	2	0	2
AK46ZNEC6R89C	0.0	0.666666666667				-1.0																																																															1.0	0	0	2	0	2
A3C7SA7ADVLG3W	0.428571428571	0.545454545455	1.0	0.444444444444	-2.0	1.44444444444	2.0			1.125																																																				-2.0	1.0						1.0	0	0	2	0	2
ATF6B3JPSDHBV		1.0		-1.0			-1.0		2.0																																																													0	0	2	0	2
A2DWQF4ZHHBLOW	0.8181818181820001	1.07692307692	-1.0	0.0		2.0				0.0		-1.0		0.33333333333299997		2.0	-1.5			-1.0		0.666666666667			1.0	0.0								1.0		1.0		-1.0								2.0		1.0			1.0		-1.0	-1.0			-1.0											-1.0		0	0	2	0	2
AL3UGBNTPA0I7		-1.0		-1.0																-2.0									-2.0																																									0	0	2	0	2
A3NCABZJ3X7HT3		-2.0																																																																				0	0	2	0	2
A367LM2QEQRPPB		-2.0		-2.0			1.0																																																															0	0	2	0	2
A1BQEQF6HBD4OZ		-1.0	-2.0																																																																			0	0	2	0	2
A198SS8SV0LWKB																															-2.0																												-1.0											0	0	2	0	2
A1K9WP8Q74E9G2	2.0	1.0			2.0	2.0			2.0																																																													0	0	2	0	2
A26RDF1I330AC8					2.0																																																																	0	0	2	0	2
A2X19WQ6ZDDVY4	-1.14285714286	-1.0			1.5	-2.0			1.6666666666699999							-1.0																																																						0	0	2	0	2
A2BFGW39G2ZPTV		1.0																																																																				0	0	2	0	2
ALGL826MO4BKZ	1.0	0.8823529411759999	-1.6666666666699999			-0.6	2.0			-0.6																																																												0	0	2	0	2
A1RL8TKX352T7I		-1.0																																																																				0	0	2	0	2
A112T91FTSCI48						-2.0																																																																0	0	2	0	2
A3AJR1PM02424Y	1.0666666666700002	1.52631578947	-1.75		2.0	2.0	2.0			1.75									-1.0																																																			0	0	2	0	2
A1TH8X83SGT5ZE	-0.111111111111	-1.0	2.0	-1.4	1.52941176471	-1.5	1.9	0.7	1.8	-1.0	2.0	2.0	2.0	1.0	0.25	1.0					1.6666666666699999										-2.0																														-1.0						1.0			0	0	2	0	2
A1VF3WAZ8YS8K2				1.0																																																																		0	0	2	0	2
AP1C3ZE41AMH1	-0.833333333333	-0.46153846153800004		-1.0	2.0	-1.5	0.0		0.0	-1.6																																																												0	0	2	0	2
ALH8XXHIKG4UA									-1.0																																																													0	0	2	0	2
A2F79GFUWU5O96	0.4	-0.2		1.0	1.8571428571400002	0.0			2.0	-1.0																																																					-2.0							0	0	2	0	2
AZYL4DXPS3AK4	-2.0	-2.0		-2.0		-1.0																																																																0	0	2	0	2
A1BI7SPDU7FS1X	0.2	0.0	-1.0							0.0																																																												0	0	2	0	2
AJO2133L1DS31		-2.0							1.0																																																													0	0	2	0	2
A36MWKJ63ZPN4C						1.0																																																																0	0	2	0	2
A391YPR0NFTCLK	-2.0	-2.0		-2.0	2.0																																																																	0	0	2	0	2
A1YG4ZN78HHICE		1.0																																																																				0	0	2	0	2
A1BY04BWSZTFGX																2.0																																																						0	0	2	0	2
A3E4ZJU8TC8VYO	1.0																																																																					0	0	2	0	2
A3DJSZ7KSUZRV0		-1.0		-0.714285714286		-1.0				-1.0						-1.0	-1.0			-1.0		-1.0	-1.0	-1.0					-1.0		-1.0																											1.0	-1.0											0	0	2	0	2
AN7F24ZJB2C37	0.6	-1.5		-0.5																																																																		0	0	2	0	2
A1QD0XE25CXJ2A		-2.0		-2.0		0.0				-2.0				-2.0		-2.0	-2.0					-2.0	-2.0	-2.0							-2.0																																	-2.0						0	0	2	0	2
A1CGUFW3R6M234	1.9655172413799997	2.0	1.8	2.0	2.0	2.0	2.0			2.0						2.0																																														2.0	2.0							0	0	2	0	2
A1IAK1JCYVR3R5	1.5	0.75				0.33333333333299997	2.0												2.0																																																			0	0	2	0	2
A3AL0913KO5WU1		1.0			1.0				1.0																																																													0	0	2	0	2
AVX3SWFMBEPMZ	-1.01818181818		1.3023255814		0.06666666666669999		1.75	0.6875	1.8636363636400002		1.4	1.3846153846200002	1.3		-0.1						0.666666666667																																																	0	0	2	0	2
A2EP6C76U8PHMY	1.0	1.0			1.5		2.0		2.0																																																													0	0	2	0	2
A1KX496A3GINRN	1.05555555556	-0.586206896552	2.0	-0.666666666667	2.0	-0.75	2.0			-0.666666666667						-2.0																																															-1.0							0	0	2	0	2
A2TF8IP4PM7KAO	0.0	-1.15384615385	-2.0	-1.42857142857		-1.0				-1.0						-2.0	-2.0					2.0																																																0	0	2	0	2
A25ZADCJI3D5AF	1.0	2.0		2.0																																																																		0	0	2	0	2
A3OMEJL7W7SRCU	1.5	1.0			2.0	-1.0			1.5																																																													0	0	2	0	2
A240ZZK5NVX3Z5		-0.33333333333299997			1.0	-2.0	2.0		-1.0	1.0																																																												0	0	2	0	2
A29JDEHW192FQY	0.4	0.75								1.0																																																												0	0	2	0	2
A1TUTMKS3EDJMJ		-1.0																																																																				0	0	2	0	2
A12TIM3OYMOVWT	0.666666666667	-2.0																																																																				0	0	2	0	2
A24WQPX0B1A05J	-0.4	-0.35294117647100004	-1.0	-0.33333333333299997	-1.0	-1.0	2.0			-1.0						-1.0																																																						0	0	2	0	2
A63759KWVJ94F	2.0	1.125	0.0		2.0					-2.0																																																												0	0	2	0	2
A1815O0GXEZUC						-2.0																																																																0	0	2	0	2
A25FURVQSRD3BH		-1.0		1.0						-1.0																																																												0	0	2	0	2
A3OQAXU3STYCI9	-0.08		1.48148148148		2.0		1.93333333333	1.85	2.0		2.0	1.6666666666699999	2.0		2.0						2.0																																																	0	0	2	0	2
A2QQFGD7K7AHK8											2.0			1.0				-1.0	-1.5				-0.25					1.0		-2.0			-1.0						1.0					2.0			-1.0					1.0		1.0						-1.0					1.0	2.0				0	0	2	0	2
A1GZXAJPSLK81K		2.0			2.0	-1.0																																																																0	0	2	0	2
A1159C6RKPZURE	2.0	1.0								2.0																																																												0	0	2	0	2
A3DUF8CP7ZMVAL					2.0																																																																	0	0	2	0	2
A2AQMDKQTAYMVS												1.0		-1.4			-2.0		-2.0	-1.0				0.33333333333299997	-1.75	1.5	0.0					1.0		-2.0	-2.0	1.0	-2.0	-1.0		1.0	-1.5	1.0	-2.0		1.0	1.0		-2.0	-1.0	-1.5	-1.0	-2.0	-2.0	-1.0		-1.0	-1.0			0.0										0	0	2	0	2
A31FLXZMDXZTB2	-0.5	-0.888888888889			2.0	-1.6666666666699999				1.0																																																					-2.0							0	0	2	0	2
AZGV0WGL7XMX7				1.0													-1.0					2.0																																																0	0	2	0	2
A159KOV1KTDC96		-2.0																																																																				0	0	2	0	2
A2R2L2GA314OEI																									1.0		-1.0																								-1.0	-2.0																		0	0	2	0	2
A3G0T5Y7OSC76S		-1.11111111111		-1.6666666666699999		-2.0				-2.0	-2.0	-2.0		-1.8333333333300001		-2.0	-2.0	-1.6666666666699999	-2.0	-1.75		-0.8		-2.0	-1.2	-2.0	-2.0	-2.0	-2.0	-2.0	-1.0	-2.0		-2.0	-2.0	-2.0	-1.6666666666699999	-2.0	-2.0	-2.0	-1.5		-2.0	-2.0	-1.0			-2.0	-2.0	-2.0	-2.0	-2.0	-2.0	-2.0	-2.0		-2.0			-2.0	-1.0						1.0			0	0	0	2	0
A1IA4CST74I1Q8	-1.44642857143		0.928571428571		-1.53333333333		1.33333333333	-0.121212121212	1.8095238095200001		1.7	1.35714285714	0.0		-0.1						-1.5																																																	0	0	2	0	2
A20NZW7XGZNOCC	1.8	0.8	1.0	-1.0	1.0	-0.5	2.0			-1.57142857143																																																												0	0	2	0	2
A36VA1TSX3RYED		-2.0		-1.6666666666699999												-2.0	-2.0					1.0																																																0	0	2	0	2
AHAGAJVAB6HNM		-2.0																																																																				0	0	2	0	2
A1IC7ELNKUWYC3		-1.0					1.0		2.0	2.0																																																												0	0	2	0	2
A30LWF91IUAVSO																												-2.0																																										0	0	2	0	2
A2BWKYSDNXDFI5		-1.0																																																																				0	0	2	0	2
A2AITWAK7G1OLP	1.0				2.0																																																																	0	0	2	0	2
A2SMPFCZDRQG0R	0.5	0.428571428571	1.0	1.0	0.33333333333299997	1.0	2.0		-0.5	-1.0																																																												0	0	2	0	2
A34DWBBWZRLO1X		-1.0		-1.0		-1.0				0.0																																																												0	0	2	0	2
A1F4D2PZ7NNWTL	1.33333333333	-0.692307692308	-1.0	1.0	1.8333333333300001	-0.5			2.0	1.0																																																					-2.0							0	0	2	0	2
AIQB7XXL5K2FR		0.5									2.0							1.0	-1.6666666666699999				-1.0							-1.75			-1.0						2.0					0.5			0.0																		1.0	2.0				0	0	2	0	2
AOU08YOV10IRX		-1.0																																																																				0	0	2	0	2
A2551EKB87S2XY		1.0			1.0	-2.0																																																																0	0	2	0	2
A2X8A8XLAEYSK4	1.5	-0.2	2.0	1.0		-1.0																																																																0	0	2	0	2
A1FKCYWMD3HCXU	-2.0																																																																					0	0	2	0	2
A1OY40VC86UZZ5	-2.0	1.0												1.0		-1.0																																																						0	0	2	0	2
A2WLBR9LYCTC12						1.0																																																																0	0	2	0	2
A1UDTHEPV5TL92	-2.0	-2.0				-2.0																																																																0	0	2	0	2
ABXFTRP10MC0S	-1.0	-1.0	-1.5	-1.0		-2.0	2.0			-1.5						1.0																																																						0	0	2	0	2
A13E3C65NKK51I		1.0																																																																				0	0	2	0	2
A4AHASOXY9MN4					1.0																																																																	0	0	2	0	2
A1JT53BJT9J5HU	-1.75	-1.0	-2.0																																																																			0	0	2	0	2
A33JRE50HWXHAY					-2.0	2.0	2.0																																																															0	0	2	0	2
AOCDIMPHNZGEV	1.0	1.0							2.0																																																													0	0	2	0	2
ASM8PAQ1XUAA5		1.0																																																																				0	0	2	0	2
A1DSL2NUBKWU7B		-1.0																																																																				0	0	2	0	2
A1PVTLZ5V590EP	-1.0	-1.0		-1.0		-2.0																																																																0	0	2	0	2
AZJEGHE4605S5	-2.0			-2.0																																																																		0	0	2	0	2
A1M1R3C19TYAOP	1.33333333333																																																																					0	0	2	0	2
A3AW9QPTU7BL2W					1.0																																																																	0	0	2	0	2
A1C57DJF1HCR3Q	-0.75		0.33333333333299997		-1.5			-1.0	1.5																																																													0	0	2	0	2
AHPOH7GFQK14J		1.8571428571400002		1.4		1.5				1.0				1.0		1.6666666666699999		2.0											2.0		2.0																														2.0						2.0			0	0	2	0	2
A24VPMHXH3VPAW		2.0			2.0																																																																	0	0	2	0	2
A21JBDWPZGANFE					1.0	-2.0			2.0							-1.0																																																						0	0	2	0	2
A1TM1ZFU4OIPTD	1.0	1.0																																																																				0	0	2	0	2
A1U43ACI9M84MZ	-0.217391304348	-0.76	0.33333333333299997	-0.6		-0.33333333333299997				-1.0																																																												0	0	2	0	2
A2D2QC99X4UZSK	1.125	1.0	2.0	1.0	1.0				-1.0	2.0																																																												0	0	2	0	2
ADJ9I7ZBFYFH7	1.8636363636400002	1.0	1.0714285714299998	2.0	1.5	1.0	1.6666666666699999	1.5	2.0		1.875	1.25	2.0		-0.666666666667			-0.6	-2.0		2.0		-2.0							0.0			-2.0						2.0					2.0			-2.0												-2.0							2.0				0	0	2	0	2
A3AFXPGOHL9D23	-0.5	0.0				-1.0																																																																0	0	2	0	2
A1IMBSK5CIM2ZI									1.0																																																													0	0	2	0	2
ABLZNI7FQSH4J	-0.714285714286	-2.0		-2.0	0.6	-2.0	1.2		1.33333333333																																																													0	0	2	0	2
ALEJV7D94ZLHF														1.0			1.0		1.0	-1.0				1.33333333333		1.25	0.75	2.0				-1.0		-2.0	-1.0	0.0		-1.0		1.0	2.0	0.5			1.5			0.0	1.5	1.0		-1.0	-2.0	1.0	-2.0	1.0	-1.0			1.0								2.0		0	0	2	0	2
AFIV8M5OL2W5E		2.0																																																																				0	0	2	0	2
A2Y3KZTEYVI4PV																2.0																																																						0	0	2	0	2
A3AROFXSS8WLSY		-1.0		1.0																																																																		0	0	2	0	2
A4SC8G0149GEG	1.5384615384600002	-1.0	1.92307692308		1.8333333333300001		1.72727272727	1.5833333333300001	2.0		2.0	2.0	2.0		2.0						1.0			2.0					1.0																																									0	0	2	0	2
A2XFO0X6RCS98M		-1.0								1.0																																																2.0												0	0	2	0	2
A1TEQTP52NS7D1		-1.0		-1.0						-1.0																																																	1.0											0	0	2	0	2
A27PVIL93ZMY46		-1.0		-1.0		-1.0				-1.0		-2.0		-0.8		-1.0	-1.0		-1.33333333333	-1.0		0.6	-1.0	-0.2	-0.2	0.25	0.4	0.5	-1.33333333333		-1.0	-0.5		-0.33333333333299997	-1.6666666666699999	0.33333333333299997	-1.0	-1.0		-1.0	1.0	1.0	-1.0		0.0	1.0		-2.0	-1.0	-1.0	-1.0	-1.5	-2.0	-1.0	-1.5	-1.5	-1.0	1.0	0.0	1.0				-1.0				1.0		0	0	0	2	0
A1C4H7A7447AEI	0.0	-0.33333333333299997	1.0	1.0	2.0	0.5				-2.0																																																												0	0	2	0	2
ARVMCHRSH8NEQ	-0.5				1.0	-2.0	-1.0		2.0																																																													0	0	2	0	2
A4PA5EW33W7J4	2.0	-1.0			2.0	-1.0			1.0																																																													0	0	2	0	2
A4W9APAHFWVLO				1.0																																																							2.0											0	0	2	0	2
AOHR3NW1NV23F		-1.0			2.0																																																																	0	0	2	0	2
A1LJKHC0NH9TIX	-0.153846153846	0.111111111111	-0.181818181818	-0.166666666667	-0.33333333333299997	-2.0	-0.545454545455	-1.8571428571400002	0.33333333333299997	-2.0	1.0	0.0	0.0	-1.0	0.75	-2.0		-1.0			-1.5	-1.0							-2.0		-1.0																														1.0						-2.0			0	0	2	0	2
AS23BWDISTI4E	-0.33333333333299997	-1.0			1.0	-1.0			1.0																																																													0	0	2	0	2
A3LEI24UWMMHSR		-1.0																																																																				0	0	2	0	2
A3O9E7SFME6EHN	-0.375		0.714285714286		-1.0		1.0	0.0	1.0		-2.0	1.0	1.0		1.0																																																							0	0	2	0	2
A1WR2AKX164FZO														-0.5			-2.0		-1.0	-1.33333333333					1.5	-2.0	0.0					-1.0		-1.0	1.0	1.0	2.0	-1.0				-1.0				1.0		-1.0		0.0			-2.0		-2.0	-2.0														0	0	2	0	2
A1OCWWYC76OIK0	1.0	-2.0		2.0			2.0																																																															0	0	2	0	2
A8QNPF8ASC5VC	-0.833333333333	-2.0	0.0	-1.0	1.0			0.33333333333299997	1.33333333333		1.0	1.0	1.0			-2.0	-2.0					0.5																																																0	0	2	0	2
AARPPFH68G5GP		-1.0								1.0																																																												0	0	2	0	2
A5IG6AWG6W638		-2.0																																																																				0	0	2	0	2
AC5CK3ZW56D59		1.0														1.0																																																						0	0	2	0	2
A1RUUT6L07VW6P	-1.0	-1.0	-1.0	-1.0		-1.0				-1.0																																																											-1.0	0	0	2	0	2
A2AO7QP5THYKQF										-1.0																																																												0	0	2	0	2
A29S7QM3PRRO21					1.0				2.0																																																													0	0	2	0	2
A294UCHXS5Z86L	1.0																																																																					0	0	2	0	2
A2YTOX7SEDJ1TC	0.8571428571430001	-1.7674418604700002	0.5	0.166666666667		-2.0	0.0			0.75																																																				-2.0							-2.0	0	0	2	0	2
A1XUZFDVKP95VC																									1.0										-2.0	-1.5							-2.0						-2.0			-2.0				-2.0														0	0	2	0	2
A25CQ3TJGQ7PTC		2.0																																																																				0	0	2	0	2
A193ZD3ZQRDBFP																1.0																																																						0	0	2	0	2
A2R8KW72KGKQ17					-1.0																																																																	0	0	2	0	2
A1V4H8TUGZLWRD		-1.0		-1.0																																																																		0	0	2	0	2
A1TS2SKXPX7ZED	0.75	-0.958333333333	1.5	0.0	2.0	-0.833333333333	0.0			0.5						-1.0																																															-1.0							0	0	2	0	2
AD1DGG7ZDRAIT	1.0	0.846153846154	1.0	1.0		1.0				1.0																																																												0	0	2	0	2
A3MZ9RQJX9T656																											1.0		-1.0																																									0	0	2	0	2
A28CYFT2PBVI6S		1.0																																																																				0	0	2	0	2
A22SZHZTF72TRM		1.0																																																																				0	0	2	0	2
A341LHR7178BUY				1.0																		1.0																																																0	0	2	0	2
A5XO1NRCM40SG					-1.0																																																																	0	0	2	0	2
A1XAOEDK0Y2KBT	2.0	2.0	1.0	1.5	0.666666666667		2.0	2.0	1.0		2.0	2.0			2.0																																																							0	0	2	0	2
A2RRU9WGFBPA3J		-1.0		-1.0		0.0								-1.0		1.0							-1.0																																															0	0	2	0	2
A12928IRL5PXSB		-2.0		-1.0																																																																		0	0	2	0	2
AE837QZ9XU1UQ	1.5	1.55555555556	2.0	1.5	2.0	2.0	2.0			1.0																																																												0	0	2	0	2
A2ILH54I3ZGRW4				-1.0						-2.0													2.0	-1.0				-1.0																														2.0	1.0											0	0	2	0	2
A2VZHXY8UNLI8B	0.0	-1.4			1.16666666667	-2.0			2.0																																																													0	0	2	0	2
ADVIE0ZHLWDDH																																1.5						1.0																																0	0	2	0	2
A2D7V7Z3CXS51V		-2.0			2.0	-1.5										-1.0																																																						0	0	2	0	2
AW8QXCBXBEAZ6	-2.0	0.0																																																																				0	0	2	0	2
A11G4DVYTN8H14		-1.0																																																																				0	0	2	0	2
A30Y20H2AACUC9	-1.0						2.0																																																															0	0	2	0	2
ARJCTIBIT3OJ8	-1.13636363636		1.52941176471		0.846153846154		1.6666666666699999	0.33333333333299997	1.5		1.8	1.6	1.75		0.25						0.0																																																	0	0	2	0	2
A2BLIB4GCCK3J5	-0.39622641509400003	-1.44444444444	0.538461538462	-0.5	-0.6	-1.6666666666699999	0.2	0.148148148148	1.1	0.2	1.375	0.583333333333	0.7272727272730001	-1.5	-0.7	-1.75	-1.5	-1.0			0.0	1.0							-2.0		-1.0																														-1.0						1.0			0	0	2	0	2
A1VS2PFZRWWPO3	0.538461538462	0.636363636364	0.2	0.5	1.5	0.4	1.0			0.5																																																												0	0	2	0	2
A1BXTQCZADJI4V		-1.0																																																																				0	0	2	0	2
A333MN4UA8ZLPA		-2.0																																																																				0	0	2	0	2
A21067N8V2SXXU			1.0																																																											2.0								0	0	2	0	2
A13NWVA358VG8L		-1.0				-1.0																																																																0	0	2	0	2
A2S96ZZ70YFPSK	1.57142857143	1.6	2.0	2.0	1.0	1.0	1.0		1.6666666666699999	1.33333333333				1.625			0.0		1.33333333333	1.5				1.0	1.8	1.6666666666699999	2.0	2.0				1.0			0.0	2.0	1.0	2.0		1.0	2.0	1.5	1.5		2.0	1.5				1.0	1.0		0.0	1.0	0.0	1.0	1.0			1.0		1.0						2.0	1.0	0	0	2	0	2
A3JMW8FYE9LJIV	1.2	-1.6	1.0	-1.0		-2.0	1.0		2.0	-1.0																																																												0	0	2	0	2
A21S5KBNLY5YZB		-2.0	2.0																																																																			0	0	2	0	2
A2I2YRPU8ZFDFK	1.9090909090900001	1.4375	1.6666666666699999	1.5		2.0				2.0																																																												0	0	2	0	2
AKLV0WIZZ356X	0.9821428571430001	1.0	1.86666666667	1.0	1.0666666666700002	-1.0	1.88	1.06060606061	2.0	-1.0	1.9	1.78571428571	2.0		1.2	1.0	1.0				2.0	1.0	1.0	-1.0				2.0	2.0																													2.0												0	0	2	0	2
A1EWHEV37216YU		0.0																																																																				0	0	2	0	2
AOEGNU6G10Y6W	1.0																																																																					0	0	2	0	2
AOPZSU77ONJXS		0.0																																																																				0	0	2	0	2
A2YAVVI4XM9ZHB	1.5	0.0			1.6666666666699999	-1.0			-1.0							-1.0																																																						0	0	2	0	2
A3LNKXG5P4C83A				2.0																																																																		0	0	2	0	2
A2E72ZI1VESTMR	-1.0	-1.0	-2.0	-1.0		-1.0				-1.0									-1.0																																																			0	0	2	0	2
A3GWV2AEZ1Y6DF	-1.0	0.0																																																																				0	0	2	0	2
A1CO67KW9NQ5NV	0.894736842105	-0.358490566038	0.75	0.363636363636	2.0	0.0				0.33333333333299997									1.0																																												-1.0						-1.0	0	0	2	0	2
A2QYUYX8EC24F8	1.0																																																																					0	0	2	0	2
A2AT0G92TP7HCG		-2.0																																																																				0	0	2	0	2
A2PGZ0W1LUKB0J		1.0																																																																				0	0	2	0	2
A1ZDQYGN778RQ7		-2.0			1.0				1.0																																																													0	0	2	0	2
A1QRRGJSVGSXRC	0.0	-1.0			0.666666666667	1.0										-1.0																																																						0	0	2	0	2
A1U3KTAUMV7QKT	0.0416666666667	0.115384615385	1.0	0.428571428571	1.625	0.4	1.5		1.5	2.0																																																												0	0	2	0	2
AHXWX666GANH1	2.0	2.0		2.0																																																																		0	0	2	0	2
AVII5WIKWUWTK	1.125	1.22222222222	0.5							0.33333333333299997																																																											-1.0	0	0	2	0	2
A19R3D03IAUCLU	2.0						2.0																																																															0	0	2	0	2
A1V9Y58SJKUJWS	2.0	-1.0								-1.0																																																												0	0	2	0	2
A29374NDYXSCWB														-2.0										-2.0										-1.0																																				0	0	2	0	2
A3N6JLEAMOBJU9	-1.0	2.0					1.0																																																															0	0	2	0	2
A3GXBXAFN2VV35	1.0	-1.25	-1.0	-2.0		-2.0																																																																0	0	2	0	2
A3D87TYT1EMC5B	-1.0				2.0		2.0																																																															0	0	2	0	2
A2QJGPYZZ1DTIP		1.0			-1.0	-1.0																																																																0	0	2	0	2
A1T8EFHGSEE3RD			-2.0													1.5	1.0																																																					0	0	2	0	2
A1LX3YP9PCKI72	0.33333333333299997	0.375	2.0	-2.0		-0.666666666667								2.0		2.0	-2.0												1.0																													2.0	-2.0					2.0						0	0	2	0	2
A9QYAH5BONH1W	-1.3508771929799999	-0.933333333333	-1.62222222222	-1.51851851852	-1.4642857142899999	-1.0	0.611111111111	-1.8695652173900001	-1.5	-0.714285714286	-0.933333333333	-1.86666666667	-1.4	-1.36363636364	-1.33333333333	-1.75	-1.57142857143	-2.0	-1.6666666666699999	-1.6666666666699999	-1.5	-2.0	-1.16666666667	-1.6	2.0	-0.75	2.0	-1.75	-2.0	-0.25	-1.6666666666699999	-1.0	0.33333333333299997	-1.6666666666699999	-1.0	-2.0	-0.33333333333299997	-2.0	0.0	-2.0	1.5	0.0	0.0	-0.5	1.5	2.0	-2.0	2.0	-2.0	-2.0	-2.0	-1.0	-2.0	-2.0	-2.0	-2.0	-2.0	-1.5	-1.5	-1.5	-2.0			-1.0	2.0	-2.0	-2.0	-1.0		0	0	0	2	0
A36MTY8RSWBZU7														-0.666666666667			1.0		0.0	-1.0				2.0	2.0		2.0					1.0		-1.0			-2.0	2.0					-1.0		2.0	1.0				1.0					-2.0															0	0	2	0	2
A3LL7GWVECNK4V														-1.5			-2.0		1.0	-1.0				1.0	1.0	2.0	2.0	2.0				-1.0				2.0	-1.0				1.0				1.0				-1.0	-1.0	-1.0					1.0	2.0													0	0	2	0	2
A3O9VWYB0F4RJ4																	-1.0																																																					0	0	2	0	2
A1RSIVGT2VV1EH	-0.14285714285700002	1.4		1.0	2.0	2.0	0.4		0.666666666667																																																													0	0	2	0	2
AHVRTGE4VP52V					1.0																																																																	0	0	2	0	2
A5LLSZG8YCAZF														1.0			1.0								-1.0										1.0															-1.0																				0	0	2	0	2
A12SMSQ6D5227J	0.0	-2.0			1.25	-2.0			1.5		0.666666666667	2.0		-0.5			-1.0	-1.0	-1.6666666666699999	-1.5			-1.0		1.5			-1.0						-1.5	-2.0	1.0				-2.0				-1.0	-1.0						1.0	-2.0	-2.0	-1.0	-1.0	-1.0				1.0										0	0	2	0	2
A1K3C8R6GW43CW	0.0	0.33333333333299997	-1.0	1.5																																																																		0	0	2	0	2
A3ISCRQVMN65XH	-1.0	-1.0			0.5	-2.0																																																																0	0	2	0	2
A2RRDATXKQ8HHC	-0.631578947368	-1.0	0.666666666667	-0.5	-0.14285714285700002	-1.0	0.4	0.45454545454499995	0.6	-1.0	1.0	0.33333333333299997	1.5	1.0	0.5	-1.0	-1.0	-1.0			0.0	1.0						-1.0	-2.0		1.0																											2.0	-1.0		1.0						1.0			0	0	2	0	2
A33RTACPBWATZ																																-1.0																																						0	0	2	0	2
A8YFT7WBW5JCS	0.33333333333299997	1.0			2.0	2.0																																																																0	0	2	0	2
A1X258MWJFEMTW						-0.5																																																																0	0	2	0	2
A3FM158JCS0W7K	1.7551020408200002	0.426229508197	1.8888888888900002	0.6	2.0	-0.4	2.0			-0.625																																																				-2.0	-2.0							0	0	2	0	2
A2QD7QFGCUNF5N	-0.489795918367	-1.75	0.846153846154	-1.8	-0.130434782609	-1.0	1.24	0.48275862069	1.125	-1.5	1.14285714286	0.583333333333	0.777777777778	0.5	0.7	-1.5	-2.0	-1.8	-1.16666666667	-1.33333333333	-0.25		-1.0	-0.25	2.0	-0.75	1.4	0.33333333333299997		-0.75		1.6666666666699999	-0.666666666667	-1.0	-1.6666666666699999	2.0	1.0	1.5	2.0	-2.0	0.0	2.0	-2.0	0.0	1.5	2.0	-0.5	0.0	-2.0	-1.5	-2.0	-2.0	-2.0	1.5	-1.5	-1.5	1.5		-2.0	2.0				-2.0	1.0	2.0		2.0		0	0	0	1	1
AL2WKE1L2IZY6	1.5																																																																					0	0	2	0	2
A3DYARPST6A0VK	1.0	-1.5		-2.0																																																																		0	0	2	0	2
A1JRV4XD6CG12W	1.9811320754700001	-0.625	2.0	2.0	2.0	-1.0	2.0			1.9166666666699999																																																				-1.0							-1.0	0	0	2	0	2
A2U5UM9LTB91R6	-1.0	-1.0	2.0	-1.0		-1.0				-1.0																																																												0	0	2	0	2
A36T3XYC4WBLNK		0.375		1.11764705882		1.25				1.33333333333				-2.0		1.75	-1.0			2.0		2.0	2.0	-1.0				1.5	-2.0		-2.0																											0.0	-2.0					2.0						0	0	2	0	2
A3C3LEJ7FJRTV9		-1.5	-1.5			-2.0																																																																0	0	2	0	2
A3233884IN3XNC	-2.0								2.0																																																													0	0	2	0	2
A320QA9HJFUOZO																	-1.0	1.0	-1.0				-1.0			-2.0	1.5			-1.0			-2.0	-1.0							1.0			-1.0		2.0	1.0		1.0	1.0			-2.0	-1.0											1.0					0	0	2	0	2
A261I77RAWTJM4	1.0								1.0							1.0																																																						0	0	2	0	2
A2AAY4VT9L71SY		-1.33333333333		-1.0		-2.0										-1.0				1.0				2.0					-2.0																																									0	0	2	0	2
A8RFIU0K3NSSD	-2.0																																																																					0	0	2	0	2
A17BQ2QRW1V9AO	2.0																																																																					0	0	2	0	2
A3QVRKBAO0OQAA				-1.0																																																																		0	0	2	0	2
A2QLSHXNCHBRN4	0.833333333333		2.0		0.8		2.0	0.6	1.75		2.0	2.0	2.0		2.0																																																							0	0	2	0	2
AJFM54LLRKT47	2.0	2.0																																																																				0	0	2	0	2
A1HBTG2QI6RHNX	1.0	-2.0			2.0	1.0			2.0																																																													0	0	2	0	2
A1POAEM6VP9C7S	0.0	0.6		1.0		1.0																																																																0	0	2	0	2
A3JZS32RQUWGJM						1.0																																																																0	0	2	0	2
A20PSVHEDXNJIH						2.0																																																																0	0	2	0	2
A3AXXVQ7GY5JO3	1.0																																																																					0	0	2	0	2
A1ETJBNTO9ZWZ8	1.57142857143		1.4		2.0		-1.0	1.75	1.6666666666699999			0.5	2.0			1.0					2.0																																																	0	0	2	0	2
A27IABVBUZ9X8Z	-1.0		2.0		2.0			0.0	0.5				1.0								2.0																																																	0	0	2	0	2
ARTOM00RUJRIK	-2.0	1.0		-1.0	0.666666666667		-1.0																																																															0	0	2	0	2
A1LLZHLIIXJHU2		-0.666666666667				-1.0	2.0			2.0																																																												0	0	2	0	2
A2ZRYNS8R5JSY6						1.0																																																																0	0	2	0	2
A2WCDQDLMC6J72	0.368421052632		1.22222222222		0.833333333333		1.875	0.5714285714289999	1.33333333333		1.0	0.5	-1.0		0.0																																																							0	0	2	0	2
A13T61GJTR2Y9B		-0.8		-0.777777777778		-2.0				-2.0				2.0		-0.6	-0.33333333333299997			-2.0		1.4	-2.0	2.0				2.0	-2.0		-0.5																											2.0	2.0					1.0						0	0	2	0	2
A1EWMKZ5RJ9UC4	-1.0																																																																					0	0	2	0	2
A1GNIJM6NM4OIQ	-1.0																																																																					0	0	2	0	2
A1DWLAKLCTCU71	-1.0																																																																					0	0	2	0	2
A2MOSNEX4E7G1P																																																											-2.0											0	0	2	0	2
A3QY3I5O0STFGA																-2.0																																																						0	0	2	0	2
AYOA4FYI30AKI														-1.0																																										-2.0														0	0	2	0	2
AKXNUZGMYOW6Q	-2.0	-2.0																																																																				0	0	2	0	2
A36PAQLWZIRY2P		-1.0		-1.0		-1.0				-1.0				0.0		-0.428571428571	-1.0	-1.0		1.0		0.0	-1.0	1.0				1.0	-1.5		-0.33333333333299997																											2.0	1.0		-2.0			-1.0			1.0			0	0	2	0	2
A3SNQS3TEFPLX1	1.0	1.0			-1.0	1.0																																																																0	0	2	0	2
AOIT11QP5Z83X	0.2	-1.75			1.6666666666699999	-2.0			2.0							-2.0																																																						0	0	2	0	2
A1W7NEHKLKU0P	2.0			-1.0			2.0																																																															0	0	2	0	2
A1KFK92GEFQ9F5	1.0					2.0																																																																0	0	2	0	2
A2OLVF6P86QSQJ		1.0		0.666666666667		2.0				2.0				2.0		1.6666666666699999		1.0				1.0							-2.0		-1.0																														1.0						1.0			0	0	2	0	2
AOAQK9URS9KUR									1.0																																																													0	0	2	0	2
A1G3GN1MWUT25I	1.0																																																																					0	0	2	0	2
A3RKHS34F9V14D									1.0																																																													0	0	2	0	2
A1SFABJ4NX5DFY	0.0	-1.0			2.0																																																																	0	0	2	0	2
A3A69FI0KKHXEG		-1.0																																																																				0	0	2	0	2
A2DQS77MARBN96										2.0																																																												0	0	2	0	2
A3SEUVWC42BVF6	-1.14285714286	1.0																																																																				0	0	2	0	2
AKO4O0L9613K5	2.0																																																																					0	0	2	0	2
AAQ4Q3ULMAF5H	0.0	-0.222222222222	1.0	0.0	1.0	1.6666666666699999																																																									1.0							0	0	2	0	2
A36ABEGFKRJC2O	0.0	0.0			-1.0	0.0																																																																0	0	2	0	2
A3BYE6AJS15HLT		1.0																																																																				0	0	2	0	2
A3E0T5IURPJVHC						1.0																																																																0	0	2	0	2
A9K0CV70JWG1W	1.6666666666699999				1.0	1.33333333333			2.0																																																													0	0	2	0	2
A5QX1WLOIIE6A	1.0				2.0																																																																	0	0	2	0	2
AA1FZS6ELW1JK		-2.0																																																																				0	0	2	0	2
AGSZG0JX9O03Y	-1.0	-0.5				-1.0	0.666666666667		2.0																																																													0	0	2	0	2
A1SGAJ57ZPB1QH	-1.0	-1.0				1.0																																																																0	0	2	0	2
A3HFWLGG0K527B		-0.4	-0.33333333333299997	-1.0	1.0	1.0	-2.0			2.0																																																												0	0	2	0	2
A1JYGNIFHS9TEA	0.8571428571430001	-1.2857142857100001	1.0	-1.0	0.666666666667	1.0	2.0		2.0	-1.0																																																												0	0	2	0	2
A29V7X69PKOD6H		-2.0																																																																				0	0	2	0	2
A1MLC8HETIE13W	-2.0	-1.25	-0.5	-1.0						-1.0																																																												0	0	2	0	2
A3LMBJQC7MT34			-1.0		1.0		2.0																																																															0	0	2	0	2
A1MQHSQAVYQXRT									2.0																																																													0	0	2	0	2
A24NXYAW8T2JA0	0.33333333333299997	1.0			2.0	-1.0																																																																0	0	2	0	2
A1F8RKCA3O05CP		1.0		0.6		1.0				1.0						0.0												2.0	-2.0		1.0																											2.0												0	0	2	0	2
A27X6AYXR32U96	1.0	-1.0		-1.0																																																																		0	0	2	0	2
