packageName	permission	purpose	comfortScore
air.couk.hamzagames.ultimatesmasher	READ_PHONE_STATE	TARGETED_ADS	-0.05263157894736842
amep.games.af_final	READ_PHONE_STATE	INTERNAL	0.95
amep.games.af_final	READ_PHONE_STATE	TARGETED_ADS	-0.21052631578947367
ar.com.ps3argentina.trophies	ACCOUNTS	INTERNAL	1.2105263157894737
atticlab.ScaryMazedGame	READ_PHONE_STATE	TARGETED_ADS	-0.25
atticlab.whip	READ_PHONE_STATE	TARGETED_ADS	-0.3
au.com.nab.mobile	ACCESS_FINE_LOCATION	INTERNAL	-0.1
au.com.nab.mobile	READ_PHONE_STATE	INTERNAL	-0.5789473684210527
bnw.project.wallpaper.buddycons	READ_PHONE_STATE	INTERNAL	0.3
br.bovespa	READ_PHONE_STATE	INTERNAL	-0.034482758620689655
br.com.jera.vikings	ACCESS_FINE_LOCATION	MOBILE_ANALYTICS	-0.3
br.com.jera.vikings	READ_PHONE_STATE	INTERNAL	0.6
br.com.jera.vikings	READ_PHONE_STATE	TARGETED_ADS	0.0
br.findmycarfree	ACCESS_FINE_LOCATION	INTERNAL	1.4
bubbleshooter.android	ACCESS_FINE_LOCATION	SOCIAL_GAMING	-0.95
by.istin.android.kinobaza	READ_PHONE_STATE	INTERNAL	0.3
ch.xot.droid_catcher	ACCESS_FINE_LOCATION	TARGETED_ADS	-0.6896551724137931
cn.otlive.games.android.CashOut	SEND_SMS	GAME_ENGINE	-1.2
cn.otlive.games.android.CashOut_Pad	SEND_SMS	GAME_ENGINE	-1.3
com.Ama.PanicFlightFree	ACCESS_FINE_LOCATION	MOBILE_ANALYTICS	-0.05
com.Ama.PanicFlightFree	ACCESS_FINE_LOCATION	SOCIAL_GAMING	0.21052631578947367
com.Ama.PanicFlightFree	ACCOUNTS	INTERNAL	0.47058823529411764
com.Ama.PanicFlightFree	READ_PHONE_STATE	INTERNAL	0.4117647058823529
com.Ama.PanicFlightFree	READ_PHONE_STATE	MOBILE_ANALYTICS	-0.125
com.Ama.PanicFlightFree	READ_PHONE_STATE	TARGETED_ADS	0.23529411764705882
com.Conquer3.Kingdoms.game.good.haha	ACCOUNTS	INTERNAL	0.5
com.Conquer3.Kingdoms.game.good.haha	READ_PHONE_STATE	INTERNAL	0.3333333333333333
com.Conquer3.Kingdoms.game.good.haha	READ_PHONE_STATE	TARGETED_ADS	-0.4
com.GnarlyGames.GnarBikeTrials	ACCESS_COARSE_LOCATION	PAYMENT	-0.8947368421052632
com.HBO	READ_PHONE_STATE	INTERNAL	1.15
com.NextFloor.DragonFlightKakao	READ_PHONE_STATE	INTERNAL	-0.65
com.SnowfallLiveWallpapers	ACCESS_FINE_LOCATION	SOCIAL_GAMING	-0.8947368421052632
com.UCMobile.intl	ACCESS_COARSE_LOCATION	INTERNAL	0.15
com.UCMobile.intl	ACCESS_COARSE_LOCATION	SNS	0.4
com.UCMobile.intl	ACCESS_FINE_LOCATION	INTERNAL	-0.25
com.UCMobile.intl	ACCESS_FINE_LOCATION	SNS	0.45
com.UCMobile.intl	CAMERA	INTERNAL	1.25
com.UCMobile.intl	READ_PHONE_STATE	INTERNAL	-0.3
com.UCMobile.intl	READ_PHONE_STATE	SNS	0.25
com.UCMobile.intl	RECORD_AUDIO	INTERNAL	1.05
com.acmdvp.myconverter	ACCESS_FINE_LOCATION	SECONDARY_MARKET	-0.65
com.aidigame.xcity	ACCESS_FINE_LOCATION	SOCIAL_GAMING	-0.4
com.aidigame.xcity	CAMERA	SOCIAL_GAMING	0.0
com.aidigame.xcity	RECORD_AUDIO	SOCIAL_GAMING	0.3
com.alaskajim.whosingsit1990s	READ_PHONE_STATE	TARGETED_ADS	-0.7647058823529411
com.allocine.androidapp	ACCESS_FINE_LOCATION	INTERNAL	1.0
com.allocine.androidapp	READ_PHONE_STATE	INTERNAL	0.7
com.alpha_aps.naked_scanner	ACCESS_FINE_LOCATION	TARGETED_ADS	-0.9
com.alpha_aps.naked_scanner	READ_PHONE_STATE	TARGETED_ADS	-0.35
com.amazon.kindle	ACCOUNTS	UTILITY	0.825
com.amazon.mp3	ACCOUNTS	UTILITY	0.4
com.androcheck.facedet	CAMERA	INTERNAL	0.5882352941176471
com.android.chrome	ACCESS_FINE_LOCATION	INTERNAL	-0.2
com.android.chrome	ACCOUNTS	INTERNAL	1.3
com.androp.cube.dolphin	READ_PHONE_STATE	TARGETED_ADS	0.0
com.animoca.prettyPetSalonSeasons	READ_PHONE_STATE	INTERNAL	0.47368421052631576
com.animoca.prettyPetSalonSeasons	READ_PHONE_STATE	TARGETED_ADS	-0.3157894736842105
com.animocacollective.google.superstarFashionGirl	CAMERA	GAME_ENGINE	0.5263157894736842
com.antivirus	ACCESS_COARSE_LOCATION	INTERNAL	0.9
com.antivirus	ACCESS_FINE_LOCATION	INTERNAL	0.95
com.antivirus	ACCOUNTS	INTERNAL	0.95
com.antivirus	BLUETOOTH	INTERNAL	0.75
com.antivirus	CAMERA	INTERNAL	1.6
com.antivirus	READ_CONTACTS	INTERNAL	0.2
com.antivirus	READ_PHONE_STATE	INTERNAL	0.35
com.antivirus	SEND_SMS	INTERNAL	-0.8
com.appmania.ironwars.hd	READ_PHONE_STATE	TARGETED_ADS	-0.1
com.appmox.jgirl	READ_PHONE_STATE	TARGETED_ADS	-1.3
com.appson.blobbyvolley	ACCOUNTS	INTERNAL	0.3
com.artofbytes.gravedefence.hd.free	READ_PHONE_STATE	TARGETED_ADS	-0.5
com.asobimo.celes_gp_en	ACCOUNTS	INTERNAL	0.6842105263157895
com.asobimo.celes_gp_en	READ_PHONE_STATE	INTERNAL	0.75
com.aurum.google.aliceOfHeart	BLUETOOTH	GAME_ENGINE	1.15
com.avast.android.mobilesecurity	ACCOUNTS	INTERNAL	0.5
com.avast.android.mobilesecurity	READ_CONTACTS	INTERNAL	1.0
com.avast.android.mobilesecurity	READ_CONTACTS	UTILITY	-0.25
com.avast.android.mobilesecurity	READ_PHONE_STATE	INTERNAL	0.0
com.avast.android.mobilesecurity	SEND_SMS	INTERNAL	0.25
com.badoo.mobile	ACCESS_COARSE_LOCATION	INTERNAL	0.5
com.badoo.mobile	ACCESS_FINE_LOCATION	INTERNAL	0.25
com.badoo.mobile	ACCESS_FINE_LOCATION	MOBILE_ANALYTICS	-0.15
com.badoo.mobile	ACCOUNTS	INTERNAL	0.85
com.badoo.mobile	CAMERA	INTERNAL	1.05
com.badoo.mobile	READ_CONTACTS	INTERNAL	-0.35
com.badoo.mobile	READ_PHONE_STATE	INTERNAL	-0.05
com.badoo.mobile	READ_PHONE_STATE	MOBILE_ANALYTICS	-0.5
com.badoo.mobile	READ_PHONE_STATE	PAYMENT	0.25
com.badoo.mobile	SEND_SMS	INTERNAL	-0.1
com.badoo.mobile	SEND_SMS	PAYMENT	0.0
com.bbm	ACCESS_FINE_LOCATION	INTERNAL	0.4
com.bbm	ACCOUNTS	INTERNAL	0.8
com.bbm	CAMERA	INTERNAL	1.5
com.bbm	READ_CONTACTS	INTERNAL	0.85
com.bbm	RECORD_AUDIO	INTERNAL	1.25
com.berobo.android.scanner	ACCESS_FINE_LOCATION	TARGETED_ADS	-0.2631578947368421
com.berobo.android.scanner	READ_PHONE_STATE	INTERNAL	0.7
com.berobo.android.scanner	READ_PHONE_STATE	TARGETED_ADS	-0.45
com.bestcoolfungames.antsmasher	ACCESS_FINE_LOCATION	TARGETED_ADS	-0.8
com.bestcoolfungames.antsmasher	RECORD_AUDIO	TARGETED_ADS	-1.35
com.bigbluebubble.fatfree	READ_PHONE_STATE	INTERNAL	0.8666666666666667
com.bigbluebubble.fatfree	READ_PHONE_STATE	MOBILE_ANALYTICS	-0.1875
com.bigbluebubble.fatfree	READ_PHONE_STATE	TARGETED_ADS	-0.1875
com.bighand.android	READ_PHONE_STATE	INTERNAL	0.2
com.bighand.android	RECORD_AUDIO	INTERNAL	1.6551724137931034
com.binomed.showtime	ACCESS_FINE_LOCATION	INTERNAL	1.0
com.blue.fox.scannerradio	READ_PHONE_STATE	INTERNAL	0.8
com.bobgame.chickenrun2	READ_PHONE_STATE	MOBILE_ANALYTICS	-0.25
com.bodyfitness.health.bnht	READ_PHONE_STATE	TARGETED_ADS	-0.15
com.breakapps.breakdotcom	ACCESS_FINE_LOCATION	TARGETED_ADS	-0.3157894736842105
com.bruellaffe	READ_PHONE_STATE	INTERNAL	-0.5
com.burrotech.scan2pdf	CAMERA	INTERNAL	1.25
com.buzztime.android.mobileplaymaker	ACCESS_FINE_LOCATION	MOBILE_ANALYTICS	0.2
com.c4mprod.ezcodescanner	CAMERA	GAME_ENGINE	0.8
com.catstudio.zuma1	RECORD_AUDIO	GAME_ENGINE	-0.3
com.cento.gates.main	ACCESS_FINE_LOCATION	SOCIAL_GAMING	-0.45
com.cipsoft.tibiame	READ_PHONE_STATE	INTERNAL	0.7368421052631579
com.cisco.anyconnect.vpn.android.rooted	READ_PHONE_STATE	INTERNAL	0.125
com.cleanmaster.mguard	READ_PHONE_STATE	INTERNAL	-0.4
com.clinkybot.geodroid0	ACCESS_FINE_LOCATION	INTERNAL	1.6666666666666667
com.codemonkey.titanturret	READ_PHONE_STATE	INTERNAL	0.1
com.codemonkey.titanturret	READ_PHONE_STATE	TARGETED_ADS	-0.1
com.codingcaveman.SoloTrial	READ_PHONE_STATE	TARGETED_ADS	-0.11764705882352941
com.com2us.caligofree	ACCESS_FINE_LOCATION	MOBILE_ANALYTICS	0.0
com.com2us.caligofree	READ_PHONE_STATE	INTERNAL	0.8
com.com2us.imo.normal.freefull.google.global.android.common	READ_PHONE_STATE	INTERNAL	0.5555555555555556
com.com2us.imo.normal.freefull.google.global.android.common	READ_PHONE_STATE	TARGETED_ADS	-0.1875
com.com2us.inotia3.normal.freefull.google.global.android.common	READ_PHONE_STATE	INTERNAL	0.3157894736842105
com.com2us.inotia3.normal.freefull.google.global.android.common	READ_PHONE_STATE	TARGETED_ADS	-0.05263157894736842
com.com2us.minigameparadise.normal.freefull.google.global.android.common	READ_PHONE_STATE	INTERNAL	0.6842105263157895
com.com2us.minigameparadise.normal.freefull.google.global.android.common	READ_PHONE_STATE	TARGETED_ADS	-0.16666666666666666
com.com2us.ovenbreak.normal.freefull.google.global.android.common	READ_PHONE_STATE	INTERNAL	0.7368421052631579
com.com2us.ovenbreak.normal.freefull.google.global.android.common	READ_PHONE_STATE	TARGETED_ADS	-0.2631578947368421
com.cracked.android.lite	ACCESS_FINE_LOCATION	MOBILE_ANALYTICS	-0.17647058823529413
com.cracked.android.lite	ACCESS_FINE_LOCATION	TARGETED_ADS	-0.23529411764705882
com.creativemobile.DragRacing	ACCOUNTS	SECONDARY_MARKET	-0.65
com.creativemobile.DragRacing	READ_PHONE_STATE	INTERNAL	-0.45
com.creativemobile.DragRacing	READ_PHONE_STATE	MOBILE_ANALYTICS	-0.8
com.creativemobile.DragRacing	READ_PHONE_STATE	PAYMENT	-0.45
com.creativemobile.DragRacing	READ_PHONE_STATE	SECONDARY_MARKET	-0.45
com.creativemobile.DragRacing	READ_PHONE_STATE	TARGETED_ADS	-0.85
com.creativemobile.dragracingbe	READ_PHONE_STATE	PAYMENT	0.0
com.darksummoner	READ_PHONE_STATE	INTERNAL	0.4
com.darksummoner	READ_PHONE_STATE	TARGETED_ADS	-0.47368421052631576
com.ddmap.android.privilege	ACCOUNTS	SNS	-0.65
com.dedalord.runningfred	READ_PHONE_STATE	TARGETED_ADS	-0.3157894736842105
com.devuni.flashlight	CAMERA	INTERNAL	1.7894736842105263
com.dianxinos.dxbs	ACCOUNTS	INTERNAL	-0.4
com.dianxinos.dxbs	BLUETOOTH	INTERNAL	0.4
com.dianxinos.dxbs	READ_PHONE_STATE	INTERNAL	0.65
com.digitalchocolate.androiddistrictpa	READ_CONTACTS	SNS	-0.55
com.directv.dvrscheduler	READ_PHONE_STATE	INTERNAL	1.4736842105263157
com.dogsbestlivewallpaper.dogs	ACCESS_FINE_LOCATION	TARGETED_ADS	-0.55
com.dogsbestlivewallpaper.dogs	READ_PHONE_STATE	TARGETED_ADS	-0.4
com.dooub.shake.bbshake	READ_PHONE_STATE	INTERNAL	-0.058823529411764705
com.dooub.shake.bbshake	READ_PHONE_STATE	MOBILE_ANALYTICS	-0.45
com.dooub.shake.sjshake	READ_PHONE_STATE	INTERNAL	0.16666666666666666
com.dooub.shake.sjshake	READ_PHONE_STATE	MOBILE_ANALYTICS	-0.15789473684210525
com.dragonplay.liveholdempro	READ_PHONE_STATE	TARGETED_ADS	-0.6
com.dreamcortex.talkingPet_android	READ_PHONE_STATE	TARGETED_ADS	-0.55
com.dreamfabpapaya.savingyello	READ_PHONE_STATE	TARGETED_ADS	-0.05
com.droidhen.game.fishpredator	READ_PHONE_STATE	INTERNAL	0.55
com.droidhen.game.speedhiker	READ_PHONE_STATE	INTERNAL	0.2631578947368421
com.droidhen.game.speedhiker	READ_PHONE_STATE	MOBILE_ANALYTICS	-0.375
com.droidhen.game.speedhiker	READ_PHONE_STATE	TARGETED_ADS	-0.5789473684210527
com.duckygo.shoottheducks	ACCESS_FINE_LOCATION	TARGETED_ADS	-0.5789473684210527
com.easy.battery.saver	ACCESS_FINE_LOCATION	MOBILE_ANALYTICS	-0.9
com.easy.battery.saver	BLUETOOTH	INTERNAL	0.25
com.easy.battery.saver	READ_PHONE_STATE	INTERNAL	-0.15
com.easy.battery.saver	READ_PHONE_STATE	MOBILE_ANALYTICS	-0.55
com.ebay.mobile	ACCESS_FINE_LOCATION	INTERNAL	0.3
com.ebay.mobile	CAMERA	INTERNAL	1.2
com.electricsheep.edj	ACCESS_COARSE_LOCATION	SOCIAL_GAMING	-0.35
com.elijahsh.birthdayreminder	ACCOUNTS	SNS	-0.4
com.eliteextra.driver	ACCESS_FINE_LOCATION	INTERNAL	1.2692307692307692
com.eliteextra.driver	READ_PHONE_STATE	INTERNAL	0.14285714285714285
com.emrosswar	READ_PHONE_STATE	TARGETED_ADS	0.05
com.er.popularfunny	READ_PHONE_STATE	TARGETED_ADS	-0.15
com.er.scary	READ_PHONE_STATE	TARGETED_ADS	-0.2631578947368421
com.evernote	ACCESS_FINE_LOCATION	INTERNAL	0.25
com.evernote	ACCOUNTS	INTERNAL	0.8
com.evernote	CAMERA	INTERNAL	1.3
com.evernote	READ_CONTACTS	INTERNAL	0.1
com.evernote	READ_PHONE_STATE	INTERNAL	-0.2
com.evernote	RECORD_AUDIO	INTERNAL	1.15
com.expedition107.bells.light	READ_PHONE_STATE	TARGETED_ADS	-0.5
com.facebook.katana	ACCESS_FINE_LOCATION	INTERNAL	0.65
com.facebook.katana	ACCOUNTS	INTERNAL	1.0666666666666667
com.facebook.katana	READ_CONTACTS	INTERNAL	0.85
com.facebook.katana	READ_PHONE_STATE	INTERNAL	0.2
com.facebook.katana	READ_PHONE_STATE	UTILITY	0.65
com.facebook.orca	ACCESS_FINE_LOCATION	INTERNAL	0.05
com.facebook.orca	ACCOUNTS	INTERNAL	0.95
com.facebook.orca	CAMERA	INTERNAL	1.3157894736842106
com.facebook.orca	READ_CONTACTS	INTERNAL	0.5
com.facebook.orca	READ_PHONE_STATE	INTERNAL	-0.05263157894736842
com.facebook.orca	READ_PHONE_STATE	UTILITY	0.8421052631578947
com.facebook.orca	RECORD_AUDIO	INTERNAL	1.1
com.favoritemedium	ACCESS_FINE_LOCATION	MOBILE_ANALYTICS	0.3
com.favoritemedium	ACCESS_FINE_LOCATION	TARGETED_ADS	-0.1
com.favoritemedium	ACCOUNTS	INTERNAL	0.8
com.favoritemedium	READ_PHONE_STATE	INTERNAL	1.0
com.favoritemedium	READ_PHONE_STATE	TARGETED_ADS	0.1
com.feelingtouch.FlyMan	READ_PHONE_STATE	INTERNAL	0.75
com.feelingtouch.FlyMan	READ_PHONE_STATE	MOBILE_ANALYTICS	-0.15
com.feelingtouch.FlyMan	READ_PHONE_STATE	TARGETED_ADS	-0.05
com.feelingtouch.bugswar	READ_PHONE_STATE	INTERNAL	0.2
com.feelingtouch.bugswar	READ_PHONE_STATE	MOBILE_ANALYTICS	-0.3
com.feelingtouch.bugswar	READ_PHONE_STATE	TARGETED_ADS	0.7
com.feelingtouch.dragon.ice	READ_PHONE_STATE	INTERNAL	0.6
com.feelingtouch.dragon.ice	READ_PHONE_STATE	MOBILE_ANALYTICS	0.0
com.feelingtouch.dragon.ice	READ_PHONE_STATE	TARGETED_ADS	-0.05
com.fingersoft.hillclimb	READ_PHONE_STATE	MOBILE_ANALYTICS	-0.8
com.fingersoft.nightvisioncamera	CAMERA	INTERNAL	1.15
com.fingersoft.nightvisioncamera	READ_PHONE_STATE	TARGETED_ADS	-0.5263157894736842
com.fitbit.FitbitMobile	BLUETOOTH	MOBILE_ANALYTICS	0.95
com.fivemobile.cineplex	ACCESS_FINE_LOCATION	MOBILE_ANALYTICS	0.2
com.fivemobile.cineplex	ACCESS_FINE_LOCATION	TARGETED_ADS	0.3
com.folkalley.android	READ_PHONE_STATE	INTERNAL	-0.05
com.fontaines	ACCESS_FINE_LOCATION	INTERNAL	1.263157894736842
com.fontaines	CAMERA	INTERNAL	0.6
com.forrestheller.trippingfest.free	ACCESS_FINE_LOCATION	TARGETED_ADS	-0.9444444444444444
com.forrestheller.trippingfest.free	READ_PHONE_STATE	TARGETED_ADS	-0.2222222222222222
com.forshared	READ_PHONE_STATE	INTERNAL	-0.5
com.forshared	READ_PHONE_STATE	TARGETED_ADS	-0.9411764705882353
com.fractiv.lanesplitter	READ_PHONE_STATE	TARGETED_ADS	0.0
com.fridgecat.android.atiltlite	ACCOUNTS	INTERNAL	0.65
com.fridgecat.android.atiltlite	READ_PHONE_STATE	INTERNAL	0.65
com.fridgecat.android.atiltlite	READ_PHONE_STATE	TARGETED_ADS	-0.4
com.frimastudio.android.SpaceShooter	READ_PHONE_STATE	INTERNAL	0.8
com.fruit.shooter.blast	READ_CONTACTS	SECONDARY_MARKET	-1.3
com.fruit.shooter.legend	READ_CONTACTS	SECONDARY_MARKET	-1.3
com.funny.meme	READ_PHONE_STATE	TARGETED_ADS	-0.4
com.gamebasics.osm	SEND_SMS	PAYMENT	-0.5
com.gamecircus.PrizeClaw	READ_PHONE_STATE	INTERNAL	0.9
com.gamecircus.PrizeClaw	READ_PHONE_STATE	TARGETED_ADS	-0.3
com.gameforge.xmobile.war	READ_PHONE_STATE	INTERNAL	0.7368421052631579
com.gameforge.xmobile.war	READ_PHONE_STATE	MOBILE_ANALYTICS	-0.4
com.gameforge.xmobile.war	READ_PHONE_STATE	TARGETED_ADS	0.15
com.gameinsight.crimestory	READ_PHONE_STATE	TARGETED_ADS	-0.05
com.gameinsight.enchantedrealm	ACCESS_FINE_LOCATION	MOBILE_ANALYTICS	0.05
com.gameinsight.enchantedrealm	READ_PHONE_STATE	INTERNAL	0.8
com.gameinsight.funnylovetest	READ_PHONE_STATE	TARGETED_ADS	0.0
com.gameinsight.kingdom	ACCOUNTS	INTERNAL	-0.05263157894736842
com.gameinsight.kingdom	READ_PHONE_STATE	INTERNAL	0.75
com.gameinsight.kingdom	READ_PHONE_STATE	TARGETED_ADS	-0.7894736842105263
com.gameinsight.myclinic	READ_PHONE_STATE	INTERNAL	0.5294117647058824
com.gameinsight.myclinic	READ_PHONE_STATE	TARGETED_ADS	0.0625
com.gamelion.ck	READ_PHONE_STATE	MOBILE_ANALYTICS	0.35
com.gamelion.ck	READ_PHONE_STATE	TARGETED_ADS	-0.55
com.gameloft.android.ANMP.GloftDMHM	READ_PHONE_STATE	INTERNAL	-0.6
com.gameloft.android.ANMP.GloftDMHM	READ_PHONE_STATE	TARGETED_ADS	-0.8
com.gameloft.android.ANMP.GloftIAHM	READ_PHONE_STATE	INTERNAL	-0.3157894736842105
com.gameloft.android.ANMP.GloftIAHM	READ_PHONE_STATE	MOBILE_ANALYTICS	-0.75
com.gameloft.android.ANMP.GloftIAHM	READ_PHONE_STATE	TARGETED_ADS	-0.7
com.gamestop.powerup	ACCESS_FINE_LOCATION	DEVELOPMENT_AID	0.9375
com.gamestop.powerup	CAMERA	DEVELOPMENT_AID	0.9444444444444444
com.gamestop.powerup	READ_CONTACTS	DEVELOPMENT_AID	-1.2941176470588236
com.gamevil.cartoonwars.one.global	READ_PHONE_STATE	INTERNAL	0.7368421052631579
com.gamevil.cartoonwars.one.global	READ_PHONE_STATE	TARGETED_ADS	-0.15
com.gamevil.cartoonwars.two.global	READ_PHONE_STATE	INTERNAL	0.65
com.gamevil.cartoonwars.two.global	READ_PHONE_STATE	TARGETED_ADS	-0.3333333333333333
com.gau.go.launcherex	READ_CONTACTS	INTERNAL	0.4
com.gau.go.launcherex.gowidget.weatherwidget	ACCOUNTS	SECONDARY_MARKET	-0.6
com.gau.go.launcherex.gowidget.weatherwidget	READ_PHONE_STATE	SECONDARY_MARKET	-0.7368421052631579
com.genina.android.blackjack.view	READ_PHONE_STATE	GAME_ENGINE	-1.05
com.geogame.event	ACCESS_FINE_LOCATION	INTERNAL	0.3076923076923077
com.geogame.event	ACCESS_FINE_LOCATION	MOBILE_ANALYTICS	1.0
com.geogame.event	READ_PHONE_STATE	TARGETED_ADS	0.0
com.gjmatw.android.app	ACCESS_FINE_LOCATION	TARGETED_ADS	-0.23529411764705882
com.glu.android.ck	READ_PHONE_STATE	PAYMENT	-0.15
com.glu.android.ck	READ_PHONE_STATE	TARGETED_ADS	0.1
com.glu.android.gunbros_free	READ_PHONE_STATE	TARGETED_ADS	-0.05
com.google.android.apps.books	ACCOUNTS	INTERNAL	1.1
com.google.android.apps.docs	ACCOUNTS	INTERNAL	1.4210526315789473
com.google.android.apps.docs	CAMERA	INTERNAL	1.25
com.google.android.apps.docs	READ_CONTACTS	INTERNAL	0.4
com.google.android.apps.googlevoice	ACCOUNTS	INTERNAL	1.105263157894737
com.google.android.apps.googlevoice	READ_CONTACTS	INTERNAL	1.3157894736842106
com.google.android.apps.googlevoice	READ_PHONE_STATE	INTERNAL	1.05
com.google.android.apps.googlevoice	SEND_SMS	INTERNAL	1.7
com.google.android.apps.maps	ACCESS_FINE_LOCATION	INTERNAL	1.263157894736842
com.google.android.apps.maps	ACCOUNTS	INTERNAL	1.1842105263157894
com.google.android.apps.maps	READ_CONTACTS	INTERNAL	0.3157894736842105
com.google.android.apps.plus	ACCESS_FINE_LOCATION	INTERNAL	0.25
com.google.android.apps.plus	ACCOUNTS	INTERNAL	1.4
com.google.android.apps.plus	READ_CONTACTS	INTERNAL	0.45
com.google.android.apps.plus	READ_PHONE_STATE	INTERNAL	0.5
com.google.android.apps.translate	ACCOUNTS	INTERNAL	1.0
com.google.android.apps.translate	CAMERA	INTERNAL	1.1
com.google.android.apps.translate	RECORD_AUDIO	INTERNAL	1.7
com.google.android.apps.unveil	ACCESS_FINE_LOCATION	INTERNAL	0.6666666666666666
com.google.android.apps.unveil	CAMERA	INTERNAL	1.2222222222222223
com.google.android.gm	ACCOUNTS	INTERNAL	1.4736842105263157
com.google.android.gm	READ_CONTACTS	INTERNAL	1.2
com.google.android.gms	ACCESS_FINE_LOCATION	INTERNAL	-0.21052631578947367
com.google.android.gms	ACCOUNTS	INTERNAL	1.3611111111111112
com.google.android.gms	READ_CONTACTS	INTERNAL	0.5263157894736842
com.google.android.gms	READ_PHONE_STATE	INTERNAL	0.3684210526315789
com.google.android.googlequicksearchbox	ACCOUNTS	INTERNAL	1.25
com.google.android.googlequicksearchbox	BLUETOOTH	INTERNAL	1.3
com.google.android.googlequicksearchbox	READ_CONTACTS	INTERNAL	0.3684210526315789
com.google.android.googlequicksearchbox	SEND_SMS	INTERNAL	0.85
com.google.android.maps.mytracks	ACCESS_FINE_LOCATION	INTERNAL	1.15
com.google.android.maps.mytracks	ACCOUNTS	INTERNAL	0.75
com.google.android.maps.mytracks	BLUETOOTH	INTERNAL	0.65
com.google.android.maps.mytracks	READ_CONTACTS	INTERNAL	-0.6
com.google.android.maps.mytracks	READ_PHONE_STATE	INTERNAL	-0.25
com.google.android.music	ACCOUNTS	INTERNAL	1.35
com.google.android.talk	ACCESS_FINE_LOCATION	INTERNAL	0.6
com.google.android.talk	ACCOUNTS	INTERNAL	1.4
com.google.android.talk	CAMERA	INTERNAL	1.2
com.google.android.talk	READ_CONTACTS	INTERNAL	1.05
com.google.android.talk	READ_PHONE_STATE	INTERNAL	0.15
com.google.android.talk	SEND_SMS	INTERNAL	0.9
com.google.android.videos	ACCOUNTS	INTERNAL	1.1
com.google.android.youtube	ACCOUNTS	INTERNAL	1.05
com.google.android.youtube	CAMERA	INTERNAL	-0.75
com.google.android.ytremote	ACCOUNTS	INTERNAL	1.15
com.google.android.ytremote	READ_PHONE_STATE	INTERNAL	0.6
com.google.earth	ACCOUNTS	INTERNAL	1.1578947368421053
com.gotow.hexdefensefree	ACCOUNTS	INTERNAL	0.6842105263157895
com.gridmob.android.funnycall	READ_PHONE_STATE	INTERNAL	0.75
com.gridmob.android.funnycall	READ_PHONE_STATE	TARGETED_ADS	-0.25
com.guidasky.android	READ_PHONE_STATE	INTERNAL	0.8888888888888888
com.halfbrick.fruitninjafree	ACCESS_COARSE_LOCATION	TARGETED_ADS	-0.65
com.halfbrick.fruitninjafree	ACCESS_FINE_LOCATION	INTERNAL	-0.5
com.halfbrick.fruitninjafree	ACCESS_FINE_LOCATION	TARGETED_ADS	-1.15
com.halfbrick.fruitninjafree	ACCOUNTS	INTERNAL	0.65
com.halfbrick.fruitninjafree	READ_PHONE_STATE	INTERNAL	-0.2
com.halfbrick.fruitninjafree	READ_PHONE_STATE	TARGETED_ADS	-0.5263157894736842
com.halfbrick.jetpackjoyride	ACCESS_COARSE_LOCATION	TARGETED_ADS	-0.6
com.halfbrick.jetpackjoyride	ACCOUNTS	INTERNAL	0.1
com.halfbrick.jetpackjoyride	READ_PHONE_STATE	INTERNAL	-0.45
com.halfbrick.jetpackjoyride	READ_PHONE_STATE	TARGETED_ADS	-0.55
com.handmark.tweetcaster	ACCESS_COARSE_LOCATION	UTILITY	0.9
com.happyelements.happyfish	ACCESS_FINE_LOCATION	SNS	-0.2631578947368421
com.happyelements.happyfish	READ_PHONE_STATE	PAYMENT	-0.05
com.hipipal.qpy3	SEND_SMS	DEVELOPMENT_AID	-0.10526315789473684
com.hipipal.qpyplus	BLUETOOTH	DEVELOPMENT_AID	0.95
com.hotspots.voicedialer	ACCESS_FINE_LOCATION	SECONDARY_MARKET	-0.7894736842105263
com.hyperkani.hyppely	READ_PHONE_STATE	TARGETED_ADS	-0.2
com.icloudzone.SpeedNight	READ_CONTACTS	SOCIAL_GAMING	-0.6
com.icloudzone.SpeedNight2	READ_CONTACTS	SOCIAL_GAMING	-0.35
com.ielfgame.ironRusher	READ_PHONE_STATE	INTERNAL	0.5
com.ielfgame.ironRusher	READ_PHONE_STATE	TARGETED_ADS	-0.3157894736842105
com.igg.castleclash	ACCOUNTS	INTERNAL	0.45
com.igg.castleclash	READ_PHONE_STATE	INTERNAL	-0.45
com.igg.castleclash	READ_PHONE_STATE	TARGETED_ADS	-1.2
com.imangi.templerun2	READ_PHONE_STATE	GAME_ENGINE	-0.8
com.imangi.templerun2	READ_PHONE_STATE	MOBILE_ANALYTICS	-0.9
com.insasofttech.GhostCam	CAMERA	INTERNAL	1.0
com.insasofttech.GhostCam	READ_PHONE_STATE	TARGETED_ADS	-0.3
com.insasofttech.TattooCam	READ_PHONE_STATE	TARGETED_ADS	-0.5882352941176471
com.instagram.android	ACCESS_FINE_LOCATION	INTERNAL	0.6842105263157895
com.instagram.android	ACCOUNTS	INTERNAL	1.3333333333333333
com.instagram.android	CAMERA	INTERNAL	1.7894736842105263
com.instagram.android	READ_CONTACTS	INTERNAL	0.35294117647058826
com.instagram.android	RECORD_AUDIO	INTERNAL	1.2352941176470589
com.jackdoit.lockbotfree	READ_PHONE_STATE	INTERNAL	0.35
com.jb.gokeyboard	ACCOUNTS	SECONDARY_MARKET	-0.631578947368421
com.jb.gosms	ACCOUNTS	SNS	-0.05
com.jb.gosms	READ_CONTACTS	INTERNAL	1.0
com.jb.gosms	READ_PHONE_STATE	INTERNAL	0.05263157894736842
com.jb.gosms	RECORD_AUDIO	INTERNAL	1.15
com.jb.gosms	SEND_SMS	INTERNAL	0.55
com.jointhearmy	ACCESS_FINE_LOCATION	INTERNAL	0.52
com.jointhearmy	READ_PHONE_STATE	INTERNAL	-0.16666666666666666
com.jrummy.liberty.toolbox	READ_CONTACTS	SNS	-0.25
com.kakao.talk	ACCESS_COARSE_LOCATION	TARGETED_ADS	-0.3
com.kakao.talk	ACCESS_FINE_LOCATION	INTERNAL	-0.15
com.kakao.talk	ACCESS_FINE_LOCATION	TARGETED_ADS	-0.4
com.kakao.talk	ACCOUNTS	INTERNAL	1.15
com.kakao.talk	BLUETOOTH	INTERNAL	1.0
com.kakao.talk	CAMERA	INTERNAL	0.7894736842105263
com.kakao.talk	READ_CONTACTS	INTERNAL	0.7894736842105263
com.kakao.talk	READ_PHONE_STATE	INTERNAL	0.3157894736842105
com.kakao.talk	RECORD_AUDIO	INTERNAL	1.0
com.kangaroo.logic	ACCESS_FINE_LOCATION	SOCIAL_GAMING	-0.2
com.kaosu.i.battery.ppochi	BLUETOOTH	TARGETED_ADS	-0.8888888888888888
com.kauf.talking.baum.TalkingJamesSquirrel	READ_PHONE_STATE	TARGETED_ADS	-0.45
com.kfactormedia.mycalendarmobile	ACCOUNTS	INTERNAL	0.6842105263157895
com.kfactormedia.mycalendarmobile	READ_CONTACTS	INTERNAL	0.6842105263157895
com.kfactormedia.mycalendarmobile	READ_PHONE_STATE	INTERNAL	-0.2631578947368421
com.kfactormedia.mycalendarmobile	READ_PHONE_STATE	TARGETED_ADS	-0.6111111111111112
com.kii.safe	ACCOUNTS	INTERNAL	0.9444444444444444
com.kii.safe	CAMERA	INTERNAL	0.9411764705882353
com.kii.safe	READ_PHONE_STATE	INTERNAL	-0.2222222222222222
com.kiloo.subwaysurf	READ_PHONE_STATE	GAME_ENGINE	-1.05
com.kiloo.subwaysurf	READ_PHONE_STATE	MOBILE_ANALYTICS	-1.1
com.klik.games.fastball2	READ_PHONE_STATE	TARGETED_ADS	0.25
com.lavapps.AirTrafficControlLite	READ_PHONE_STATE	TARGETED_ADS	-0.4
com.leftover.CoinDozer	READ_PHONE_STATE	GAME_ENGINE	-0.55
com.letang.game103pp.cn	SEND_SMS	SNS	-0.65
com.lily.times.rabbit1.all	READ_PHONE_STATE	TARGETED_ADS	-0.2631578947368421
com.loloworks.llzbs	ACCESS_FINE_LOCATION	SOCIAL_GAMING	-0.3
com.loloworks.llzbs	CAMERA	SOCIAL_GAMING	-0.15
com.loloworks.llzbs	RECORD_AUDIO	SOCIAL_GAMING	0.7
com.lookout	ACCOUNTS	INTERNAL	1.0
com.magmamobile.game.BubbleBlast2	READ_PHONE_STATE	INTERNAL	-0.6
com.magmamobile.game.BubbleBlast2	READ_PHONE_STATE	SOCIAL_GAMING	0.1
com.magmamobile.game.BubbleBlast2	READ_PHONE_STATE	TARGETED_ADS	-0.6
com.magmamobile.game.mousetrap	READ_PHONE_STATE	TARGETED_ADS	-0.7222222222222222
com.magmamobile.game.soccer	READ_PHONE_STATE	TARGETED_ADS	-0.35
com.mangolee.fail.wtf.sexy.girl.wired.funny	READ_PHONE_STATE	INTERNAL	-0.5263157894736842
com.mapbar.android.mapbarmap	ACCOUNTS	SNS	-0.5
com.mediafire.android	CAMERA	DEVELOPMENT_AID	1.2222222222222223
com.meecel.feedreader.RssDemonAd	ACCOUNTS	DEVELOPMENT_AID	0.85
com.menueph.entertainment.finger	READ_PHONE_STATE	MOBILE_ANALYTICS	-0.3333333333333333
com.menueph.entertainment.russianroulette	ACCESS_FINE_LOCATION	MOBILE_ANALYTICS	-0.5263157894736842
com.menueph.entertainment.russianroulette	ACCESS_FINE_LOCATION	TARGETED_ADS	0.0
com.menueph.entertainment.russianroulette	READ_PHONE_STATE	INTERNAL	-0.4
com.menueph.entertainment.russianroulette	READ_PHONE_STATE	MOBILE_ANALYTICS	-0.2631578947368421
com.menueph.entertainment.russianroulette	READ_PHONE_STATE	TARGETED_ADS	-0.5
com.mindSpringLabs.sithSaber	READ_PHONE_STATE	TARGETED_ADS	-0.8
com.miniclip.eightballpool	ACCOUNTS	SECONDARY_MARKET	-0.7
com.miniclip.eightballpool	READ_PHONE_STATE	SECONDARY_MARKET	-0.95
com.miniclip.fraggerfree	READ_PHONE_STATE	TARGETED_ADS	-0.15
com.mirasoftapps.nudescanner	READ_PHONE_STATE	TARGETED_ADS	-1.0
com.moaibot.sweetyheaven	RECORD_AUDIO	GAME_ENGINE	-0.15
com.mobage.ww.a448.TouchHockey_android	ACCESS_FINE_LOCATION	MOBILE_ANALYTICS	0.0
com.mobage.ww.a448.TouchHockey_android	ACCESS_FINE_LOCATION	TARGETED_ADS	-0.25
com.mobage.ww.a448.TouchHockey_android	ACCOUNTS	TARGETED_ADS	-0.35
com.mobage.ww.a448.TouchHockey_android	READ_PHONE_STATE	INTERNAL	0.7
com.mobage.ww.a448.TouchHockey_android	READ_PHONE_STATE	TARGETED_ADS	0.5
com.mobage.ww.a692.Bahamut_Android	ACCESS_FINE_LOCATION	MOBILE_ANALYTICS	0.05
com.mobage.ww.a692.Bahamut_Android	ACCESS_FINE_LOCATION	TARGETED_ADS	-0.47368421052631576
com.mobage.ww.a692.Bahamut_Android	READ_PHONE_STATE	INTERNAL	1.1
com.mobage.ww.a692.Bahamut_Android	READ_PHONE_STATE	TARGETED_ADS	0.25
com.mobileroadie.TaylorSwift	READ_PHONE_STATE	INTERNAL	0.5263157894736842
com.mobispectra.android.apps.car2enjoy	ACCESS_FINE_LOCATION	INTERNAL	1.4285714285714286
com.mobispectra.android.apps.car2enjoy	ACCESS_FINE_LOCATION	TARGETED_ADS	0.3333333333333333
com.morisoft.AndroidFreeGamENG.AOD	READ_PHONE_STATE	INTERNAL	0.8333333333333334
com.morisoft.AndroidFreeGamENG.AOD	READ_PHONE_STATE	TARGETED_ADS	-0.631578947368421
com.ms.coupleobserver	ACCESS_FINE_LOCATION	TARGETED_ADS	-0.05
com.ms.coupleobserver	ACCOUNTS	INTERNAL	0.7
com.ms.coupleobserver	READ_PHONE_STATE	INTERNAL	1.0
com.murtos.android.peopleofwalmart	READ_PHONE_STATE	TARGETED_ADS	-0.7222222222222222
com.myfknoll.draw.together	BLUETOOTH	SOCIAL_GAMING	1.25
com.mythlj.snakesally	BLUETOOTH	GAME_ENGINE	1.15
com.myxer.android	ACCESS_FINE_LOCATION	MOBILE_ANALYTICS	-0.05263157894736842
com.myxer.android	ACCESS_FINE_LOCATION	TARGETED_ADS	0.10526315789473684
com.myxer.android	READ_CONTACTS	TARGETED_ADS	-0.8333333333333334
com.myxer.android	READ_PHONE_STATE	INTERNAL	0.5263157894736842
com.myxer.android	READ_PHONE_STATE	TARGETED_ADS	0.21052631578947367
com.netflix.mediaclient	READ_PHONE_STATE	INTERNAL	-0.1
com.netflix.mediaclient	READ_PHONE_STATE	MOBILE_ANALYTICS	-0.25
com.netqin.ps	READ_PHONE_STATE	PAYMENT	-0.2777777777777778
com.netqin.ps	SEND_SMS	PAYMENT	-0.2222222222222222
com.nimbuzz	ACCOUNTS	INTERNAL	0.7
com.nordcurrent.Games101	ACCESS_COARSE_LOCATION	TARGETED_ADS	-0.35
com.nordcurrent.Games101	READ_PHONE_STATE	INTERNAL	-0.45
com.nordcurrent.Games101	READ_PHONE_STATE	MOBILE_ANALYTICS	-0.85
com.nordcurrent.Games101	READ_PHONE_STATE	TARGETED_ADS	-0.7
com.novalibra.cashierlive.inventory	CAMERA	INTERNAL	1.35
com.nqmobile.antivirus20	READ_PHONE_STATE	PAYMENT	-0.45
com.nqmobile.antivirus20	SEND_SMS	PAYMENT	-0.5
com.nqmobile.antivirus20.multilang	SEND_SMS	PAYMENT	-0.35
com.nubee.japanlife	ACCOUNTS	SNS	0.3333333333333333
com.nurogames.talkingsantalite	READ_PHONE_STATE	TARGETED_ADS	0.125
com.nvidia.tegrazone	ACCOUNTS	INTERNAL	0.7777777777777778
com.omgpop.dstfree	READ_PHONE_STATE	INTERNAL	-0.6875
com.omgpop.dstfree	READ_PHONE_STATE	MOBILE_ANALYTICS	-0.7894736842105263
com.omgpop.dstfree	READ_PHONE_STATE	TARGETED_ADS	-0.6842105263157895
com.omgpop.dstfree	READ_PHONE_STATE	UTILITY	0.058823529411764705
com.opera.browser	READ_PHONE_STATE	INTERNAL	-0.25
com.outfit7.mytalkingtomfree	READ_PHONE_STATE	GAME_ENGINE	-1.15
com.outfit7.mytalkingtomfree	READ_PHONE_STATE	INTERNAL	-0.35
com.outfit7.mytalkingtomfree	READ_PHONE_STATE	MOBILE_ANALYTICS	-0.55
com.outfit7.mytalkingtomfree	READ_PHONE_STATE	TARGETED_ADS	-1.0
com.outfit7.mytalkingtomfree	RECORD_AUDIO	INTERNAL	0.75
com.outfit7.mytalkingtomfree	RECORD_AUDIO	TARGETED_ADS	-0.75
com.outfit7.mytalkingtomfree	RECORD_AUDIO	UTILITY	0.8
com.outfit7.talkinggina	READ_PHONE_STATE	INTERNAL	0.2
com.outfit7.talkinggina	READ_PHONE_STATE	TARGETED_ADS	-0.4
com.outfit7.talkingpierrefree	READ_PHONE_STATE	INTERNAL	0.6
com.outfit7.talkingpierrefree	READ_PHONE_STATE	TARGETED_ADS	-0.15
com.outfit7.talkingtom	READ_PHONE_STATE	INTERNAL	-0.8
com.outfit7.talkingtom	READ_PHONE_STATE	MOBILE_ANALYTICS	-0.65
com.outfit7.talkingtom	READ_PHONE_STATE	TARGETED_ADS	-0.95
com.outfit7.talkingtom	RECORD_AUDIO	INTERNAL	1.2
com.outfit7.talkingtom	RECORD_AUDIO	TARGETED_ADS	-1.0
com.outfit7.talkingtom2free	READ_PHONE_STATE	INTERNAL	-0.35
com.outfit7.talkingtom2free	READ_PHONE_STATE	MOBILE_ANALYTICS	-0.65
com.outfit7.talkingtom2free	READ_PHONE_STATE	TARGETED_ADS	-0.7
com.outfit7.talkingtom2free	RECORD_AUDIO	INTERNAL	0.95
com.outfit7.talkingtom2free	RECORD_AUDIO	TARGETED_ADS	-0.7
com.outfit7.tomlovesangelafree	CAMERA	TARGETED_ADS	-0.6842105263157895
com.outfit7.tomlovesangelafree	READ_PHONE_STATE	INTERNAL	0.3157894736842105
com.outfit7.tomlovesangelafree	READ_PHONE_STATE	MOBILE_ANALYTICS	-0.47368421052631576
com.outfit7.tomlovesangelafree	READ_PHONE_STATE	TARGETED_ADS	-0.15
com.paladin.GunStrike	READ_PHONE_STATE	INTERNAL	0.4
com.pallosalama.dice.free	READ_PHONE_STATE	TARGETED_ADS	-0.35
com.panapstudio.mojitsunagifree	BLUETOOTH	SOCIAL_GAMING	0.7894736842105263
com.pandora.android	BLUETOOTH	INTERNAL	1.3
com.pandora.android	READ_PHONE_STATE	INTERNAL	-0.25
com.pedrocorp.android.guitar	RECORD_AUDIO	INTERNAL	1.4210526315789473
com.picsart.studio	ACCESS_FINE_LOCATION	INTERNAL	0.3
com.pigeon.happybdaycakelite	ACCOUNTS	INTERNAL	0.21052631578947367
com.pigeon.happybdaycakelite	READ_PHONE_STATE	INTERNAL	0.1
com.playphone.zombiemission	SEND_SMS	SNS	-0.4
com.playtales.en.hanselygretel	READ_PHONE_STATE	INTERNAL	0.09375
com.playtales.en.hanselygretel	READ_PHONE_STATE	MOBILE_ANALYTICS	-0.875
com.pnc.ecommerce.mobile	ACCESS_FINE_LOCATION	DEVELOPMENT_AID	0.9
com.pnc.ecommerce.mobile	CAMERA	DEVELOPMENT_AID	1.65
com.popcannibal.spacethunk	READ_PHONE_STATE	TARGETED_ADS	-0.25
com.popularapp.periodcalendar	ACCOUNTS	INTERNAL	0.85
com.project_x.ARShooting	CAMERA	INTERNAL	0.8947368421052632
com.protoscomunicaciones.localizamovil	ACCESS_FINE_LOCATION	INTERNAL	0.95
com.qihoo.security	CAMERA	INTERNAL	0.6
com.qihoo.security	READ_CONTACTS	INTERNAL	0.3
com.qihoo.security	READ_PHONE_STATE	INTERNAL	0.1
com.rastergrid.game.pocketsoccer	ACCESS_COARSE_LOCATION	SOCIAL_GAMING	-0.05
com.readingbee.studiofreeaudiobooks	RECORD_AUDIO	INTERNAL	1.0
com.red.dino	READ_PHONE_STATE	TARGETED_ADS	-0.85
com.redbull.RedBullAugmentedRacingReloaded	CAMERA	GAME_ENGINE	0.35
com.repsis.android.tapdroid	READ_PHONE_STATE	TARGETED_ADS	-0.7857142857142857
com.rixment.game.rocketcraze	READ_PHONE_STATE	INTERNAL	0.85
com.rixment.game.rocketcraze	READ_PHONE_STATE	TARGETED_ADS	-0.05
com.roboconn.snipelite	ACCESS_FINE_LOCATION	TARGETED_ADS	-0.4
com.roboconn.snipetrial	ACCESS_FINE_LOCATION	TARGETED_ADS	-0.47368421052631576
com.robotwheelie.android.facegoo	ACCESS_FINE_LOCATION	MOBILE_ANALYTICS	0.29411764705882354
com.robotwheelie.android.facegoo	ACCESS_FINE_LOCATION	TARGETED_ADS	-0.6875
com.robotwheelie.android.facegoo	READ_PHONE_STATE	TARGETED_ADS	-0.4
com.rocketmind.fishing	ACCESS_FINE_LOCATION	MOBILE_ANALYTICS	0.1
com.rocketmind.fishing	ACCESS_FINE_LOCATION	TARGETED_ADS	-0.2
com.rocketmind.fishing	ACCOUNTS	INTERNAL	0.7
com.rocketmind.fishing	READ_PHONE_STATE	INTERNAL	0.6
com.roguerocketgames.sushichop	READ_PHONE_STATE	INTERNAL	0.5263157894736842
com.roguerocketgames.sushichop	READ_PHONE_STATE	TARGETED_ADS	-0.3157894736842105
com.roidapp.photogrid	ACCESS_COARSE_LOCATION	INTERNAL	0.3684210526315789
com.romanempire	READ_PHONE_STATE	TARGETED_ADS	0.05263157894736842
com.rovio.amazingalex.trial	READ_PHONE_STATE	MOBILE_ANALYTICS	0.3157894736842105
com.rovio.angrybirds	ACCESS_COARSE_LOCATION	TARGETED_ADS	-0.8
com.rovio.angrybirds	READ_PHONE_STATE	INTERNAL	-0.5789473684210527
com.rovio.angrybirds	READ_PHONE_STATE	MOBILE_ANALYTICS	-0.75
com.rovio.angrybirdsrio	ACCESS_COARSE_LOCATION	TARGETED_ADS	-0.55
com.rovio.angrybirdsrio	READ_PHONE_STATE	INTERNAL	-0.55
com.rovio.angrybirdsrio	READ_PHONE_STATE	MOBILE_ANALYTICS	-0.5
com.rovio.angrybirdsseasons	ACCESS_COARSE_LOCATION	TARGETED_ADS	-0.6
com.rovio.angrybirdsseasons	READ_PHONE_STATE	INTERNAL	-0.3684210526315789
com.rovio.angrybirdsseasons	READ_PHONE_STATE	MOBILE_ANALYTICS	-0.5
com.rovio.angrybirdsspace.ads	ACCESS_COARSE_LOCATION	TARGETED_ADS	-0.65
com.rovio.angrybirdsspace.ads	READ_PHONE_STATE	INTERNAL	-0.1
com.rovio.angrybirdsspace.ads	READ_PHONE_STATE	MOBILE_ANALYTICS	-0.7
com.sbs.lamusica	SEND_SMS	UTILITY	-1.35
com.sds.android.ttpod	ACCESS_COARSE_LOCATION	SNS	-0.25
com.sds.android.ttpod	ACCESS_FINE_LOCATION	SNS	-0.15
com.sensacine.android	ACCESS_FINE_LOCATION	INTERNAL	0.9
com.sensacine.android	READ_PHONE_STATE	INTERNAL	0.29411764705882354
com.seven.integral.Z7	ACCOUNTS	SNS	-0.35
com.seventeenbullets.android.island	READ_PHONE_STATE	INTERNAL	-0.6
com.seventeenbullets.android.island	READ_PHONE_STATE	MOBILE_ANALYTICS	-0.6
com.sgiggle.production	ACCESS_FINE_LOCATION	INTERNAL	-0.25
com.sgiggle.production	ACCESS_FINE_LOCATION	UTILITY	0.05
com.sgiggle.production	ACCOUNTS	INTERNAL	0.8
com.sgiggle.production	CAMERA	INTERNAL	1.3157894736842106
com.sgiggle.production	READ_CONTACTS	INTERNAL	0.8421052631578947
com.sgiggle.production	READ_PHONE_STATE	INTERNAL	0.15
com.sgiggle.production	RECORD_AUDIO	INTERNAL	1.1578947368421053
com.sgiggle.production	SEND_SMS	INTERNAL	-0.3684210526315789
com.shazam.android	ACCESS_FINE_LOCATION	INTERNAL	0.25
com.shazam.android	ACCESS_FINE_LOCATION	MOBILE_ANALYTICS	-0.7
com.shazam.android	ACCESS_FINE_LOCATION	TARGETED_ADS	-0.7
com.shazam.android	ACCOUNTS	INTERNAL	0.7435897435897436
com.shazam.android	READ_PHONE_STATE	INTERNAL	-0.2
com.shazam.android	READ_PHONE_STATE	MOBILE_ANALYTICS	-0.7
com.shazam.android	RECORD_AUDIO	INTERNAL	1.45
com.shazam.android	RECORD_AUDIO	UTILITY	1.45
com.silvertree.cordysky	ACCOUNTS	INTERNAL	0.47368421052631576
com.sirma.mobile.bible.android	ACCOUNTS	INTERNAL	0.25
com.sirma.mobile.bible.android	READ_PHONE_STATE	MOBILE_ANALYTICS	-0.5
com.sirma.mobile.bible.android	READ_PHONE_STATE	TARGETED_ADS	-0.8
com.sixwaves.strikefleetomega	READ_PHONE_STATE	INTERNAL	0.47368421052631576
com.sixwaves.strikefleetomega	READ_PHONE_STATE	MOBILE_ANALYTICS	0.47368421052631576
com.sixwaves.strikefleetomega	READ_PHONE_STATE	TARGETED_ADS	-0.5
com.skype.raider	ACCOUNTS	INTERNAL	1.1481481481481481
com.skype.raider	BLUETOOTH	INTERNAL	1.0588235294117647
com.skype.raider	CAMERA	INTERNAL	1.8333333333333333
com.skype.raider	READ_CONTACTS	INTERNAL	1.105263157894737
com.skype.raider	READ_PHONE_STATE	INTERNAL	0.3888888888888889
com.skype.raider	READ_PHONE_STATE	MOBILE_ANALYTICS	-0.058823529411764705
com.skype.raider	READ_PHONE_STATE	UTILITY	0.8333333333333334
com.skype.raider	RECORD_AUDIO	INTERNAL	1.3333333333333333
com.smartanuj.jokes	READ_PHONE_STATE	INTERNAL	1.105263157894737
com.smartanuj.jokes	READ_PHONE_STATE	TARGETED_ADS	-0.21052631578947367
com.socialnmobile.hd.flashlight	CAMERA	INTERNAL	1.588235294117647
com.socialquantum.acityint	READ_PHONE_STATE	PAYMENT	-0.6
com.softcube.dadsday	SEND_SMS	TARGETED_ADS	-0.7777777777777778
com.softcube.screens	SEND_SMS	TARGETED_ADS	-0.5
com.softetic.plp.bam.demo	READ_PHONE_STATE	TARGETED_ADS	-0.6071428571428571
com.soundeffects.voicedoll	RECORD_AUDIO	INTERNAL	0.9411764705882353
com.speaktoit.assistant	BLUETOOTH	MOBILE_ANALYTICS	0.7
com.spinmaster.techdeck	CAMERA	GAME_ENGINE	0.9473684210526315
com.splashpadmobile.battery	SEND_SMS	TARGETED_ADS	-0.65
com.storybird.spacebusterlite	READ_PHONE_STATE	INTERNAL	0.75
com.stream.phd	READ_PHONE_STATE	TARGETED_ADS	-0.7
com.stuckpixelinc.epicfail	READ_PHONE_STATE	TARGETED_ADS	-0.55
com.stuckpixelinc.funnypics	READ_PHONE_STATE	TARGETED_ADS	0.23529411764705882
com.stumbleupon.android.app	ACCOUNTS	INTERNAL	1.3
com.stumbleupon.android.app	READ_PHONE_STATE	MOBILE_ANALYTICS	0.75
com.supercell.clashofclans	READ_PHONE_STATE	INTERNAL	-0.25
com.supercell.hayday	READ_PHONE_STATE	INTERNAL	-0.5
com.surpax.ledflashlight.panel	CAMERA	INTERNAL	1.4736842105263157
com.surpax.ledflashlight.panel	READ_PHONE_STATE	INTERNAL	-0.6842105263157895
com.surpax.ledflashlight.panel	READ_PHONE_STATE	MOBILE_ANALYTICS	-0.631578947368421
com.surpax.ledflashlight.panel	READ_PHONE_STATE	TARGETED_ADS	-0.21052631578947367
com.swagbuckstvmobile.views	ACCESS_FINE_LOCATION	TARGETED_ADS	-0.23076923076923078
com.tapjoy.tapdefense	READ_PHONE_STATE	INTERNAL	0.2
com.tapular.grenadewhistle	READ_PHONE_STATE	TARGETED_ADS	-0.8125
com.tatem.robosockets	SEND_SMS	SOCIAL_GAMING	-0.5
com.teachersparadise.groovyscratchdraw	ACCESS_FINE_LOCATION	TARGETED_ADS	-0.5
com.teachersparadise.groovyscratchdraw	READ_PHONE_STATE	TARGETED_ADS	-0.6842105263157895
com.teamandroid.game	READ_PHONE_STATE	TARGETED_ADS	-0.3157894736842105
com.teamlava.bakerystory	READ_PHONE_STATE	SECONDARY_MARKET	-0.95
com.teamlava.restaurantstory	ACCOUNTS	SECONDARY_MARKET	-0.7
com.teamlava.restaurantstory	READ_PHONE_STATE	SECONDARY_MARKET	-0.8
com.teamsoft.falldown	READ_PHONE_STATE	TARGETED_ADS	-0.15
com.tencent.mm	ACCESS_COARSE_LOCATION	INTERNAL	-0.1
com.tencent.mm	ACCESS_FINE_LOCATION	INTERNAL	0.05263157894736842
com.tencent.mm	ACCOUNTS	INTERNAL	0.7758620689655172
com.tencent.mm	BLUETOOTH	INTERNAL	1.35
com.tencent.mm	CAMERA	INTERNAL	1.2
com.tencent.mm	READ_CONTACTS	INTERNAL	0.6
com.tencent.mm	READ_PHONE_STATE	INTERNAL	0.0
com.tencent.mm	RECORD_AUDIO	INTERNAL	1.1
com.tgb.kingkong	READ_PHONE_STATE	INTERNAL	0.5789473684210527
com.tgb.kingkong	READ_PHONE_STATE	MOBILE_ANALYTICS	-0.2631578947368421
com.tgb.kingkong	READ_PHONE_STATE	TARGETED_ADS	0.15
com.tgb.nationsatwar	ACCOUNTS	INTERNAL	0.6
com.tgb.nationsatwar	READ_PHONE_STATE	INTERNAL	0.7368421052631579
com.tgb.nationsatwar	READ_PHONE_STATE	MOBILE_ANALYTICS	-0.16666666666666666
com.tgb.nationsatwar	READ_PHONE_STATE	TARGETED_ADS	-0.10526315789473684
com.thechive	ACCESS_FINE_LOCATION	MOBILE_ANALYTICS	-0.15789473684210525
com.thechive	ACCESS_FINE_LOCATION	TARGETED_ADS	-0.5789473684210527
com.thechive	READ_PHONE_STATE	INTERNAL	0.65
com.thechive	READ_PHONE_STATE	TARGETED_ADS	-0.3
com.thomson.pediatrics	READ_PHONE_STATE	INTERNAL	0.6206896551724138
com.tommmi.freedjsoftware	READ_PHONE_STATE	DEVELOPMENT_AID	-0.9
com.tommmi.freedjsoftware	RECORD_AUDIO	DEVELOPMENT_AID	0.15
com.trickybanana.sounds.neod	READ_PHONE_STATE	TARGETED_ADS	-0.10526315789473684
com.tripadvisor.tripadvisor	ACCOUNTS	INTERNAL	0.8947368421052632
com.triposo.droidguide.amsterdam	ACCESS_FINE_LOCATION	INTERNAL	1.45
com.tumblr	ACCOUNTS	INTERNAL	0.6153846153846154
com.tvb.tvbfun	ACCESS_FINE_LOCATION	MOBILE_ANALYTICS	-0.1
com.twentythreedivide.hsw	READ_PHONE_STATE	MOBILE_ANALYTICS	0.05
com.twitter.android	ACCESS_FINE_LOCATION	INTERNAL	0.15
com.twitter.android	ACCOUNTS	INTERNAL	1.0847457627118644
com.twitter.android	READ_CONTACTS	INTERNAL	0.3
com.twitter.android	READ_PHONE_STATE	INTERNAL	0.25
com.twoo	ACCESS_COARSE_LOCATION	UTILITY	1.15
com.ubercab	ACCESS_COARSE_LOCATION	PAYMENT	0.9
com.uken.android.ageoflegends	READ_PHONE_STATE	INTERNAL	0.3684210526315789
com.uken.android.ageoflegends	READ_PHONE_STATE	TARGETED_ADS	0.1
com.uken.android.forcesofwar	READ_PHONE_STATE	INTERNAL	0.9
com.uken.android.forcesofwar	READ_PHONE_STATE	TARGETED_ADS	-0.05
com.uken.android.novawars	READ_PHONE_STATE	INTERNAL	0.5
com.uken.android.novawars	READ_PHONE_STATE	TARGETED_ADS	-0.2
com.uken.android.thestreetz	READ_PHONE_STATE	INTERNAL	0.45
com.uken.android.thestreetz	READ_PHONE_STATE	TARGETED_ADS	0.05
com.uken.android.villains	READ_PHONE_STATE	INTERNAL	0.8125
com.uken.android.villains	READ_PHONE_STATE	TARGETED_ADS	-0.55
com.unityconceptapps.tcr.kiat	ACCESS_FINE_LOCATION	DEVELOPMENT_AID	-1.15
com.unityconceptapps.tcr.kiat	CAMERA	DEVELOPMENT_AID	-0.6
com.unityconceptapps.tcr.kiat	READ_PHONE_STATE	DEVELOPMENT_AID	-1.0526315789473684
com.unityconceptapps.tcr.kiat	RECORD_AUDIO	DEVELOPMENT_AID	-1.263157894736842
com.v1_4.BBA3CFAB607CAEDBB1025D6C.com	READ_PHONE_STATE	INTERNAL	-0.5
com.viber.voip	ACCESS_FINE_LOCATION	INTERNAL	0.45
com.viber.voip	ACCOUNTS	INTERNAL	1.0263157894736843
com.viber.voip	BLUETOOTH	INTERNAL	1.2
com.viber.voip	READ_CONTACTS	INTERNAL	0.6
com.viber.voip	READ_PHONE_STATE	INTERNAL	0.15
com.viber.voip	READ_PHONE_STATE	UTILITY	0.8
com.viber.voip	RECORD_AUDIO	INTERNAL	1.105263157894737
com.visva.paintshop	READ_PHONE_STATE	TARGETED_ADS	-0.35
com.vkontakte.android	ACCOUNTS	INTERNAL	0.6
com.vkontakte.android	CAMERA	INTERNAL	0.95
com.vkontakte.android	READ_CONTACTS	INTERNAL	0.4
com.vkontakte.android	READ_CONTACTS	UTILITY	-0.15789473684210525
com.vkontakte.android	READ_PHONE_STATE	INTERNAL	-0.3157894736842105
com.vkontakte.android	READ_PHONE_STATE	UTILITY	0.2631578947368421
com.vkontakte.android	RECORD_AUDIO	INTERNAL	0.75
com.wantu.activity	ACCESS_COARSE_LOCATION	SNS	0.5263157894736842
com.wantu.activity	ACCESS_FINE_LOCATION	SNS	0.05263157894736842
com.waze	ACCESS_FINE_LOCATION	INTERNAL	1.263157894736842
com.waze	READ_CONTACTS	INTERNAL	0.05263157894736842
com.waze	RECORD_AUDIO	INTERNAL	0.631578947368421
com.webkey	SEND_SMS	DEVELOPMENT_AID	-0.15
com.webview.sazucafe	READ_PHONE_STATE	INTERNAL	0.47058823529411764
com.westriversw.CatWar	READ_PHONE_STATE	INTERNAL	0.45
com.westriversw.CatWar	READ_PHONE_STATE	TARGETED_ADS	0.1111111111111111
com.westriversw.MushroomWar	READ_PHONE_STATE	INTERNAL	0.85
com.westriversw.MushroomWar	READ_PHONE_STATE	TARGETED_ADS	0.2
com.westriversw.SvsM2	READ_PHONE_STATE	INTERNAL	0.4
com.westriversw.SvsM2	READ_PHONE_STATE	TARGETED_ADS	-0.25
com.westriversw.svsm	READ_PHONE_STATE	INTERNAL	0.6842105263157895
com.whaleshark.retailmenot	BLUETOOTH	UTILITY	0.9
com.whatsapp	ACCESS_FINE_LOCATION	INTERNAL	0.0
com.whatsapp	ACCOUNTS	INTERNAL	0.9
com.whatsapp	CAMERA	INTERNAL	1.35
com.whatsapp	READ_CONTACTS	INTERNAL	0.8
com.whatsapp	READ_PHONE_STATE	INTERNAL	0.2
com.whatsapp	RECORD_AUDIO	INTERNAL	1.4
com.whatsapp	SEND_SMS	INTERNAL	0.1
com.wooga.diamonddash	ACCOUNTS	INTERNAL	0.15
com.wooga.diamonddash	READ_PHONE_STATE	MOBILE_ANALYTICS	-0.55
com.x3anywhere	CAMERA	INTERNAL	1.0
com.xfinity.tv	READ_PHONE_STATE	INTERNAL	1.25
com.xfinity.tv	READ_PHONE_STATE	MOBILE_ANALYTICS	-0.1111111111111111
com.xvalue.androtoolkit	ACCESS_FINE_LOCATION	SECONDARY_MARKET	-0.6
com.xz.nc	SEND_SMS	SECONDARY_MARKET	-0.4
com.yahoo.mobile.client.android.im	ACCOUNTS	INTERNAL	1.1
com.yahoo.mobile.client.android.mail	ACCOUNTS	INTERNAL	1.2166666666666666
com.yahoo.mobile.client.android.mail	READ_CONTACTS	INTERNAL	0.55
com.yahoo.mobile.client.android.mail	READ_PHONE_STATE	INTERNAL	-0.1
com.yahoo.mobile.client.android.weather	ACCOUNTS	INTERNAL	0.65
com.ygoar.ygodad	CAMERA	GAME_ENGINE	1.0526315789473684
com.yobonja.blastmonkeysfree	READ_PHONE_STATE	TARGETED_ADS	-0.29411764705882354
com.yodawnla.isMonster2	BLUETOOTH	UTILITY	1.55
com.zc.android	ACCESS_FINE_LOCATION	DEVELOPMENT_AID	1.0
com.zc.android	READ_CONTACTS	DEVELOPMENT_AID	-0.7
com.zeptolab.ctr.ads	ACCOUNTS	SECONDARY_MARKET	-0.75
com.zeptolab.ctr.ads	READ_PHONE_STATE	SECONDARY_MARKET	-0.7894736842105263
com.zeptolab.ctrexperiments.ads	READ_PHONE_STATE	PAYMENT	-0.25
com.zoosk.zoosk	READ_PHONE_STATE	PAYMENT	-0.3157894736842105
com.zrgiu.antivirus	SEND_SMS	PAYMENT	-0.05
com.zynga.words	ACCESS_FINE_LOCATION	INTERNAL	-0.7368421052631579
com.zynga.words	ACCESS_FINE_LOCATION	MOBILE_ANALYTICS	-0.75
com.zynga.words	ACCESS_FINE_LOCATION	TARGETED_ADS	-0.85
com.zynga.words	ACCOUNTS	INTERNAL	0.9473684210526315
com.zynga.words	READ_CONTACTS	INTERNAL	-0.15789473684210525
com.zynga.words	READ_PHONE_STATE	INTERNAL	-0.15
com.zynga.words	READ_PHONE_STATE	MOBILE_ANALYTICS	-0.45
com.zynga.words	SEND_SMS	INTERNAL	-0.15
de.eos.uptrade.android.fahrinfo.salzburg	ACCESS_FINE_LOCATION	INTERNAL	1.3846153846153846
de.hyperworx.spreewald	ACCESS_FINE_LOCATION	INTERNAL	1.1724137931034482
de.prog.frog.mekka_ad	ACCESS_FINE_LOCATION	INTERNAL	1.2083333333333333
eu.inmite.android.vodafone.vanoce	READ_PHONE_STATE	INTERNAL	0.23529411764705882
eu.nordeus.topeleven.android	READ_PHONE_STATE	PAYMENT	-0.25
eu.nordeus.topeleven.android	SEND_SMS	PAYMENT	-0.3333333333333333
ez.android.myguns	ACCESS_FINE_LOCATION	TARGETED_ADS	-0.47368421052631576
fingercms.tw.com.deeplet	RECORD_AUDIO	INTERNAL	0.8275862068965517
flypiggroup.zhainan2012	ACCESS_FINE_LOCATION	SECONDARY_MARKET	-1.35
game.activity	ACCESS_FINE_LOCATION	MOBILE_ANALYTICS	0.5
game.activity	ACCESS_FINE_LOCATION	TARGETED_ADS	-0.2
game.destiniaeng	READ_PHONE_STATE	INTERNAL	0.65
game.destiniaeng	READ_PHONE_STATE	TARGETED_ADS	-0.45
goldenshorestechnologies.brightestflashlight.free	ACCESS_FINE_LOCATION	TARGETED_ADS	-0.9473684210526315
goldenshorestechnologies.brightestflashlight.free	CAMERA	INTERNAL	1.5789473684210527
goodteamstudio.defence.lite.en	READ_PHONE_STATE	TARGETED_ADS	-0.5789473684210527
grandtheft.auto.vicecity.cheats.unofficial	READ_PHONE_STATE	DEVELOPMENT_AID	-0.9411764705882353
grandtheft.auto.vicecity.cheats.unofficial	RECORD_AUDIO	DEVELOPMENT_AID	-0.8421052631578947
heinrisch.throwa.pandaad	READ_PHONE_STATE	INTERNAL	0.5789473684210527
henrich.thandroid.floor	RECORD_AUDIO	GAME_ENGINE	-0.3
it.sunsea.cartonianimati	ACCESS_FINE_LOCATION	TARGETED_ADS	-0.55
it.sunsea.cartonianimati	READ_PHONE_STATE	TARGETED_ADS	-0.7
itesta.shipcombat	READ_PHONE_STATE	INTERNAL	0.95
jiangyou4.wallpaper.japan4	ACCESS_COARSE_LOCATION	TARGETED_ADS	-0.21052631578947367
jiangyou4.wallpaper.japan4	ACCESS_FINE_LOCATION	MOBILE_ANALYTICS	-0.5
jiangyou4.wallpaper.japan4	ACCESS_FINE_LOCATION	TARGETED_ADS	-0.8947368421052632
jiangyou4.wallpaper.japan4	READ_PHONE_STATE	INTERNAL	-0.16666666666666666
jiangyou4.wallpaper.japan4	READ_PHONE_STATE	MOBILE_ANALYTICS	-0.3157894736842105
jp.kmkz.android.wifimap	ACCESS_FINE_LOCATION	INTERNAL	1.4210526315789473
jp.naver.SJLGPP	READ_PHONE_STATE	GAME_ENGINE	-0.8421052631578947
jp.naver.SJLGWR	READ_PHONE_STATE	GAME_ENGINE	-0.5
jp.naver.android.artist.ygfamily	READ_PHONE_STATE	INTERNAL	0.55
jp.naver.line.android	ACCESS_COARSE_LOCATION	INTERNAL	0.55
jp.naver.line.android	ACCESS_FINE_LOCATION	INTERNAL	-0.2
jp.naver.line.android	ACCOUNTS	INTERNAL	0.9473684210526315
jp.naver.line.android	READ_CONTACTS	INTERNAL	0.10526315789473684
jp.naver.line.android	READ_PHONE_STATE	INTERNAL	0.05
jp.naver.line.android	RECORD_AUDIO	INTERNAL	1.45
jp.naver.linetools	ACCESS_FINE_LOCATION	DEVELOPMENT_AID	-0.6
jp.naver.linetools	CAMERA	DEVELOPMENT_AID	1.2
logos.quiz.companies.game	READ_PHONE_STATE	MOBILE_ANALYTICS	-0.7
logos.quiz.companies.game	READ_PHONE_STATE	TARGETED_ADS	-0.95
me.pou.app	BLUETOOTH	INTERNAL	0.75
me.pou.app	RECORD_AUDIO	INTERNAL	0.95
meansoft.colorbook.musical.view	ACCESS_COARSE_LOCATION	TARGETED_ADS	-0.5862068965517241
meansoft.colorbook.musical.view	ACCESS_FINE_LOCATION	TARGETED_ADS	-1.1071428571428572
meansoft.colorbook.musical.view	READ_PHONE_STATE	TARGETED_ADS	-1.0714285714285714
mmapps.mirror.free	CAMERA	INTERNAL	1.55
mobi.browser.flashfox	ACCOUNTS	UTILITY	0.058823529411764705
mominis.Generic_Android.Katoombaa_Kitchen_Chaos	READ_PHONE_STATE	TARGETED_ADS	-0.2
net.eclerstudios.thewhipsoundapp	READ_PHONE_STATE	MOBILE_ANALYTICS	-0.2631578947368421
net.maicas.android.idiotizer	RECORD_AUDIO	INTERNAL	1.1578947368421053
net.mobilecraft.realbasketball	READ_PHONE_STATE	GAME_ENGINE	-0.75
net.sjang.sail	ACCESS_FINE_LOCATION	TARGETED_ADS	-0.3
net.sjang.sail	ACCOUNTS	INTERNAL	0.15
net.sjang.sail	READ_PHONE_STATE	INTERNAL	0.5263157894736842
net.sjang.sail	READ_PHONE_STATE	TARGETED_ADS	-0.25
net.tsunamisoft.fanmusic	READ_PHONE_STATE	MOBILE_ANALYTICS	-0.7
net.tsunamisoft.fanmusic	READ_PHONE_STATE	TARGETED_ADS	-0.2
net.zedge.android	READ_CONTACTS	UTILITY	-0.75
nl.ejsoft.mortalskies2Free	READ_PHONE_STATE	TARGETED_ADS	-0.1
nl.tetrakis.instantvoice2mail	RECORD_AUDIO	INTERNAL	1.36
ns.feedmeworms	SEND_SMS	SOCIAL_GAMING	-0.8947368421052632
org.invictus.froggyjumpx	READ_PHONE_STATE	INTERNAL	0.85
org.invictus.froggyjumpx	READ_PHONE_STATE	TARGETED_ADS	-0.05
org.mozilla.firefox	ACCESS_FINE_LOCATION	INTERNAL	0.0
org.mozilla.firefox	ACCOUNTS	INTERNAL	1.05
org.mozilla.firefox	CAMERA	INTERNAL	0.2
pl.chrsoft.colorballs	READ_PHONE_STATE	TARGETED_ADS	-0.45
pl.redefine.ipla	READ_PHONE_STATE	INTERNAL	0.45
pl.wp.programtv	READ_PHONE_STATE	INTERNAL	0.5789473684210527
ru.aeradev.games.clumpsball	READ_PHONE_STATE	TARGETED_ADS	-0.2631578947368421
se.tv4.tv4playtab	BLUETOOTH	TARGETED_ADS	-0.2631578947368421
semsix.fingerprintlovetest	READ_PHONE_STATE	INTERNAL	0.6
smartteam.fishingmaster.lite.en	READ_PHONE_STATE	TARGETED_ADS	-0.25
smm.refill	SEND_SMS	UTILITY	0.1
sts.dl	READ_PHONE_STATE	TARGETED_ADS	-0.21052631578947367
talking.toy.teddy.bear	READ_PHONE_STATE	TARGETED_ADS	0.10526315789473684
vStudio.Android.Camera360	ACCESS_COARSE_LOCATION	SEARCH_ENGINE	0.8333333333333334
vStudio.Android.Camera360	ACCESS_COARSE_LOCATION	SNS	0.7368421052631579
vStudio.Android.Camera360	ACCESS_FINE_LOCATION	INTERNAL	0.15789473684210525
vStudio.Android.Camera360	ACCESS_FINE_LOCATION	MOBILE_ANALYTICS	-0.5882352941176471
vStudio.Android.Camera360	ACCESS_FINE_LOCATION	SEARCH_ENGINE	0.631578947368421
vStudio.Android.Camera360	ACCESS_FINE_LOCATION	SNS	0.47368421052631576
vStudio.Android.Camera360	READ_PHONE_STATE	INTERNAL	-0.5263157894736842
vStudio.Android.Camera360	READ_PHONE_STATE	MOBILE_ANALYTICS	-0.6666666666666666
vStudio.Android.Camera360	READ_PHONE_STATE	SEARCH_ENGINE	-1.2777777777777777
vStudio.Android.Camera360	READ_PHONE_STATE	SNS	0.3333333333333333
vStudio.Android.Camera360	RECORD_AUDIO	INTERNAL	0.7894736842105263
vdm.activities	READ_PHONE_STATE	INTERNAL	0.6
xz.com.dadisu	SEND_SMS	SECONDARY_MARKET	-0.85
