"hitid"	"hittypeid"	"title"	"description"	"keywords"	"reward"	"creationtime"	"assignments"	"numavailable"	"numpending"	"numcomplete"	"hitstatus"	"reviewstatus"	"annotation"	"assignmentduration"	"autoapprovaldelay"	"hitlifetime"	"viewhit"	"assignmentid"	"workerid"	"assignmentstatus"	"autoapprovaltime"	"assignmentaccepttime"	"assignmentsubmittime"	"assignmentapprovaltime"	"assignmentrejecttime"	"deadline"	"feedback"	"reject"	"Answer.packageName"	"Answer.permissionType"	"Answer.purposeType"	"Answer.permissionText"	"Answer.purposeText"	"Answer.Q1categoryQuestion"	"Answer.Q1realCategory"	"Answer.Q2comfortQuestion"	"Answer.Q2comment"
"3RWO3EJELH9AW5C0KOIOHAXD2IW1PT"	"3ISL4H6O6HKMSD7DGIM4AP7LHJKCID"	"Tell us what do you think about a mobile app and Earn $0.1 in 1 minute"	"Please look at this mobile app and give us feedback by answering the following questions. Each HIT is unique in some ways, please read the questions carefully. You can complete as many HITs as you want. "	"mobile, app, review"	"$0.10"	"Wed Aug 13 17:35:19 EDT 2014"	"20"	"0"	"0"	"0"	"Reviewable"	"NotReviewed"	"91"	"900"	"604800"	"Wed Aug 27 17:35:19 EDT 2014"	"https://requester.mturk.com/mturk/manageHIT?HITId=3RWO3EJELH9AW5C0KOIOHAXD2IW1PT"	"3DZQRBDBSLF66K41PB52PSC5Q80S3U"	"A9JHTV37LSE5F"	"Submitted"	"Wed Aug 20 17:38:55 EDT 2014"	"Wed Aug 13 17:38:45 EDT 2014"	"Wed Aug 13 17:38:55 EDT 2014"	""	""	""	""	""	"com.yodawnla.isMonster2"	"BLUETOOTH"	"UTILITY"	"can connect to user's Bluetooth devices"	"to enable fight your friends through Bluetooth"	"GAME"	"GAME"	"2"	""
"3RWO3EJELH9AW5C0KOIOHAXD2IW1PT"	"3ISL4H6O6HKMSD7DGIM4AP7LHJKCID"	"Tell us what do you think about a mobile app and Earn $0.1 in 1 minute"	"Please look at this mobile app and give us feedback by answering the following questions. Each HIT is unique in some ways, please read the questions carefully. You can complete as many HITs as you want. "	"mobile, app, review"	"$0.10"	"Wed Aug 13 17:35:19 EDT 2014"	"20"	"0"	"0"	"0"	"Reviewable"	"NotReviewed"	"91"	"900"	"604800"	"Wed Aug 27 17:35:19 EDT 2014"	"https://requester.mturk.com/mturk/manageHIT?HITId=3RWO3EJELH9AW5C0KOIOHAXD2IW1PT"	"30X31N5D63Q6Q53MYQKCC0QBWISSAQ"	"A2QD7QFGCUNF5N"	"Submitted"	"Wed Aug 20 17:42:41 EDT 2014"	"Wed Aug 13 17:39:20 EDT 2014"	"Wed Aug 13 17:42:41 EDT 2014"	""	""	""	""	""	"com.yodawnla.isMonster2"	"BLUETOOTH"	"UTILITY"	"can connect to user's Bluetooth devices"	"to enable fight your friends through Bluetooth"	"GAME"	"GAME"	"2"	""
"3RWO3EJELH9AW5C0KOIOHAXD2IW1PT"	"3ISL4H6O6HKMSD7DGIM4AP7LHJKCID"	"Tell us what do you think about a mobile app and Earn $0.1 in 1 minute"	"Please look at this mobile app and give us feedback by answering the following questions. Each HIT is unique in some ways, please read the questions carefully. You can complete as many HITs as you want. "	"mobile, app, review"	"$0.10"	"Wed Aug 13 17:35:19 EDT 2014"	"20"	"0"	"0"	"0"	"Reviewable"	"NotReviewed"	"91"	"900"	"604800"	"Wed Aug 27 17:35:19 EDT 2014"	"https://requester.mturk.com/mturk/manageHIT?HITId=3RWO3EJELH9AW5C0KOIOHAXD2IW1PT"	"3ATPCQ38J8A3MRFVXWC1UMECD3PAYN"	"A340DZFTU1OSQQ"	"Submitted"	"Wed Aug 20 17:43:56 EDT 2014"	"Wed Aug 13 17:38:30 EDT 2014"	"Wed Aug 13 17:43:56 EDT 2014"	""	""	""	""	""	"com.yodawnla.isMonster2"	"BLUETOOTH"	"UTILITY"	"can connect to user's Bluetooth devices"	"to enable fight your friends through Bluetooth"	"GAME"	"GAME"	"1"	""
"3RWO3EJELH9AW5C0KOIOHAXD2IW1PT"	"3ISL4H6O6HKMSD7DGIM4AP7LHJKCID"	"Tell us what do you think about a mobile app and Earn $0.1 in 1 minute"	"Please look at this mobile app and give us feedback by answering the following questions. Each HIT is unique in some ways, please read the questions carefully. You can complete as many HITs as you want. "	"mobile, app, review"	"$0.10"	"Wed Aug 13 17:35:19 EDT 2014"	"20"	"0"	"0"	"0"	"Reviewable"	"NotReviewed"	"91"	"900"	"604800"	"Wed Aug 27 17:35:19 EDT 2014"	"https://requester.mturk.com/mturk/manageHIT?HITId=3RWO3EJELH9AW5C0KOIOHAXD2IW1PT"	"32EYX73OY09E4ZH7P61YMRX9HJ2URH"	"A1LZWU72K42V92"	"Submitted"	"Wed Aug 20 17:47:19 EDT 2014"	"Wed Aug 13 17:42:05 EDT 2014"	"Wed Aug 13 17:47:19 EDT 2014"	""	""	""	""	""	"com.yodawnla.isMonster2"	"BLUETOOTH"	"UTILITY"	"can connect to user's Bluetooth devices"	"to enable fight your friends through Bluetooth"	"GAME"	"GAME"	"1"	""
"3RWO3EJELH9AW5C0KOIOHAXD2IW1PT"	"3ISL4H6O6HKMSD7DGIM4AP7LHJKCID"	"Tell us what do you think about a mobile app and Earn $0.1 in 1 minute"	"Please look at this mobile app and give us feedback by answering the following questions. Each HIT is unique in some ways, please read the questions carefully. You can complete as many HITs as you want. "	"mobile, app, review"	"$0.10"	"Wed Aug 13 17:35:19 EDT 2014"	"20"	"0"	"0"	"0"	"Reviewable"	"NotReviewed"	"91"	"900"	"604800"	"Wed Aug 27 17:35:19 EDT 2014"	"https://requester.mturk.com/mturk/manageHIT?HITId=3RWO3EJELH9AW5C0KOIOHAXD2IW1PT"	"320DUZ38G7ME1TXZXW38GLARYUUJGF"	"A36MTY8RSWBZU7"	"Submitted"	"Wed Aug 20 17:48:41 EDT 2014"	"Wed Aug 13 17:47:22 EDT 2014"	"Wed Aug 13 17:48:41 EDT 2014"	""	""	""	""	""	"com.yodawnla.isMonster2"	"BLUETOOTH"	"UTILITY"	"can connect to user's Bluetooth devices"	"to enable fight your friends through Bluetooth"	"GAME"	"GAME"	"2"	"I had to take care of my daughter's vpets.  I would not want a virtual one."
"3RWO3EJELH9AW5C0KOIOHAXD2IW1PT"	"3ISL4H6O6HKMSD7DGIM4AP7LHJKCID"	"Tell us what do you think about a mobile app and Earn $0.1 in 1 minute"	"Please look at this mobile app and give us feedback by answering the following questions. Each HIT is unique in some ways, please read the questions carefully. You can complete as many HITs as you want. "	"mobile, app, review"	"$0.10"	"Wed Aug 13 17:35:19 EDT 2014"	"20"	"0"	"0"	"0"	"Reviewable"	"NotReviewed"	"91"	"900"	"604800"	"Wed Aug 27 17:35:19 EDT 2014"	"https://requester.mturk.com/mturk/manageHIT?HITId=3RWO3EJELH9AW5C0KOIOHAXD2IW1PT"	"378XPAWRUCDHWR0QTEQY8YKONKTIAR"	"AMZYIIE52MXZN"	"Submitted"	"Wed Aug 20 17:49:53 EDT 2014"	"Wed Aug 13 17:49:06 EDT 2014"	"Wed Aug 13 17:49:53 EDT 2014"	""	""	""	""	""	"com.yodawnla.isMonster2"	"BLUETOOTH"	"UTILITY"	"can connect to user's Bluetooth devices"	"to enable fight your friends through Bluetooth"	"GAME"	"GAME"	"2"	""
"3RWO3EJELH9AW5C0KOIOHAXD2IW1PT"	"3ISL4H6O6HKMSD7DGIM4AP7LHJKCID"	"Tell us what do you think about a mobile app and Earn $0.1 in 1 minute"	"Please look at this mobile app and give us feedback by answering the following questions. Each HIT is unique in some ways, please read the questions carefully. You can complete as many HITs as you want. "	"mobile, app, review"	"$0.10"	"Wed Aug 13 17:35:19 EDT 2014"	"20"	"0"	"0"	"0"	"Reviewable"	"NotReviewed"	"91"	"900"	"604800"	"Wed Aug 27 17:35:19 EDT 2014"	"https://requester.mturk.com/mturk/manageHIT?HITId=3RWO3EJELH9AW5C0KOIOHAXD2IW1PT"	"39OWYR0EPKRYIIW38CYT8NP3AJ4YFQ"	"A3G00Q5JV2BE5G"	"Submitted"	"Wed Aug 20 17:53:48 EDT 2014"	"Wed Aug 13 17:50:24 EDT 2014"	"Wed Aug 13 17:53:48 EDT 2014"	""	""	""	""	""	"com.yodawnla.isMonster2"	"BLUETOOTH"	"UTILITY"	"can connect to user's Bluetooth devices"	"to enable fight your friends through Bluetooth"	"GAME"	"GAME"	"2"	""
"3RWO3EJELH9AW5C0KOIOHAXD2IW1PT"	"3ISL4H6O6HKMSD7DGIM4AP7LHJKCID"	"Tell us what do you think about a mobile app and Earn $0.1 in 1 minute"	"Please look at this mobile app and give us feedback by answering the following questions. Each HIT is unique in some ways, please read the questions carefully. You can complete as many HITs as you want. "	"mobile, app, review"	"$0.10"	"Wed Aug 13 17:35:19 EDT 2014"	"20"	"0"	"0"	"0"	"Reviewable"	"NotReviewed"	"91"	"900"	"604800"	"Wed Aug 27 17:35:19 EDT 2014"	"https://requester.mturk.com/mturk/manageHIT?HITId=3RWO3EJELH9AW5C0KOIOHAXD2IW1PT"	"369J354OFDA2DYISDD9J7H5MCOCG68"	"A3O81LHBBI8NPK"	"Submitted"	"Wed Aug 20 17:55:58 EDT 2014"	"Wed Aug 13 17:55:27 EDT 2014"	"Wed Aug 13 17:55:58 EDT 2014"	""	""	""	""	""	"com.yodawnla.isMonster2"	"BLUETOOTH"	"UTILITY"	"can connect to user's Bluetooth devices"	"to enable fight your friends through Bluetooth"	"GAME"	"GAME"	"2"	""
"3RWO3EJELH9AW5C0KOIOHAXD2IW1PT"	"3ISL4H6O6HKMSD7DGIM4AP7LHJKCID"	"Tell us what do you think about a mobile app and Earn $0.1 in 1 minute"	"Please look at this mobile app and give us feedback by answering the following questions. Each HIT is unique in some ways, please read the questions carefully. You can complete as many HITs as you want. "	"mobile, app, review"	"$0.10"	"Wed Aug 13 17:35:19 EDT 2014"	"20"	"0"	"0"	"0"	"Reviewable"	"NotReviewed"	"91"	"900"	"604800"	"Wed Aug 27 17:35:19 EDT 2014"	"https://requester.mturk.com/mturk/manageHIT?HITId=3RWO3EJELH9AW5C0KOIOHAXD2IW1PT"	"378XPAWRUCDHWR0QTEQY8YKONKUAIK"	"A298ZDGYSPP6YR"	"Submitted"	"Wed Aug 20 17:57:35 EDT 2014"	"Wed Aug 13 17:53:52 EDT 2014"	"Wed Aug 13 17:57:35 EDT 2014"	""	""	""	""	""	"com.yodawnla.isMonster2"	"BLUETOOTH"	"UTILITY"	"can connect to user's Bluetooth devices"	"to enable fight your friends through Bluetooth"	"GAME"	"GAME"	"2"	""
"3RWO3EJELH9AW5C0KOIOHAXD2IW1PT"	"3ISL4H6O6HKMSD7DGIM4AP7LHJKCID"	"Tell us what do you think about a mobile app and Earn $0.1 in 1 minute"	"Please look at this mobile app and give us feedback by answering the following questions. Each HIT is unique in some ways, please read the questions carefully. You can complete as many HITs as you want. "	"mobile, app, review"	"$0.10"	"Wed Aug 13 17:35:19 EDT 2014"	"20"	"0"	"0"	"0"	"Reviewable"	"NotReviewed"	"91"	"900"	"604800"	"Wed Aug 27 17:35:19 EDT 2014"	"https://requester.mturk.com/mturk/manageHIT?HITId=3RWO3EJELH9AW5C0KOIOHAXD2IW1PT"	"3NKQQ8O39Y5K3PY2756EH2G52IEDUX"	"A1PJLZSOUQ4MIL"	"Submitted"	"Wed Aug 20 17:57:45 EDT 2014"	"Wed Aug 13 17:56:43 EDT 2014"	"Wed Aug 13 17:57:45 EDT 2014"	""	""	""	""	""	"com.yodawnla.isMonster2"	"BLUETOOTH"	"UTILITY"	"can connect to user's Bluetooth devices"	"to enable fight your friends through Bluetooth"	"GAME"	"GAME"	"2"	""
"3RWO3EJELH9AW5C0KOIOHAXD2IW1PT"	"3ISL4H6O6HKMSD7DGIM4AP7LHJKCID"	"Tell us what do you think about a mobile app and Earn $0.1 in 1 minute"	"Please look at this mobile app and give us feedback by answering the following questions. Each HIT is unique in some ways, please read the questions carefully. You can complete as many HITs as you want. "	"mobile, app, review"	"$0.10"	"Wed Aug 13 17:35:19 EDT 2014"	"20"	"0"	"0"	"0"	"Reviewable"	"NotReviewed"	"91"	"900"	"604800"	"Wed Aug 27 17:35:19 EDT 2014"	"https://requester.mturk.com/mturk/manageHIT?HITId=3RWO3EJELH9AW5C0KOIOHAXD2IW1PT"	"3NG53N1RLVJVUPUF9BW4L4F5JAPP87"	"A3G0T5Y7OSC76S"	"Submitted"	"Wed Aug 20 18:03:25 EDT 2014"	"Wed Aug 13 18:00:31 EDT 2014"	"Wed Aug 13 18:03:25 EDT 2014"	""	""	""	""	""	"com.yodawnla.isMonster2"	"BLUETOOTH"	"UTILITY"	"can connect to user's Bluetooth devices"	"to enable fight your friends through Bluetooth"	"GAME"	"GAME"	"-1"	""
"3RWO3EJELH9AW5C0KOIOHAXD2IW1PT"	"3ISL4H6O6HKMSD7DGIM4AP7LHJKCID"	"Tell us what do you think about a mobile app and Earn $0.1 in 1 minute"	"Please look at this mobile app and give us feedback by answering the following questions. Each HIT is unique in some ways, please read the questions carefully. You can complete as many HITs as you want. "	"mobile, app, review"	"$0.10"	"Wed Aug 13 17:35:19 EDT 2014"	"20"	"0"	"0"	"0"	"Reviewable"	"NotReviewed"	"91"	"900"	"604800"	"Wed Aug 27 17:35:19 EDT 2014"	"https://requester.mturk.com/mturk/manageHIT?HITId=3RWO3EJELH9AW5C0KOIOHAXD2IW1PT"	"31LM9EDVOLSKBLELK0G365JOZ6JNJU"	"A167HNWLG22UFD"	"Submitted"	"Wed Aug 20 18:04:09 EDT 2014"	"Wed Aug 13 18:00:19 EDT 2014"	"Wed Aug 13 18:04:09 EDT 2014"	""	""	""	""	""	"com.yodawnla.isMonster2"	"BLUETOOTH"	"UTILITY"	"can connect to user's Bluetooth devices"	"to enable fight your friends through Bluetooth"	"GAME"	"GAME"	"1"	""
"3RWO3EJELH9AW5C0KOIOHAXD2IW1PT"	"3ISL4H6O6HKMSD7DGIM4AP7LHJKCID"	"Tell us what do you think about a mobile app and Earn $0.1 in 1 minute"	"Please look at this mobile app and give us feedback by answering the following questions. Each HIT is unique in some ways, please read the questions carefully. You can complete as many HITs as you want. "	"mobile, app, review"	"$0.10"	"Wed Aug 13 17:35:19 EDT 2014"	"20"	"0"	"0"	"0"	"Reviewable"	"NotReviewed"	"91"	"900"	"604800"	"Wed Aug 27 17:35:19 EDT 2014"	"https://requester.mturk.com/mturk/manageHIT?HITId=3RWO3EJELH9AW5C0KOIOHAXD2IW1PT"	"3WOKGM4L71GVR0DBZ76A3P4XQ7I0OF"	"ALEJV7D94ZLHF"	"Submitted"	"Wed Aug 20 18:04:15 EDT 2014"	"Wed Aug 13 18:03:31 EDT 2014"	"Wed Aug 13 18:04:15 EDT 2014"	""	""	""	""	""	"com.yodawnla.isMonster2"	"BLUETOOTH"	"UTILITY"	"can connect to user's Bluetooth devices"	"to enable fight your friends through Bluetooth"	"GAME"	"GAME"	"2"	""
"3RWO3EJELH9AW5C0KOIOHAXD2IW1PT"	"3ISL4H6O6HKMSD7DGIM4AP7LHJKCID"	"Tell us what do you think about a mobile app and Earn $0.1 in 1 minute"	"Please look at this mobile app and give us feedback by answering the following questions. Each HIT is unique in some ways, please read the questions carefully. You can complete as many HITs as you want. "	"mobile, app, review"	"$0.10"	"Wed Aug 13 17:35:19 EDT 2014"	"20"	"0"	"0"	"0"	"Reviewable"	"NotReviewed"	"91"	"900"	"604800"	"Wed Aug 27 17:35:19 EDT 2014"	"https://requester.mturk.com/mturk/manageHIT?HITId=3RWO3EJELH9AW5C0KOIOHAXD2IW1PT"	"3C6FJU71TQTN10TT31TSUNQ6K6LYUR"	"A9QYAH5BONH1W"	"Submitted"	"Wed Aug 20 18:04:28 EDT 2014"	"Wed Aug 13 18:04:08 EDT 2014"	"Wed Aug 13 18:04:28 EDT 2014"	""	""	""	""	""	"com.yodawnla.isMonster2"	"BLUETOOTH"	"UTILITY"	"can connect to user's Bluetooth devices"	"to enable fight your friends through Bluetooth"	"GAME"	"GAME"	"2"	""
"3RWO3EJELH9AW5C0KOIOHAXD2IW1PT"	"3ISL4H6O6HKMSD7DGIM4AP7LHJKCID"	"Tell us what do you think about a mobile app and Earn $0.1 in 1 minute"	"Please look at this mobile app and give us feedback by answering the following questions. Each HIT is unique in some ways, please read the questions carefully. You can complete as many HITs as you want. "	"mobile, app, review"	"$0.10"	"Wed Aug 13 17:35:19 EDT 2014"	"20"	"0"	"0"	"0"	"Reviewable"	"NotReviewed"	"91"	"900"	"604800"	"Wed Aug 27 17:35:19 EDT 2014"	"https://requester.mturk.com/mturk/manageHIT?HITId=3RWO3EJELH9AW5C0KOIOHAXD2IW1PT"	"3II4UPYCOJ7SBWRLQWM971JGZXADQU"	"A2IW3WDQCUOMWU"	"Submitted"	"Wed Aug 20 18:09:29 EDT 2014"	"Wed Aug 13 18:09:20 EDT 2014"	"Wed Aug 13 18:09:29 EDT 2014"	""	""	""	""	""	"com.yodawnla.isMonster2"	"BLUETOOTH"	"UTILITY"	"can connect to user's Bluetooth devices"	"to enable fight your friends through Bluetooth"	"GAME"	"GAME"	"1"	""
"3RWO3EJELH9AW5C0KOIOHAXD2IW1PT"	"3ISL4H6O6HKMSD7DGIM4AP7LHJKCID"	"Tell us what do you think about a mobile app and Earn $0.1 in 1 minute"	"Please look at this mobile app and give us feedback by answering the following questions. Each HIT is unique in some ways, please read the questions carefully. You can complete as many HITs as you want. "	"mobile, app, review"	"$0.10"	"Wed Aug 13 17:35:19 EDT 2014"	"20"	"0"	"0"	"0"	"Reviewable"	"NotReviewed"	"91"	"900"	"604800"	"Wed Aug 27 17:35:19 EDT 2014"	"https://requester.mturk.com/mturk/manageHIT?HITId=3RWO3EJELH9AW5C0KOIOHAXD2IW1PT"	"3QFUFYSY9YFIKBIJJ5AMSYLWFI94FF"	"A2YGGVU3OVARQ4"	"Submitted"	"Wed Aug 20 18:11:06 EDT 2014"	"Wed Aug 13 18:10:30 EDT 2014"	"Wed Aug 13 18:11:06 EDT 2014"	""	""	""	""	""	"com.yodawnla.isMonster2"	"BLUETOOTH"	"UTILITY"	"can connect to user's Bluetooth devices"	"to enable fight your friends through Bluetooth"	"GAME"	"GAME"	"1"	""
"3RWO3EJELH9AW5C0KOIOHAXD2IW1PT"	"3ISL4H6O6HKMSD7DGIM4AP7LHJKCID"	"Tell us what do you think about a mobile app and Earn $0.1 in 1 minute"	"Please look at this mobile app and give us feedback by answering the following questions. Each HIT is unique in some ways, please read the questions carefully. You can complete as many HITs as you want. "	"mobile, app, review"	"$0.10"	"Wed Aug 13 17:35:19 EDT 2014"	"20"	"0"	"0"	"0"	"Reviewable"	"NotReviewed"	"91"	"900"	"604800"	"Wed Aug 27 17:35:19 EDT 2014"	"https://requester.mturk.com/mturk/manageHIT?HITId=3RWO3EJELH9AW5C0KOIOHAXD2IW1PT"	"3KWTYT08703MGMWFJLWUS3WUCAPL55"	"A27PVIL93ZMY46"	"Submitted"	"Wed Aug 20 18:12:08 EDT 2014"	"Wed Aug 13 18:08:20 EDT 2014"	"Wed Aug 13 18:12:08 EDT 2014"	""	""	""	""	""	"com.yodawnla.isMonster2"	"BLUETOOTH"	"UTILITY"	"can connect to user's Bluetooth devices"	"to enable fight your friends through Bluetooth"	"GAME"	"GAME"	"1"	""
"3RWO3EJELH9AW5C0KOIOHAXD2IW1PT"	"3ISL4H6O6HKMSD7DGIM4AP7LHJKCID"	"Tell us what do you think about a mobile app and Earn $0.1 in 1 minute"	"Please look at this mobile app and give us feedback by answering the following questions. Each HIT is unique in some ways, please read the questions carefully. You can complete as many HITs as you want. "	"mobile, app, review"	"$0.10"	"Wed Aug 13 17:35:19 EDT 2014"	"20"	"0"	"0"	"0"	"Reviewable"	"NotReviewed"	"91"	"900"	"604800"	"Wed Aug 27 17:35:19 EDT 2014"	"https://requester.mturk.com/mturk/manageHIT?HITId=3RWO3EJELH9AW5C0KOIOHAXD2IW1PT"	"39K0FND3AHF3SAQHETOQ0RR54THAM3"	"A2WGW5Y3ZFBDEC"	"Submitted"	"Wed Aug 20 18:14:35 EDT 2014"	"Wed Aug 13 18:13:59 EDT 2014"	"Wed Aug 13 18:14:35 EDT 2014"	""	""	""	""	""	"com.yodawnla.isMonster2"	"BLUETOOTH"	"UTILITY"	"can connect to user's Bluetooth devices"	"to enable fight your friends through Bluetooth"	"GAME"	"GAME"	"2"	""
"3RWO3EJELH9AW5C0KOIOHAXD2IW1PT"	"3ISL4H6O6HKMSD7DGIM4AP7LHJKCID"	"Tell us what do you think about a mobile app and Earn $0.1 in 1 minute"	"Please look at this mobile app and give us feedback by answering the following questions. Each HIT is unique in some ways, please read the questions carefully. You can complete as many HITs as you want. "	"mobile, app, review"	"$0.10"	"Wed Aug 13 17:35:19 EDT 2014"	"20"	"0"	"0"	"0"	"Reviewable"	"NotReviewed"	"91"	"900"	"604800"	"Wed Aug 27 17:35:19 EDT 2014"	"https://requester.mturk.com/mturk/manageHIT?HITId=3RWO3EJELH9AW5C0KOIOHAXD2IW1PT"	"3OXV7EAXLEQ1JM64IY2ZONGD8J963S"	"A2S96ZZ70YFPSK"	"Submitted"	"Wed Aug 20 18:20:33 EDT 2014"	"Wed Aug 13 18:10:49 EDT 2014"	"Wed Aug 13 18:20:33 EDT 2014"	""	""	""	""	""	"com.yodawnla.isMonster2"	"BLUETOOTH"	"UTILITY"	"can connect to user's Bluetooth devices"	"to enable fight your friends through Bluetooth"	"GAME"	"GAME"	"2"	""
"3RWO3EJELH9AW5C0KOIOHAXD2IW1PT"	"3ISL4H6O6HKMSD7DGIM4AP7LHJKCID"	"Tell us what do you think about a mobile app and Earn $0.1 in 1 minute"	"Please look at this mobile app and give us feedback by answering the following questions. Each HIT is unique in some ways, please read the questions carefully. You can complete as many HITs as you want. "	"mobile, app, review"	"$0.10"	"Wed Aug 13 17:35:19 EDT 2014"	"20"	"0"	"0"	"0"	"Reviewable"	"NotReviewed"	"91"	"900"	"604800"	"Wed Aug 27 17:35:19 EDT 2014"	"https://requester.mturk.com/mturk/manageHIT?HITId=3RWO3EJELH9AW5C0KOIOHAXD2IW1PT"	"3AWETUDC92SIXZ8Y566XPRBXW53IZV"	"A3JG1P42AS7WKH"	"Submitted"	"Wed Aug 20 18:24:59 EDT 2014"	"Wed Aug 13 18:10:03 EDT 2014"	"Wed Aug 13 18:24:59 EDT 2014"	""	""	""	""	""	"com.yodawnla.isMonster2"	"BLUETOOTH"	"UTILITY"	"can connect to user's Bluetooth devices"	"to enable fight your friends through Bluetooth"	"GAME"	"GAME"	"2"	""
"3Y3N5A7N4G9118QQ4XX5ETES4YUMYG"	"3ISL4H6O6HKMSD7DGIM4AP7LHJKCID"	"Tell us what do you think about a mobile app and Earn $0.1 in 1 minute"	"Please look at this mobile app and give us feedback by answering the following questions. Each HIT is unique in some ways, please read the questions carefully. You can complete as many HITs as you want. "	"mobile, app, review"	"$0.10"	"Wed Aug 13 17:35:19 EDT 2014"	"20"	"0"	"0"	"0"	"Reviewable"	"NotReviewed"	"92"	"900"	"604800"	"Wed Aug 27 17:35:19 EDT 2014"	"https://requester.mturk.com/mturk/manageHIT?HITId=3Y3N5A7N4G9118QQ4XX5ETES4YUMYG"	"32ZKVD547FN7PYNZEPJ7Z325MKF3B5"	"A2QD7QFGCUNF5N"	"Submitted"	"Wed Aug 20 17:38:51 EDT 2014"	"Wed Aug 13 17:37:23 EDT 2014"	"Wed Aug 13 17:38:51 EDT 2014"	""	""	""	""	""	"com.whaleshark.retailmenot"	"BLUETOOTH"	"UTILITY"	"can connect to user's Bluetooth devices"	"for share coupons with friends"	"APPLICATION"	"APPLICATION"	"1"	""
"3Y3N5A7N4G9118QQ4XX5ETES4YUMYG"	"3ISL4H6O6HKMSD7DGIM4AP7LHJKCID"	"Tell us what do you think about a mobile app and Earn $0.1 in 1 minute"	"Please look at this mobile app and give us feedback by answering the following questions. Each HIT is unique in some ways, please read the questions carefully. You can complete as many HITs as you want. "	"mobile, app, review"	"$0.10"	"Wed Aug 13 17:35:19 EDT 2014"	"20"	"0"	"0"	"0"	"Reviewable"	"NotReviewed"	"92"	"900"	"604800"	"Wed Aug 27 17:35:19 EDT 2014"	"https://requester.mturk.com/mturk/manageHIT?HITId=3Y3N5A7N4G9118QQ4XX5ETES4YUMYG"	"3PM8NZGV8YG692W2HWNL18M8FFHXQB"	"ALEJV7D94ZLHF"	"Submitted"	"Wed Aug 20 17:43:46 EDT 2014"	"Wed Aug 13 17:42:47 EDT 2014"	"Wed Aug 13 17:43:46 EDT 2014"	""	""	""	""	""	"com.whaleshark.retailmenot"	"BLUETOOTH"	"UTILITY"	"can connect to user's Bluetooth devices"	"for share coupons with friends"	"APPLICATION"	"APPLICATION"	"1"	""
"3Y3N5A7N4G9118QQ4XX5ETES4YUMYG"	"3ISL4H6O6HKMSD7DGIM4AP7LHJKCID"	"Tell us what do you think about a mobile app and Earn $0.1 in 1 minute"	"Please look at this mobile app and give us feedback by answering the following questions. Each HIT is unique in some ways, please read the questions carefully. You can complete as many HITs as you want. "	"mobile, app, review"	"$0.10"	"Wed Aug 13 17:35:19 EDT 2014"	"20"	"0"	"0"	"0"	"Reviewable"	"NotReviewed"	"92"	"900"	"604800"	"Wed Aug 27 17:35:19 EDT 2014"	"https://requester.mturk.com/mturk/manageHIT?HITId=3Y3N5A7N4G9118QQ4XX5ETES4YUMYG"	"320DUZ38G7ME1TXZXW38GLARYUUGJC"	"A9JHTV37LSE5F"	"Submitted"	"Wed Aug 20 17:45:55 EDT 2014"	"Wed Aug 13 17:45:39 EDT 2014"	"Wed Aug 13 17:45:55 EDT 2014"	""	""	""	""	""	"com.whaleshark.retailmenot"	"BLUETOOTH"	"UTILITY"	"can connect to user's Bluetooth devices"	"for share coupons with friends"	"APPLICATION"	"APPLICATION"	"1"	""
"3Y3N5A7N4G9118QQ4XX5ETES4YUMYG"	"3ISL4H6O6HKMSD7DGIM4AP7LHJKCID"	"Tell us what do you think about a mobile app and Earn $0.1 in 1 minute"	"Please look at this mobile app and give us feedback by answering the following questions. Each HIT is unique in some ways, please read the questions carefully. You can complete as many HITs as you want. "	"mobile, app, review"	"$0.10"	"Wed Aug 13 17:35:19 EDT 2014"	"20"	"0"	"0"	"0"	"Reviewable"	"NotReviewed"	"92"	"900"	"604800"	"Wed Aug 27 17:35:19 EDT 2014"	"https://requester.mturk.com/mturk/manageHIT?HITId=3Y3N5A7N4G9118QQ4XX5ETES4YUMYG"	"3MAOD8E57QAL65JA14V4XER3A4VNXF"	"A3G00Q5JV2BE5G"	"Submitted"	"Wed Aug 20 17:46:24 EDT 2014"	"Wed Aug 13 17:45:16 EDT 2014"	"Wed Aug 13 17:46:24 EDT 2014"	""	""	""	""	""	"com.whaleshark.retailmenot"	"BLUETOOTH"	"UTILITY"	"can connect to user's Bluetooth devices"	"for share coupons with friends"	"APPLICATION"	"APPLICATION"	"2"	""
"3Y3N5A7N4G9118QQ4XX5ETES4YUMYG"	"3ISL4H6O6HKMSD7DGIM4AP7LHJKCID"	"Tell us what do you think about a mobile app and Earn $0.1 in 1 minute"	"Please look at this mobile app and give us feedback by answering the following questions. Each HIT is unique in some ways, please read the questions carefully. You can complete as many HITs as you want. "	"mobile, app, review"	"$0.10"	"Wed Aug 13 17:35:19 EDT 2014"	"20"	"0"	"0"	"0"	"Reviewable"	"NotReviewed"	"92"	"900"	"604800"	"Wed Aug 27 17:35:19 EDT 2014"	"https://requester.mturk.com/mturk/manageHIT?HITId=3Y3N5A7N4G9118QQ4XX5ETES4YUMYG"	"3NGMS9VZTLISIRF83M65J2IN48DFF9"	"A340DZFTU1OSQQ"	"Submitted"	"Wed Aug 20 17:47:11 EDT 2014"	"Wed Aug 13 17:42:13 EDT 2014"	"Wed Aug 13 17:47:11 EDT 2014"	""	""	""	""	""	"com.whaleshark.retailmenot"	"BLUETOOTH"	"UTILITY"	"can connect to user's Bluetooth devices"	"for share coupons with friends"	"APPLICATION"	"APPLICATION"	"1"	""
"3Y3N5A7N4G9118QQ4XX5ETES4YUMYG"	"3ISL4H6O6HKMSD7DGIM4AP7LHJKCID"	"Tell us what do you think about a mobile app and Earn $0.1 in 1 minute"	"Please look at this mobile app and give us feedback by answering the following questions. Each HIT is unique in some ways, please read the questions carefully. You can complete as many HITs as you want. "	"mobile, app, review"	"$0.10"	"Wed Aug 13 17:35:19 EDT 2014"	"20"	"0"	"0"	"0"	"Reviewable"	"NotReviewed"	"92"	"900"	"604800"	"Wed Aug 27 17:35:19 EDT 2014"	"https://requester.mturk.com/mturk/manageHIT?HITId=3Y3N5A7N4G9118QQ4XX5ETES4YUMYG"	"326O153BMIY3ET1GH5R9DKU2GUJDEF"	"A167HNWLG22UFD"	"Submitted"	"Wed Aug 20 17:50:27 EDT 2014"	"Wed Aug 13 17:49:36 EDT 2014"	"Wed Aug 13 17:50:27 EDT 2014"	""	""	""	""	""	"com.whaleshark.retailmenot"	"BLUETOOTH"	"UTILITY"	"can connect to user's Bluetooth devices"	"for share coupons with friends"	"APPLICATION"	"APPLICATION"	"1"	""
"3Y3N5A7N4G9118QQ4XX5ETES4YUMYG"	"3ISL4H6O6HKMSD7DGIM4AP7LHJKCID"	"Tell us what do you think about a mobile app and Earn $0.1 in 1 minute"	"Please look at this mobile app and give us feedback by answering the following questions. Each HIT is unique in some ways, please read the questions carefully. You can complete as many HITs as you want. "	"mobile, app, review"	"$0.10"	"Wed Aug 13 17:35:19 EDT 2014"	"20"	"0"	"0"	"0"	"Reviewable"	"NotReviewed"	"92"	"900"	"604800"	"Wed Aug 27 17:35:19 EDT 2014"	"https://requester.mturk.com/mturk/manageHIT?HITId=3Y3N5A7N4G9118QQ4XX5ETES4YUMYG"	"374TNBHA8BVV97MCMS9NKMTHHLCYQJ"	"A3O81LHBBI8NPK"	"Submitted"	"Wed Aug 20 17:50:31 EDT 2014"	"Wed Aug 13 17:44:55 EDT 2014"	"Wed Aug 13 17:50:31 EDT 2014"	""	""	""	""	""	"com.whaleshark.retailmenot"	"BLUETOOTH"	"UTILITY"	"can connect to user's Bluetooth devices"	"for share coupons with friends"	"APPLICATION"	"APPLICATION"	"2"	""
"3Y3N5A7N4G9118QQ4XX5ETES4YUMYG"	"3ISL4H6O6HKMSD7DGIM4AP7LHJKCID"	"Tell us what do you think about a mobile app and Earn $0.1 in 1 minute"	"Please look at this mobile app and give us feedback by answering the following questions. Each HIT is unique in some ways, please read the questions carefully. You can complete as many HITs as you want. "	"mobile, app, review"	"$0.10"	"Wed Aug 13 17:35:19 EDT 2014"	"20"	"0"	"0"	"0"	"Reviewable"	"NotReviewed"	"92"	"900"	"604800"	"Wed Aug 27 17:35:19 EDT 2014"	"https://requester.mturk.com/mturk/manageHIT?HITId=3Y3N5A7N4G9118QQ4XX5ETES4YUMYG"	"3DQQ64TANGL6KQQX7ECAZKIR1HRWPS"	"A9QYAH5BONH1W"	"Submitted"	"Wed Aug 20 17:53:49 EDT 2014"	"Wed Aug 13 17:53:11 EDT 2014"	"Wed Aug 13 17:53:49 EDT 2014"	""	""	""	""	""	"com.whaleshark.retailmenot"	"BLUETOOTH"	"UTILITY"	"can connect to user's Bluetooth devices"	"for share coupons with friends"	"APPLICATION"	"APPLICATION"	"1"	""
"3Y3N5A7N4G9118QQ4XX5ETES4YUMYG"	"3ISL4H6O6HKMSD7DGIM4AP7LHJKCID"	"Tell us what do you think about a mobile app and Earn $0.1 in 1 minute"	"Please look at this mobile app and give us feedback by answering the following questions. Each HIT is unique in some ways, please read the questions carefully. You can complete as many HITs as you want. "	"mobile, app, review"	"$0.10"	"Wed Aug 13 17:35:19 EDT 2014"	"20"	"0"	"0"	"0"	"Reviewable"	"NotReviewed"	"92"	"900"	"604800"	"Wed Aug 27 17:35:19 EDT 2014"	"https://requester.mturk.com/mturk/manageHIT?HITId=3Y3N5A7N4G9118QQ4XX5ETES4YUMYG"	"3634BBTX0OUCSIHY4UCQMZVFK07FI2"	"A2AQMDKQTAYMVS"	"Submitted"	"Wed Aug 20 17:53:51 EDT 2014"	"Wed Aug 13 17:53:39 EDT 2014"	"Wed Aug 13 17:53:51 EDT 2014"	""	""	""	""	""	"com.whaleshark.retailmenot"	"BLUETOOTH"	"UTILITY"	"can connect to user's Bluetooth devices"	"for share coupons with friends"	"APPLICATION"	"APPLICATION"	"1"	""
"3Y3N5A7N4G9118QQ4XX5ETES4YUMYG"	"3ISL4H6O6HKMSD7DGIM4AP7LHJKCID"	"Tell us what do you think about a mobile app and Earn $0.1 in 1 minute"	"Please look at this mobile app and give us feedback by answering the following questions. Each HIT is unique in some ways, please read the questions carefully. You can complete as many HITs as you want. "	"mobile, app, review"	"$0.10"	"Wed Aug 13 17:35:19 EDT 2014"	"20"	"0"	"0"	"0"	"Reviewable"	"NotReviewed"	"92"	"900"	"604800"	"Wed Aug 27 17:35:19 EDT 2014"	"https://requester.mturk.com/mturk/manageHIT?HITId=3Y3N5A7N4G9118QQ4XX5ETES4YUMYG"	"3P1L2B7AD1P8OW2XO0ST19WLT5QOL9"	"A2S96ZZ70YFPSK"	"Submitted"	"Wed Aug 20 18:00:15 EDT 2014"	"Wed Aug 13 17:47:02 EDT 2014"	"Wed Aug 13 18:00:15 EDT 2014"	""	""	""	""	""	"com.whaleshark.retailmenot"	"BLUETOOTH"	"UTILITY"	"can connect to user's Bluetooth devices"	"for share coupons with friends"	"APPLICATION"	"APPLICATION"	"2"	""
"3Y3N5A7N4G9118QQ4XX5ETES4YUMYG"	"3ISL4H6O6HKMSD7DGIM4AP7LHJKCID"	"Tell us what do you think about a mobile app and Earn $0.1 in 1 minute"	"Please look at this mobile app and give us feedback by answering the following questions. Each HIT is unique in some ways, please read the questions carefully. You can complete as many HITs as you want. "	"mobile, app, review"	"$0.10"	"Wed Aug 13 17:35:19 EDT 2014"	"20"	"0"	"0"	"0"	"Reviewable"	"NotReviewed"	"92"	"900"	"604800"	"Wed Aug 27 17:35:19 EDT 2014"	"https://requester.mturk.com/mturk/manageHIT?HITId=3Y3N5A7N4G9118QQ4XX5ETES4YUMYG"	"3E1QT0TDFP93D37BWG6KC7ETXWUI8O"	"A1LZWU72K42V92"	"Submitted"	"Wed Aug 20 18:05:10 EDT 2014"	"Wed Aug 13 17:54:00 EDT 2014"	"Wed Aug 13 18:05:10 EDT 2014"	""	""	""	""	""	"com.whaleshark.retailmenot"	"BLUETOOTH"	"UTILITY"	"can connect to user's Bluetooth devices"	"for share coupons with friends"	"APPLICATION"	"APPLICATION"	"-1"	""
"3Y3N5A7N4G9118QQ4XX5ETES4YUMYG"	"3ISL4H6O6HKMSD7DGIM4AP7LHJKCID"	"Tell us what do you think about a mobile app and Earn $0.1 in 1 minute"	"Please look at this mobile app and give us feedback by answering the following questions. Each HIT is unique in some ways, please read the questions carefully. You can complete as many HITs as you want. "	"mobile, app, review"	"$0.10"	"Wed Aug 13 17:35:19 EDT 2014"	"20"	"0"	"0"	"0"	"Reviewable"	"NotReviewed"	"92"	"900"	"604800"	"Wed Aug 27 17:35:19 EDT 2014"	"https://requester.mturk.com/mturk/manageHIT?HITId=3Y3N5A7N4G9118QQ4XX5ETES4YUMYG"	"3DEL4X4EL6LFI4NO864FEUPAEO0YXH"	"A3JG1P42AS7WKH"	"Submitted"	"Wed Aug 20 18:05:41 EDT 2014"	"Wed Aug 13 17:51:32 EDT 2014"	"Wed Aug 13 18:05:41 EDT 2014"	""	""	""	""	""	"com.whaleshark.retailmenot"	"BLUETOOTH"	"UTILITY"	"can connect to user's Bluetooth devices"	"for share coupons with friends"	"APPLICATION"	"APPLICATION"	"2"	""
"3Y3N5A7N4G9118QQ4XX5ETES4YUMYG"	"3ISL4H6O6HKMSD7DGIM4AP7LHJKCID"	"Tell us what do you think about a mobile app and Earn $0.1 in 1 minute"	"Please look at this mobile app and give us feedback by answering the following questions. Each HIT is unique in some ways, please read the questions carefully. You can complete as many HITs as you want. "	"mobile, app, review"	"$0.10"	"Wed Aug 13 17:35:19 EDT 2014"	"20"	"0"	"0"	"0"	"Reviewable"	"NotReviewed"	"92"	"900"	"604800"	"Wed Aug 27 17:35:19 EDT 2014"	"https://requester.mturk.com/mturk/manageHIT?HITId=3Y3N5A7N4G9118QQ4XX5ETES4YUMYG"	"3EICBYG644W1KHHUVA7PQUPC026JC9"	"A3LL7GWVECNK4V"	"Submitted"	"Wed Aug 20 18:12:43 EDT 2014"	"Wed Aug 13 18:11:10 EDT 2014"	"Wed Aug 13 18:12:43 EDT 2014"	""	""	""	""	""	"com.whaleshark.retailmenot"	"BLUETOOTH"	"UTILITY"	"can connect to user's Bluetooth devices"	"for share coupons with friends"	"APPLICATION"	"APPLICATION"	"1"	""
"3Y3N5A7N4G9118QQ4XX5ETES4YUMYG"	"3ISL4H6O6HKMSD7DGIM4AP7LHJKCID"	"Tell us what do you think about a mobile app and Earn $0.1 in 1 minute"	"Please look at this mobile app and give us feedback by answering the following questions. Each HIT is unique in some ways, please read the questions carefully. You can complete as many HITs as you want. "	"mobile, app, review"	"$0.10"	"Wed Aug 13 17:35:19 EDT 2014"	"20"	"0"	"0"	"0"	"Reviewable"	"NotReviewed"	"92"	"900"	"604800"	"Wed Aug 27 17:35:19 EDT 2014"	"https://requester.mturk.com/mturk/manageHIT?HITId=3Y3N5A7N4G9118QQ4XX5ETES4YUMYG"	"3YZ8UPK3VTMAYXSO79B3XWYNHI5CUZ"	"A2T5CROJ0FWIJY"	"Submitted"	"Wed Aug 20 18:14:12 EDT 2014"	"Wed Aug 13 18:13:53 EDT 2014"	"Wed Aug 13 18:14:12 EDT 2014"	""	""	""	""	""	"com.whaleshark.retailmenot"	"BLUETOOTH"	"UTILITY"	"can connect to user's Bluetooth devices"	"for share coupons with friends"	"APPLICATION"	"APPLICATION"	"2"	""
"3Y3N5A7N4G9118QQ4XX5ETES4YUMYG"	"3ISL4H6O6HKMSD7DGIM4AP7LHJKCID"	"Tell us what do you think about a mobile app and Earn $0.1 in 1 minute"	"Please look at this mobile app and give us feedback by answering the following questions. Each HIT is unique in some ways, please read the questions carefully. You can complete as many HITs as you want. "	"mobile, app, review"	"$0.10"	"Wed Aug 13 17:35:19 EDT 2014"	"20"	"0"	"0"	"0"	"Reviewable"	"NotReviewed"	"92"	"900"	"604800"	"Wed Aug 27 17:35:19 EDT 2014"	"https://requester.mturk.com/mturk/manageHIT?HITId=3Y3N5A7N4G9118QQ4XX5ETES4YUMYG"	"333U7HK6I9FBP9N8V620A07UL2JJDA"	"A2IW3WDQCUOMWU"	"Submitted"	"Wed Aug 20 18:16:55 EDT 2014"	"Wed Aug 13 18:16:43 EDT 2014"	"Wed Aug 13 18:16:55 EDT 2014"	""	""	""	""	""	"com.whaleshark.retailmenot"	"BLUETOOTH"	"UTILITY"	"can connect to user's Bluetooth devices"	"for share coupons with friends"	"APPLICATION"	"APPLICATION"	"-1"	""
"3Y3N5A7N4G9118QQ4XX5ETES4YUMYG"	"3ISL4H6O6HKMSD7DGIM4AP7LHJKCID"	"Tell us what do you think about a mobile app and Earn $0.1 in 1 minute"	"Please look at this mobile app and give us feedback by answering the following questions. Each HIT is unique in some ways, please read the questions carefully. You can complete as many HITs as you want. "	"mobile, app, review"	"$0.10"	"Wed Aug 13 17:35:19 EDT 2014"	"20"	"0"	"0"	"0"	"Reviewable"	"NotReviewed"	"92"	"900"	"604800"	"Wed Aug 27 17:35:19 EDT 2014"	"https://requester.mturk.com/mturk/manageHIT?HITId=3Y3N5A7N4G9118QQ4XX5ETES4YUMYG"	"3EJJQNKU9R59ZDBNP7UZ3C8JNB6RHJ"	"A1421I54656YSD"	"Submitted"	"Wed Aug 20 18:17:38 EDT 2014"	"Wed Aug 13 18:17:09 EDT 2014"	"Wed Aug 13 18:17:38 EDT 2014"	""	""	""	""	""	"com.whaleshark.retailmenot"	"BLUETOOTH"	"UTILITY"	"can connect to user's Bluetooth devices"	"for share coupons with friends"	"APPLICATION"	"APPLICATION"	"2"	""
"3Y3N5A7N4G9118QQ4XX5ETES4YUMYG"	"3ISL4H6O6HKMSD7DGIM4AP7LHJKCID"	"Tell us what do you think about a mobile app and Earn $0.1 in 1 minute"	"Please look at this mobile app and give us feedback by answering the following questions. Each HIT is unique in some ways, please read the questions carefully. You can complete as many HITs as you want. "	"mobile, app, review"	"$0.10"	"Wed Aug 13 17:35:19 EDT 2014"	"20"	"0"	"0"	"0"	"Reviewable"	"NotReviewed"	"92"	"900"	"604800"	"Wed Aug 27 17:35:19 EDT 2014"	"https://requester.mturk.com/mturk/manageHIT?HITId=3Y3N5A7N4G9118QQ4XX5ETES4YUMYG"	"3CPLWGV3MOZV591CYOPQHB5L3199NN"	"A3QSJY1FFN0N6V"	"Submitted"	"Wed Aug 20 18:17:58 EDT 2014"	"Wed Aug 13 18:17:11 EDT 2014"	"Wed Aug 13 18:17:58 EDT 2014"	""	""	""	""	""	"com.whaleshark.retailmenot"	"BLUETOOTH"	"UTILITY"	"can connect to user's Bluetooth devices"	"for share coupons with friends"	"APPLICATION"	"APPLICATION"	"1"	""
"3Y3N5A7N4G9118QQ4XX5ETES4YUMYG"	"3ISL4H6O6HKMSD7DGIM4AP7LHJKCID"	"Tell us what do you think about a mobile app and Earn $0.1 in 1 minute"	"Please look at this mobile app and give us feedback by answering the following questions. Each HIT is unique in some ways, please read the questions carefully. You can complete as many HITs as you want. "	"mobile, app, review"	"$0.10"	"Wed Aug 13 17:35:19 EDT 2014"	"20"	"0"	"0"	"0"	"Reviewable"	"NotReviewed"	"92"	"900"	"604800"	"Wed Aug 27 17:35:19 EDT 2014"	"https://requester.mturk.com/mturk/manageHIT?HITId=3Y3N5A7N4G9118QQ4XX5ETES4YUMYG"	"3CTOC39K37QV80MY4TZEA8XYZRGJ7H"	"A3GK90X2QOFR53"	"Submitted"	"Wed Aug 20 18:18:07 EDT 2014"	"Wed Aug 13 18:16:26 EDT 2014"	"Wed Aug 13 18:18:07 EDT 2014"	""	""	""	""	""	"com.whaleshark.retailmenot"	"BLUETOOTH"	"UTILITY"	"can connect to user's Bluetooth devices"	"for share coupons with friends"	"APPLICATION"	"APPLICATION"	"1"	""
"3Y3N5A7N4G9118QQ4XX5ETES4YUMYG"	"3ISL4H6O6HKMSD7DGIM4AP7LHJKCID"	"Tell us what do you think about a mobile app and Earn $0.1 in 1 minute"	"Please look at this mobile app and give us feedback by answering the following questions. Each HIT is unique in some ways, please read the questions carefully. You can complete as many HITs as you want. "	"mobile, app, review"	"$0.10"	"Wed Aug 13 17:35:19 EDT 2014"	"20"	"0"	"0"	"0"	"Reviewable"	"NotReviewed"	"92"	"900"	"604800"	"Wed Aug 27 17:35:19 EDT 2014"	"https://requester.mturk.com/mturk/manageHIT?HITId=3Y3N5A7N4G9118QQ4XX5ETES4YUMYG"	"3G5W44VEU7I9CD3HFH3KH0A4DJZGKG"	"A27PVIL93ZMY46"	"Submitted"	"Wed Aug 20 18:20:29 EDT 2014"	"Wed Aug 13 18:16:39 EDT 2014"	"Wed Aug 13 18:20:29 EDT 2014"	""	""	""	""	""	"com.whaleshark.retailmenot"	"BLUETOOTH"	"UTILITY"	"can connect to user's Bluetooth devices"	"for share coupons with friends"	"APPLICATION"	"APPLICATION"	"-1"	""
"3Y3N5A7N4G9118QQ4XX5ETES4YUMYG"	"3ISL4H6O6HKMSD7DGIM4AP7LHJKCID"	"Tell us what do you think about a mobile app and Earn $0.1 in 1 minute"	"Please look at this mobile app and give us feedback by answering the following questions. Each HIT is unique in some ways, please read the questions carefully. You can complete as many HITs as you want. "	"mobile, app, review"	"$0.10"	"Wed Aug 13 17:35:19 EDT 2014"	"20"	"0"	"0"	"0"	"Reviewable"	"NotReviewed"	"92"	"900"	"604800"	"Wed Aug 27 17:35:19 EDT 2014"	"https://requester.mturk.com/mturk/manageHIT?HITId=3Y3N5A7N4G9118QQ4XX5ETES4YUMYG"	"3TE22NPXPBC8MVLUZOE31UO5QS044R"	"A12SMSQ6D5227J"	"Submitted"	"Wed Aug 20 18:22:29 EDT 2014"	"Wed Aug 13 18:17:13 EDT 2014"	"Wed Aug 13 18:22:29 EDT 2014"	""	""	""	""	""	"com.whaleshark.retailmenot"	"BLUETOOTH"	"UTILITY"	"can connect to user's Bluetooth devices"	"for share coupons with friends"	"APPLICATION"	"APPLICATION"	"-1"	""
"3BKZLF990ZZSMNOIWQ4MV2YXEZQQY6"	"3ISL4H6O6HKMSD7DGIM4AP7LHJKCID"	"Tell us what do you think about a mobile app and Earn $0.1 in 1 minute"	"Please look at this mobile app and give us feedback by answering the following questions. Each HIT is unique in some ways, please read the questions carefully. You can complete as many HITs as you want. "	"mobile, app, review"	"$0.10"	"Wed Aug 13 17:35:19 EDT 2014"	"20"	"0"	"0"	"0"	"Reviewable"	"NotReviewed"	"93"	"900"	"604800"	"Wed Aug 27 17:35:19 EDT 2014"	"https://requester.mturk.com/mturk/manageHIT?HITId=3BKZLF990ZZSMNOIWQ4MV2YXEZQQY6"	"3TAYZSBPLL8HL28ILBRX6I7DKU1S2K"	"A2QD7QFGCUNF5N"	"Submitted"	"Wed Aug 20 17:45:36 EDT 2014"	"Wed Aug 13 17:43:02 EDT 2014"	"Wed Aug 13 17:45:36 EDT 2014"	""	""	""	""	""	"com.kangaroo.logic"	"ACCESS_FINE_LOCATION"	"SOCIAL_GAMING"	"can use user's precise location"	"for the internal GAME engine"	"GAME"	"GAME"	"-1"	""
"3BKZLF990ZZSMNOIWQ4MV2YXEZQQY6"	"3ISL4H6O6HKMSD7DGIM4AP7LHJKCID"	"Tell us what do you think about a mobile app and Earn $0.1 in 1 minute"	"Please look at this mobile app and give us feedback by answering the following questions. Each HIT is unique in some ways, please read the questions carefully. You can complete as many HITs as you want. "	"mobile, app, review"	"$0.10"	"Wed Aug 13 17:35:19 EDT 2014"	"20"	"0"	"0"	"0"	"Reviewable"	"NotReviewed"	"93"	"900"	"604800"	"Wed Aug 27 17:35:19 EDT 2014"	"https://requester.mturk.com/mturk/manageHIT?HITId=3BKZLF990ZZSMNOIWQ4MV2YXEZQQY6"	"3QJOXOW4XJR6IN7TUYQCWAHWP8AEMX"	"A9JHTV37LSE5F"	"Submitted"	"Wed Aug 20 17:47:23 EDT 2014"	"Wed Aug 13 17:47:08 EDT 2014"	"Wed Aug 13 17:47:23 EDT 2014"	""	""	""	""	""	"com.kangaroo.logic"	"ACCESS_FINE_LOCATION"	"SOCIAL_GAMING"	"can use user's precise location"	"for the internal GAME engine"	"GAME"	"GAME"	"-1"	""
"3BKZLF990ZZSMNOIWQ4MV2YXEZQQY6"	"3ISL4H6O6HKMSD7DGIM4AP7LHJKCID"	"Tell us what do you think about a mobile app and Earn $0.1 in 1 minute"	"Please look at this mobile app and give us feedback by answering the following questions. Each HIT is unique in some ways, please read the questions carefully. You can complete as many HITs as you want. "	"mobile, app, review"	"$0.10"	"Wed Aug 13 17:35:19 EDT 2014"	"20"	"0"	"0"	"0"	"Reviewable"	"NotReviewed"	"93"	"900"	"604800"	"Wed Aug 27 17:35:19 EDT 2014"	"https://requester.mturk.com/mturk/manageHIT?HITId=3BKZLF990ZZSMNOIWQ4MV2YXEZQQY6"	"3S0TNUHWKTIM5SRP4259LAYG5RKD8F"	"A340DZFTU1OSQQ"	"Submitted"	"Wed Aug 20 17:47:34 EDT 2014"	"Wed Aug 13 17:42:56 EDT 2014"	"Wed Aug 13 17:47:34 EDT 2014"	""	""	""	""	""	"com.kangaroo.logic"	"ACCESS_FINE_LOCATION"	"SOCIAL_GAMING"	"can use user's precise location"	"for the internal GAME engine"	"GAME"	"GAME"	"1"	""
"3BKZLF990ZZSMNOIWQ4MV2YXEZQQY6"	"3ISL4H6O6HKMSD7DGIM4AP7LHJKCID"	"Tell us what do you think about a mobile app and Earn $0.1 in 1 minute"	"Please look at this mobile app and give us feedback by answering the following questions. Each HIT is unique in some ways, please read the questions carefully. You can complete as many HITs as you want. "	"mobile, app, review"	"$0.10"	"Wed Aug 13 17:35:19 EDT 2014"	"20"	"0"	"0"	"0"	"Reviewable"	"NotReviewed"	"93"	"900"	"604800"	"Wed Aug 27 17:35:19 EDT 2014"	"https://requester.mturk.com/mturk/manageHIT?HITId=3BKZLF990ZZSMNOIWQ4MV2YXEZQQY6"	"37Z929RLG98B512V4QBT75G3K7FTSE"	"A3G00Q5JV2BE5G"	"Submitted"	"Wed Aug 20 17:47:41 EDT 2014"	"Wed Aug 13 17:45:53 EDT 2014"	"Wed Aug 13 17:47:41 EDT 2014"	""	""	""	""	""	"com.kangaroo.logic"	"ACCESS_FINE_LOCATION"	"SOCIAL_GAMING"	"can use user's precise location"	"for the internal GAME engine"	"GAME"	"GAME"	"-1"	" "
"3BKZLF990ZZSMNOIWQ4MV2YXEZQQY6"	"3ISL4H6O6HKMSD7DGIM4AP7LHJKCID"	"Tell us what do you think about a mobile app and Earn $0.1 in 1 minute"	"Please look at this mobile app and give us feedback by answering the following questions. Each HIT is unique in some ways, please read the questions carefully. You can complete as many HITs as you want. "	"mobile, app, review"	"$0.10"	"Wed Aug 13 17:35:19 EDT 2014"	"20"	"0"	"0"	"0"	"Reviewable"	"NotReviewed"	"93"	"900"	"604800"	"Wed Aug 27 17:35:19 EDT 2014"	"https://requester.mturk.com/mturk/manageHIT?HITId=3BKZLF990ZZSMNOIWQ4MV2YXEZQQY6"	"3VA45EW49NNVYPYTVQAAHUN7VZM1OH"	"A3JG1P42AS7WKH"	"Submitted"	"Wed Aug 20 17:50:17 EDT 2014"	"Wed Aug 13 17:45:53 EDT 2014"	"Wed Aug 13 17:50:17 EDT 2014"	""	""	""	""	""	"com.kangaroo.logic"	"ACCESS_FINE_LOCATION"	"SOCIAL_GAMING"	"can use user's precise location"	"for the internal GAME engine"	"GAME"	"GAME"	"-1"	""
"3BKZLF990ZZSMNOIWQ4MV2YXEZQQY6"	"3ISL4H6O6HKMSD7DGIM4AP7LHJKCID"	"Tell us what do you think about a mobile app and Earn $0.1 in 1 minute"	"Please look at this mobile app and give us feedback by answering the following questions. Each HIT is unique in some ways, please read the questions carefully. You can complete as many HITs as you want. "	"mobile, app, review"	"$0.10"	"Wed Aug 13 17:35:19 EDT 2014"	"20"	"0"	"0"	"0"	"Reviewable"	"NotReviewed"	"93"	"900"	"604800"	"Wed Aug 27 17:35:19 EDT 2014"	"https://requester.mturk.com/mturk/manageHIT?HITId=3BKZLF990ZZSMNOIWQ4MV2YXEZQQY6"	"3137ONMDKG56QDB7JVSHJ5XZTMZEGQ"	"A3LL7GWVECNK4V"	"Submitted"	"Wed Aug 20 17:53:28 EDT 2014"	"Wed Aug 13 17:52:29 EDT 2014"	"Wed Aug 13 17:53:28 EDT 2014"	""	""	""	""	""	"com.kangaroo.logic"	"ACCESS_FINE_LOCATION"	"SOCIAL_GAMING"	"can use user's precise location"	"for the internal GAME engine"	"GAME"	"GAME"	"1"	""
"3BKZLF990ZZSMNOIWQ4MV2YXEZQQY6"	"3ISL4H6O6HKMSD7DGIM4AP7LHJKCID"	"Tell us what do you think about a mobile app and Earn $0.1 in 1 minute"	"Please look at this mobile app and give us feedback by answering the following questions. Each HIT is unique in some ways, please read the questions carefully. You can complete as many HITs as you want. "	"mobile, app, review"	"$0.10"	"Wed Aug 13 17:35:19 EDT 2014"	"20"	"0"	"0"	"0"	"Reviewable"	"NotReviewed"	"93"	"900"	"604800"	"Wed Aug 27 17:35:19 EDT 2014"	"https://requester.mturk.com/mturk/manageHIT?HITId=3BKZLF990ZZSMNOIWQ4MV2YXEZQQY6"	"3B837J3LDOWYPMP3016Y7QFLWMJRS0"	"A27PVIL93ZMY46"	"Submitted"	"Wed Aug 20 17:57:13 EDT 2014"	"Wed Aug 13 17:53:04 EDT 2014"	"Wed Aug 13 17:57:13 EDT 2014"	""	""	""	""	""	"com.kangaroo.logic"	"ACCESS_FINE_LOCATION"	"SOCIAL_GAMING"	"can use user's precise location"	"for the internal GAME engine"	"GAME"	"GAME"	"-2"	""
"3BKZLF990ZZSMNOIWQ4MV2YXEZQQY6"	"3ISL4H6O6HKMSD7DGIM4AP7LHJKCID"	"Tell us what do you think about a mobile app and Earn $0.1 in 1 minute"	"Please look at this mobile app and give us feedback by answering the following questions. Each HIT is unique in some ways, please read the questions carefully. You can complete as many HITs as you want. "	"mobile, app, review"	"$0.10"	"Wed Aug 13 17:35:19 EDT 2014"	"20"	"0"	"0"	"0"	"Reviewable"	"NotReviewed"	"93"	"900"	"604800"	"Wed Aug 27 17:35:19 EDT 2014"	"https://requester.mturk.com/mturk/manageHIT?HITId=3BKZLF990ZZSMNOIWQ4MV2YXEZQQY6"	"3FE2ERCCZX8YFHHVGSL0IQ55YFSPO9"	"A167HNWLG22UFD"	"Submitted"	"Wed Aug 20 18:00:51 EDT 2014"	"Wed Aug 13 17:55:41 EDT 2014"	"Wed Aug 13 18:00:51 EDT 2014"	""	""	""	""	""	"com.kangaroo.logic"	"ACCESS_FINE_LOCATION"	"SOCIAL_GAMING"	"can use user's precise location"	"for the internal GAME engine"	"GAME"	"GAME"	"1"	""
"3BKZLF990ZZSMNOIWQ4MV2YXEZQQY6"	"3ISL4H6O6HKMSD7DGIM4AP7LHJKCID"	"Tell us what do you think about a mobile app and Earn $0.1 in 1 minute"	"Please look at this mobile app and give us feedback by answering the following questions. Each HIT is unique in some ways, please read the questions carefully. You can complete as many HITs as you want. "	"mobile, app, review"	"$0.10"	"Wed Aug 13 17:35:19 EDT 2014"	"20"	"0"	"0"	"0"	"Reviewable"	"NotReviewed"	"93"	"900"	"604800"	"Wed Aug 27 17:35:19 EDT 2014"	"https://requester.mturk.com/mturk/manageHIT?HITId=3BKZLF990ZZSMNOIWQ4MV2YXEZQQY6"	"3TXMY6UCAEOI64L7Q0RYNV1YEXWCQR"	"A3O81LHBBI8NPK"	"Submitted"	"Wed Aug 20 18:02:41 EDT 2014"	"Wed Aug 13 17:53:09 EDT 2014"	"Wed Aug 13 18:02:41 EDT 2014"	""	""	""	""	""	"com.kangaroo.logic"	"ACCESS_FINE_LOCATION"	"SOCIAL_GAMING"	"can use user's precise location"	"for the internal GAME engine"	"GAME"	"GAME"	"-1"	""
"3BKZLF990ZZSMNOIWQ4MV2YXEZQQY6"	"3ISL4H6O6HKMSD7DGIM4AP7LHJKCID"	"Tell us what do you think about a mobile app and Earn $0.1 in 1 minute"	"Please look at this mobile app and give us feedback by answering the following questions. Each HIT is unique in some ways, please read the questions carefully. You can complete as many HITs as you want. "	"mobile, app, review"	"$0.10"	"Wed Aug 13 17:35:19 EDT 2014"	"20"	"0"	"0"	"0"	"Reviewable"	"NotReviewed"	"93"	"900"	"604800"	"Wed Aug 27 17:35:19 EDT 2014"	"https://requester.mturk.com/mturk/manageHIT?HITId=3BKZLF990ZZSMNOIWQ4MV2YXEZQQY6"	"3E4GGUZ1T8RJXJVAG2IVFWG330S2KH"	"A29VL3MZE7YPBZ"	"Submitted"	"Wed Aug 20 18:03:32 EDT 2014"	"Wed Aug 13 18:02:28 EDT 2014"	"Wed Aug 13 18:03:32 EDT 2014"	""	""	""	""	""	"com.kangaroo.logic"	"ACCESS_FINE_LOCATION"	"SOCIAL_GAMING"	"can use user's precise location"	"for the internal GAME engine"	"GAME"	"GAME"	"-2"	""
"3BKZLF990ZZSMNOIWQ4MV2YXEZQQY6"	"3ISL4H6O6HKMSD7DGIM4AP7LHJKCID"	"Tell us what do you think about a mobile app and Earn $0.1 in 1 minute"	"Please look at this mobile app and give us feedback by answering the following questions. Each HIT is unique in some ways, please read the questions carefully. You can complete as many HITs as you want. "	"mobile, app, review"	"$0.10"	"Wed Aug 13 17:35:19 EDT 2014"	"20"	"0"	"0"	"0"	"Reviewable"	"NotReviewed"	"93"	"900"	"604800"	"Wed Aug 27 17:35:19 EDT 2014"	"https://requester.mturk.com/mturk/manageHIT?HITId=3BKZLF990ZZSMNOIWQ4MV2YXEZQQY6"	"388U7OUMF71YOD5RRZNEXK921U20RO"	"A9QYAH5BONH1W"	"Submitted"	"Wed Aug 20 18:04:17 EDT 2014"	"Wed Aug 13 18:03:45 EDT 2014"	"Wed Aug 13 18:04:17 EDT 2014"	""	""	""	""	""	"com.kangaroo.logic"	"ACCESS_FINE_LOCATION"	"SOCIAL_GAMING"	"can use user's precise location"	"for the internal GAME engine"	"GAME"	"GAME"	"-1"	""
"3BKZLF990ZZSMNOIWQ4MV2YXEZQQY6"	"3ISL4H6O6HKMSD7DGIM4AP7LHJKCID"	"Tell us what do you think about a mobile app and Earn $0.1 in 1 minute"	"Please look at this mobile app and give us feedback by answering the following questions. Each HIT is unique in some ways, please read the questions carefully. You can complete as many HITs as you want. "	"mobile, app, review"	"$0.10"	"Wed Aug 13 17:35:19 EDT 2014"	"20"	"0"	"0"	"0"	"Reviewable"	"NotReviewed"	"93"	"900"	"604800"	"Wed Aug 27 17:35:19 EDT 2014"	"https://requester.mturk.com/mturk/manageHIT?HITId=3BKZLF990ZZSMNOIWQ4MV2YXEZQQY6"	"37FMASSAYCRMF15IZSQU394U52GBIH"	"A3G0T5Y7OSC76S"	"Submitted"	"Wed Aug 20 18:09:37 EDT 2014"	"Wed Aug 13 18:06:00 EDT 2014"	"Wed Aug 13 18:09:37 EDT 2014"	""	""	""	""	""	"com.kangaroo.logic"	"ACCESS_FINE_LOCATION"	"SOCIAL_GAMING"	"can use user's precise location"	"for the internal GAME engine"	"GAME"	"GAME"	"-2"	""
"3BKZLF990ZZSMNOIWQ4MV2YXEZQQY6"	"3ISL4H6O6HKMSD7DGIM4AP7LHJKCID"	"Tell us what do you think about a mobile app and Earn $0.1 in 1 minute"	"Please look at this mobile app and give us feedback by answering the following questions. Each HIT is unique in some ways, please read the questions carefully. You can complete as many HITs as you want. "	"mobile, app, review"	"$0.10"	"Wed Aug 13 17:35:19 EDT 2014"	"20"	"0"	"0"	"0"	"Reviewable"	"NotReviewed"	"93"	"900"	"604800"	"Wed Aug 27 17:35:19 EDT 2014"	"https://requester.mturk.com/mturk/manageHIT?HITId=3BKZLF990ZZSMNOIWQ4MV2YXEZQQY6"	"3TXD01ZLD4H73TF9EU5LEYMZP5M4UC"	"A2S96ZZ70YFPSK"	"Submitted"	"Wed Aug 20 18:10:36 EDT 2014"	"Wed Aug 13 17:59:30 EDT 2014"	"Wed Aug 13 18:10:36 EDT 2014"	""	""	""	""	""	"com.kangaroo.logic"	"ACCESS_FINE_LOCATION"	"SOCIAL_GAMING"	"can use user's precise location"	"for the internal GAME engine"	"GAME"	"GAME"	"1"	""
"3BKZLF990ZZSMNOIWQ4MV2YXEZQQY6"	"3ISL4H6O6HKMSD7DGIM4AP7LHJKCID"	"Tell us what do you think about a mobile app and Earn $0.1 in 1 minute"	"Please look at this mobile app and give us feedback by answering the following questions. Each HIT is unique in some ways, please read the questions carefully. You can complete as many HITs as you want. "	"mobile, app, review"	"$0.10"	"Wed Aug 13 17:35:19 EDT 2014"	"20"	"0"	"0"	"0"	"Reviewable"	"NotReviewed"	"93"	"900"	"604800"	"Wed Aug 27 17:35:19 EDT 2014"	"https://requester.mturk.com/mturk/manageHIT?HITId=3BKZLF990ZZSMNOIWQ4MV2YXEZQQY6"	"3QIYRE09Y3HDG4YHUBAX25N25PL1N6"	"A1421I54656YSD"	"Submitted"	"Wed Aug 20 18:10:44 EDT 2014"	"Wed Aug 13 18:10:13 EDT 2014"	"Wed Aug 13 18:10:44 EDT 2014"	""	""	""	""	""	"com.kangaroo.logic"	"ACCESS_FINE_LOCATION"	"SOCIAL_GAMING"	"can use user's precise location"	"for the internal GAME engine"	"GAME"	"GAME"	"-1"	""
"3BKZLF990ZZSMNOIWQ4MV2YXEZQQY6"	"3ISL4H6O6HKMSD7DGIM4AP7LHJKCID"	"Tell us what do you think about a mobile app and Earn $0.1 in 1 minute"	"Please look at this mobile app and give us feedback by answering the following questions. Each HIT is unique in some ways, please read the questions carefully. You can complete as many HITs as you want. "	"mobile, app, review"	"$0.10"	"Wed Aug 13 17:35:19 EDT 2014"	"20"	"0"	"0"	"0"	"Reviewable"	"NotReviewed"	"93"	"900"	"604800"	"Wed Aug 27 17:35:19 EDT 2014"	"https://requester.mturk.com/mturk/manageHIT?HITId=3BKZLF990ZZSMNOIWQ4MV2YXEZQQY6"	"3R9WASFE2ZGYN8684Y0CMUY5GDBZFL"	"ALEJV7D94ZLHF"	"Submitted"	"Wed Aug 20 18:13:26 EDT 2014"	"Wed Aug 13 18:12:35 EDT 2014"	"Wed Aug 13 18:13:26 EDT 2014"	""	""	""	""	""	"com.kangaroo.logic"	"ACCESS_FINE_LOCATION"	"SOCIAL_GAMING"	"can use user's precise location"	"for the internal GAME engine"	"GAME"	"GAME"	"1"	""
"3BKZLF990ZZSMNOIWQ4MV2YXEZQQY6"	"3ISL4H6O6HKMSD7DGIM4AP7LHJKCID"	"Tell us what do you think about a mobile app and Earn $0.1 in 1 minute"	"Please look at this mobile app and give us feedback by answering the following questions. Each HIT is unique in some ways, please read the questions carefully. You can complete as many HITs as you want. "	"mobile, app, review"	"$0.10"	"Wed Aug 13 17:35:19 EDT 2014"	"20"	"0"	"0"	"0"	"Reviewable"	"NotReviewed"	"93"	"900"	"604800"	"Wed Aug 27 17:35:19 EDT 2014"	"https://requester.mturk.com/mturk/manageHIT?HITId=3BKZLF990ZZSMNOIWQ4MV2YXEZQQY6"	"3NOKK93PR1886ZFGD02TJ2CNG6NEEC"	"A2WGW5Y3ZFBDEC"	"Submitted"	"Wed Aug 20 18:13:58 EDT 2014"	"Wed Aug 13 18:12:47 EDT 2014"	"Wed Aug 13 18:13:58 EDT 2014"	""	""	""	""	""	"com.kangaroo.logic"	"ACCESS_FINE_LOCATION"	"SOCIAL_GAMING"	"can use user's precise location"	"for the internal GAME engine"	"GAME"	"GAME"	"1"	""
"3BKZLF990ZZSMNOIWQ4MV2YXEZQQY6"	"3ISL4H6O6HKMSD7DGIM4AP7LHJKCID"	"Tell us what do you think about a mobile app and Earn $0.1 in 1 minute"	"Please look at this mobile app and give us feedback by answering the following questions. Each HIT is unique in some ways, please read the questions carefully. You can complete as many HITs as you want. "	"mobile, app, review"	"$0.10"	"Wed Aug 13 17:35:19 EDT 2014"	"20"	"0"	"0"	"0"	"Reviewable"	"NotReviewed"	"93"	"900"	"604800"	"Wed Aug 27 17:35:19 EDT 2014"	"https://requester.mturk.com/mturk/manageHIT?HITId=3BKZLF990ZZSMNOIWQ4MV2YXEZQQY6"	"39N5ACM9HENV8UDPE32IL0AG3G9P9Y"	"A2IW3WDQCUOMWU"	"Submitted"	"Wed Aug 20 18:14:04 EDT 2014"	"Wed Aug 13 18:13:55 EDT 2014"	"Wed Aug 13 18:14:04 EDT 2014"	""	""	""	""	""	"com.kangaroo.logic"	"ACCESS_FINE_LOCATION"	"SOCIAL_GAMING"	"can use user's precise location"	"for the internal GAME engine"	"GAME"	"GAME"	"1"	""
"3BKZLF990ZZSMNOIWQ4MV2YXEZQQY6"	"3ISL4H6O6HKMSD7DGIM4AP7LHJKCID"	"Tell us what do you think about a mobile app and Earn $0.1 in 1 minute"	"Please look at this mobile app and give us feedback by answering the following questions. Each HIT is unique in some ways, please read the questions carefully. You can complete as many HITs as you want. "	"mobile, app, review"	"$0.10"	"Wed Aug 13 17:35:19 EDT 2014"	"20"	"0"	"0"	"0"	"Reviewable"	"NotReviewed"	"93"	"900"	"604800"	"Wed Aug 27 17:35:19 EDT 2014"	"https://requester.mturk.com/mturk/manageHIT?HITId=3BKZLF990ZZSMNOIWQ4MV2YXEZQQY6"	"3ATPCQ38J8A3MRFVXWC1UMECD3UYAG"	"A36MTY8RSWBZU7"	"Submitted"	"Wed Aug 20 18:16:29 EDT 2014"	"Wed Aug 13 18:15:28 EDT 2014"	"Wed Aug 13 18:16:29 EDT 2014"	""	""	""	""	""	"com.kangaroo.logic"	"ACCESS_FINE_LOCATION"	"SOCIAL_GAMING"	"can use user's precise location"	"for the internal GAME engine"	"GAME"	"GAME"	"2"	"I am comfortable as long as it can't send this information out."
"3BKZLF990ZZSMNOIWQ4MV2YXEZQQY6"	"3ISL4H6O6HKMSD7DGIM4AP7LHJKCID"	"Tell us what do you think about a mobile app and Earn $0.1 in 1 minute"	"Please look at this mobile app and give us feedback by answering the following questions. Each HIT is unique in some ways, please read the questions carefully. You can complete as many HITs as you want. "	"mobile, app, review"	"$0.10"	"Wed Aug 13 17:35:19 EDT 2014"	"20"	"0"	"0"	"0"	"Reviewable"	"NotReviewed"	"93"	"900"	"604800"	"Wed Aug 27 17:35:19 EDT 2014"	"https://requester.mturk.com/mturk/manageHIT?HITId=3BKZLF990ZZSMNOIWQ4MV2YXEZQQY6"	"3483FV8BEEJCY4ALEYOU5DBL25A62I"	"A2D0XTJ0PI40QY"	"Submitted"	"Wed Aug 20 18:17:39 EDT 2014"	"Wed Aug 13 18:15:56 EDT 2014"	"Wed Aug 13 18:17:39 EDT 2014"	""	""	""	""	""	"com.kangaroo.logic"	"ACCESS_FINE_LOCATION"	"SOCIAL_GAMING"	"can use user's precise location"	"for the internal GAME engine"	"GAME"	"GAME"	"2"	""
"3BKZLF990ZZSMNOIWQ4MV2YXEZQQY6"	"3ISL4H6O6HKMSD7DGIM4AP7LHJKCID"	"Tell us what do you think about a mobile app and Earn $0.1 in 1 minute"	"Please look at this mobile app and give us feedback by answering the following questions. Each HIT is unique in some ways, please read the questions carefully. You can complete as many HITs as you want. "	"mobile, app, review"	"$0.10"	"Wed Aug 13 17:35:19 EDT 2014"	"20"	"0"	"0"	"0"	"Reviewable"	"NotReviewed"	"93"	"900"	"604800"	"Wed Aug 27 17:35:19 EDT 2014"	"https://requester.mturk.com/mturk/manageHIT?HITId=3BKZLF990ZZSMNOIWQ4MV2YXEZQQY6"	"3JNQLM5FT4MUHPDS12UWUWTIS0ZL25"	"A12SMSQ6D5227J"	"Submitted"	"Wed Aug 20 18:18:39 EDT 2014"	"Wed Aug 13 18:15:06 EDT 2014"	"Wed Aug 13 18:18:39 EDT 2014"	""	""	""	""	""	"com.kangaroo.logic"	"ACCESS_FINE_LOCATION"	"SOCIAL_GAMING"	"can use user's precise location"	"for the internal GAME engine"	"GAME"	"GAME"	"-2"	""
"33P2GD6NRNSKPP0Y9LG1DGRLPXMKHA"	"3ISL4H6O6HKMSD7DGIM4AP7LHJKCID"	"Tell us what do you think about a mobile app and Earn $0.1 in 1 minute"	"Please look at this mobile app and give us feedback by answering the following questions. Each HIT is unique in some ways, please read the questions carefully. You can complete as many HITs as you want. "	"mobile, app, review"	"$0.10"	"Wed Aug 13 17:35:19 EDT 2014"	"20"	"0"	"0"	"0"	"Reviewable"	"NotReviewed"	"94"	"900"	"604800"	"Wed Aug 27 17:35:19 EDT 2014"	"https://requester.mturk.com/mturk/manageHIT?HITId=33P2GD6NRNSKPP0Y9LG1DGRLPXMKHA"	"3VHHR074H3H13QAY7EBRQNAQ3GFL7F"	"A3JG1P42AS7WKH"	"Submitted"	"Wed Aug 20 17:40:18 EDT 2014"	"Wed Aug 13 17:36:34 EDT 2014"	"Wed Aug 13 17:40:18 EDT 2014"	""	""	""	""	""	"com.loloworks.llzbs"	"ACCESS_FINE_LOCATION"	"SOCIAL_GAMING"	"can use user's precise location"	"for the internal GAME engine"	"GAME"	"GAME"	"-1"	""
"33P2GD6NRNSKPP0Y9LG1DGRLPXMKHA"	"3ISL4H6O6HKMSD7DGIM4AP7LHJKCID"	"Tell us what do you think about a mobile app and Earn $0.1 in 1 minute"	"Please look at this mobile app and give us feedback by answering the following questions. Each HIT is unique in some ways, please read the questions carefully. You can complete as many HITs as you want. "	"mobile, app, review"	"$0.10"	"Wed Aug 13 17:35:19 EDT 2014"	"20"	"0"	"0"	"0"	"Reviewable"	"NotReviewed"	"94"	"900"	"604800"	"Wed Aug 27 17:35:19 EDT 2014"	"https://requester.mturk.com/mturk/manageHIT?HITId=33P2GD6NRNSKPP0Y9LG1DGRLPXMKHA"	"3PDJHANYK5GGDUD3XJR1SHHNRON6HV"	"A2QD7QFGCUNF5N"	"Submitted"	"Wed Aug 20 17:41:32 EDT 2014"	"Wed Aug 13 17:38:18 EDT 2014"	"Wed Aug 13 17:41:32 EDT 2014"	""	""	""	""	""	"com.loloworks.llzbs"	"ACCESS_FINE_LOCATION"	"SOCIAL_GAMING"	"can use user's precise location"	"for the internal GAME engine"	"GAME"	"GAME"	"-1"	""
"33P2GD6NRNSKPP0Y9LG1DGRLPXMKHA"	"3ISL4H6O6HKMSD7DGIM4AP7LHJKCID"	"Tell us what do you think about a mobile app and Earn $0.1 in 1 minute"	"Please look at this mobile app and give us feedback by answering the following questions. Each HIT is unique in some ways, please read the questions carefully. You can complete as many HITs as you want. "	"mobile, app, review"	"$0.10"	"Wed Aug 13 17:35:19 EDT 2014"	"20"	"0"	"0"	"0"	"Reviewable"	"NotReviewed"	"94"	"900"	"604800"	"Wed Aug 27 17:35:19 EDT 2014"	"https://requester.mturk.com/mturk/manageHIT?HITId=33P2GD6NRNSKPP0Y9LG1DGRLPXMKHA"	"3IJXV6UZ1XJ9V8M7VPCK3O9YNOFIRX"	"A340DZFTU1OSQQ"	"Submitted"	"Wed Aug 20 17:43:13 EDT 2014"	"Wed Aug 13 17:38:05 EDT 2014"	"Wed Aug 13 17:43:13 EDT 2014"	""	""	""	""	""	"com.loloworks.llzbs"	"ACCESS_FINE_LOCATION"	"SOCIAL_GAMING"	"can use user's precise location"	"for the internal GAME engine"	"GAME"	"GAME"	"1"	""
"33P2GD6NRNSKPP0Y9LG1DGRLPXMKHA"	"3ISL4H6O6HKMSD7DGIM4AP7LHJKCID"	"Tell us what do you think about a mobile app and Earn $0.1 in 1 minute"	"Please look at this mobile app and give us feedback by answering the following questions. Each HIT is unique in some ways, please read the questions carefully. You can complete as many HITs as you want. "	"mobile, app, review"	"$0.10"	"Wed Aug 13 17:35:19 EDT 2014"	"20"	"0"	"0"	"0"	"Reviewable"	"NotReviewed"	"94"	"900"	"604800"	"Wed Aug 27 17:35:19 EDT 2014"	"https://requester.mturk.com/mturk/manageHIT?HITId=33P2GD6NRNSKPP0Y9LG1DGRLPXMKHA"	"3NS0A6KXC4841823FI6U4FYHHS6ZGF"	"A9JHTV37LSE5F"	"Submitted"	"Wed Aug 20 17:43:45 EDT 2014"	"Wed Aug 13 17:43:27 EDT 2014"	"Wed Aug 13 17:43:45 EDT 2014"	""	""	""	""	""	"com.loloworks.llzbs"	"ACCESS_FINE_LOCATION"	"SOCIAL_GAMING"	"can use user's precise location"	"for the internal GAME engine"	"GAME"	"GAME"	"-1"	""
"33P2GD6NRNSKPP0Y9LG1DGRLPXMKHA"	"3ISL4H6O6HKMSD7DGIM4AP7LHJKCID"	"Tell us what do you think about a mobile app and Earn $0.1 in 1 minute"	"Please look at this mobile app and give us feedback by answering the following questions. Each HIT is unique in some ways, please read the questions carefully. You can complete as many HITs as you want. "	"mobile, app, review"	"$0.10"	"Wed Aug 13 17:35:19 EDT 2014"	"20"	"0"	"0"	"0"	"Reviewable"	"NotReviewed"	"94"	"900"	"604800"	"Wed Aug 27 17:35:19 EDT 2014"	"https://requester.mturk.com/mturk/manageHIT?HITId=33P2GD6NRNSKPP0Y9LG1DGRLPXMKHA"	"3LQ8PUHQFLSW6E84ZK0QPK7S0FIIH1"	"A167HNWLG22UFD"	"Submitted"	"Wed Aug 20 17:46:05 EDT 2014"	"Wed Aug 13 17:44:30 EDT 2014"	"Wed Aug 13 17:46:05 EDT 2014"	""	""	""	""	""	"com.loloworks.llzbs"	"ACCESS_FINE_LOCATION"	"SOCIAL_GAMING"	"can use user's precise location"	"for the internal GAME engine"	"GAME"	"GAME"	"1"	""
"33P2GD6NRNSKPP0Y9LG1DGRLPXMKHA"	"3ISL4H6O6HKMSD7DGIM4AP7LHJKCID"	"Tell us what do you think about a mobile app and Earn $0.1 in 1 minute"	"Please look at this mobile app and give us feedback by answering the following questions. Each HIT is unique in some ways, please read the questions carefully. You can complete as many HITs as you want. "	"mobile, app, review"	"$0.10"	"Wed Aug 13 17:35:19 EDT 2014"	"20"	"0"	"0"	"0"	"Reviewable"	"NotReviewed"	"94"	"900"	"604800"	"Wed Aug 27 17:35:19 EDT 2014"	"https://requester.mturk.com/mturk/manageHIT?HITId=33P2GD6NRNSKPP0Y9LG1DGRLPXMKHA"	"3EF8EXOTT1VHXE7WFDI59Y6LW5CJ1G"	"A2WGW5Y3ZFBDEC"	"Submitted"	"Wed Aug 20 17:51:56 EDT 2014"	"Wed Aug 13 17:51:06 EDT 2014"	"Wed Aug 13 17:51:56 EDT 2014"	""	""	""	""	""	"com.loloworks.llzbs"	"ACCESS_FINE_LOCATION"	"SOCIAL_GAMING"	"can use user's precise location"	"for the internal GAME engine"	"GAME"	"GAME"	"1"	""
"33P2GD6NRNSKPP0Y9LG1DGRLPXMKHA"	"3ISL4H6O6HKMSD7DGIM4AP7LHJKCID"	"Tell us what do you think about a mobile app and Earn $0.1 in 1 minute"	"Please look at this mobile app and give us feedback by answering the following questions. Each HIT is unique in some ways, please read the questions carefully. You can complete as many HITs as you want. "	"mobile, app, review"	"$0.10"	"Wed Aug 13 17:35:19 EDT 2014"	"20"	"0"	"0"	"0"	"Reviewable"	"NotReviewed"	"94"	"900"	"604800"	"Wed Aug 27 17:35:19 EDT 2014"	"https://requester.mturk.com/mturk/manageHIT?HITId=33P2GD6NRNSKPP0Y9LG1DGRLPXMKHA"	"3LEP4MGT3G057QPW7EPJCCOHDX6BDD"	"A3G00Q5JV2BE5G"	"Submitted"	"Wed Aug 20 17:53:41 EDT 2014"	"Wed Aug 13 17:50:17 EDT 2014"	"Wed Aug 13 17:53:41 EDT 2014"	""	""	""	""	""	"com.loloworks.llzbs"	"ACCESS_FINE_LOCATION"	"SOCIAL_GAMING"	"can use user's precise location"	"for the internal GAME engine"	"GAME"	"GAME"	"1"	""
"33P2GD6NRNSKPP0Y9LG1DGRLPXMKHA"	"3ISL4H6O6HKMSD7DGIM4AP7LHJKCID"	"Tell us what do you think about a mobile app and Earn $0.1 in 1 minute"	"Please look at this mobile app and give us feedback by answering the following questions. Each HIT is unique in some ways, please read the questions carefully. You can complete as many HITs as you want. "	"mobile, app, review"	"$0.10"	"Wed Aug 13 17:35:19 EDT 2014"	"20"	"0"	"0"	"0"	"Reviewable"	"NotReviewed"	"94"	"900"	"604800"	"Wed Aug 27 17:35:19 EDT 2014"	"https://requester.mturk.com/mturk/manageHIT?HITId=33P2GD6NRNSKPP0Y9LG1DGRLPXMKHA"	"3LRLIPTPEQ982MQETHBALEZ1FOIKA4"	"ALEJV7D94ZLHF"	"Submitted"	"Wed Aug 20 17:56:49 EDT 2014"	"Wed Aug 13 17:55:52 EDT 2014"	"Wed Aug 13 17:56:49 EDT 2014"	""	""	""	""	""	"com.loloworks.llzbs"	"ACCESS_FINE_LOCATION"	"SOCIAL_GAMING"	"can use user's precise location"	"for the internal GAME engine"	"GAME"	"GAME"	"1"	""
"33P2GD6NRNSKPP0Y9LG1DGRLPXMKHA"	"3ISL4H6O6HKMSD7DGIM4AP7LHJKCID"	"Tell us what do you think about a mobile app and Earn $0.1 in 1 minute"	"Please look at this mobile app and give us feedback by answering the following questions. Each HIT is unique in some ways, please read the questions carefully. You can complete as many HITs as you want. "	"mobile, app, review"	"$0.10"	"Wed Aug 13 17:35:19 EDT 2014"	"20"	"0"	"0"	"0"	"Reviewable"	"NotReviewed"	"94"	"900"	"604800"	"Wed Aug 27 17:35:19 EDT 2014"	"https://requester.mturk.com/mturk/manageHIT?HITId=33P2GD6NRNSKPP0Y9LG1DGRLPXMKHA"	"37UQDCYH6XV4ZVMSLIDXDW8SUEJV7A"	"A36MTY8RSWBZU7"	"Submitted"	"Wed Aug 20 17:58:42 EDT 2014"	"Wed Aug 13 17:57:12 EDT 2014"	"Wed Aug 13 17:58:42 EDT 2014"	""	""	""	""	""	"com.loloworks.llzbs"	"ACCESS_FINE_LOCATION"	"SOCIAL_GAMING"	"can use user's precise location"	"for the internal GAME engine"	"GAME"	"GAME"	"-2"	"I would only be very uncomfortable with this if it gave my location to others that were playing the game."
"33P2GD6NRNSKPP0Y9LG1DGRLPXMKHA"	"3ISL4H6O6HKMSD7DGIM4AP7LHJKCID"	"Tell us what do you think about a mobile app and Earn $0.1 in 1 minute"	"Please look at this mobile app and give us feedback by answering the following questions. Each HIT is unique in some ways, please read the questions carefully. You can complete as many HITs as you want. "	"mobile, app, review"	"$0.10"	"Wed Aug 13 17:35:19 EDT 2014"	"20"	"0"	"0"	"0"	"Reviewable"	"NotReviewed"	"94"	"900"	"604800"	"Wed Aug 27 17:35:19 EDT 2014"	"https://requester.mturk.com/mturk/manageHIT?HITId=33P2GD6NRNSKPP0Y9LG1DGRLPXMKHA"	"3A9AA95ATWMC77BDBDP19K5EHKO5PL"	"A27PVIL93ZMY46"	"Submitted"	"Wed Aug 20 18:02:42 EDT 2014"	"Wed Aug 13 17:56:52 EDT 2014"	"Wed Aug 13 18:02:42 EDT 2014"	""	""	""	""	""	"com.loloworks.llzbs"	"ACCESS_FINE_LOCATION"	"SOCIAL_GAMING"	"can use user's precise location"	"for the internal GAME engine"	"GAME"	"GAME"	"-1"	""
"33P2GD6NRNSKPP0Y9LG1DGRLPXMKHA"	"3ISL4H6O6HKMSD7DGIM4AP7LHJKCID"	"Tell us what do you think about a mobile app and Earn $0.1 in 1 minute"	"Please look at this mobile app and give us feedback by answering the following questions. Each HIT is unique in some ways, please read the questions carefully. You can complete as many HITs as you want. "	"mobile, app, review"	"$0.10"	"Wed Aug 13 17:35:19 EDT 2014"	"20"	"0"	"0"	"0"	"Reviewable"	"NotReviewed"	"94"	"900"	"604800"	"Wed Aug 27 17:35:19 EDT 2014"	"https://requester.mturk.com/mturk/manageHIT?HITId=33P2GD6NRNSKPP0Y9LG1DGRLPXMKHA"	"3K2755HG5S3VK71CCGBFV2F2SV0FD1"	"A3G0T5Y7OSC76S"	"Submitted"	"Wed Aug 20 18:03:17 EDT 2014"	"Wed Aug 13 18:00:27 EDT 2014"	"Wed Aug 13 18:03:17 EDT 2014"	""	""	""	""	""	"com.loloworks.llzbs"	"ACCESS_FINE_LOCATION"	"SOCIAL_GAMING"	"can use user's precise location"	"for the internal GAME engine"	"GAME"	"GAME"	"-2"	""
"33P2GD6NRNSKPP0Y9LG1DGRLPXMKHA"	"3ISL4H6O6HKMSD7DGIM4AP7LHJKCID"	"Tell us what do you think about a mobile app and Earn $0.1 in 1 minute"	"Please look at this mobile app and give us feedback by answering the following questions. Each HIT is unique in some ways, please read the questions carefully. You can complete as many HITs as you want. "	"mobile, app, review"	"$0.10"	"Wed Aug 13 17:35:19 EDT 2014"	"20"	"0"	"0"	"0"	"Reviewable"	"NotReviewed"	"94"	"900"	"604800"	"Wed Aug 27 17:35:19 EDT 2014"	"https://requester.mturk.com/mturk/manageHIT?HITId=33P2GD6NRNSKPP0Y9LG1DGRLPXMKHA"	"3J88R45B2GYL9QVNHJ8W13WYAJYPXF"	"A9QYAH5BONH1W"	"Submitted"	"Wed Aug 20 18:04:08 EDT 2014"	"Wed Aug 13 18:03:34 EDT 2014"	"Wed Aug 13 18:04:08 EDT 2014"	""	""	""	""	""	"com.loloworks.llzbs"	"ACCESS_FINE_LOCATION"	"SOCIAL_GAMING"	"can use user's precise location"	"for the internal GAME engine"	"GAME"	"GAME"	"-2"	""
"33P2GD6NRNSKPP0Y9LG1DGRLPXMKHA"	"3ISL4H6O6HKMSD7DGIM4AP7LHJKCID"	"Tell us what do you think about a mobile app and Earn $0.1 in 1 minute"	"Please look at this mobile app and give us feedback by answering the following questions. Each HIT is unique in some ways, please read the questions carefully. You can complete as many HITs as you want. "	"mobile, app, review"	"$0.10"	"Wed Aug 13 17:35:19 EDT 2014"	"20"	"0"	"0"	"0"	"Reviewable"	"NotReviewed"	"94"	"900"	"604800"	"Wed Aug 27 17:35:19 EDT 2014"	"https://requester.mturk.com/mturk/manageHIT?HITId=33P2GD6NRNSKPP0Y9LG1DGRLPXMKHA"	"39ZSFO5CA8WX6BYUH1SPK0BI72AJUG"	"A3O81LHBBI8NPK"	"Submitted"	"Wed Aug 20 18:04:35 EDT 2014"	"Wed Aug 13 17:54:20 EDT 2014"	"Wed Aug 13 18:04:35 EDT 2014"	""	""	""	""	""	"com.loloworks.llzbs"	"ACCESS_FINE_LOCATION"	"SOCIAL_GAMING"	"can use user's precise location"	"for the internal GAME engine"	"GAME"	"GAME"	"-1"	""
"33P2GD6NRNSKPP0Y9LG1DGRLPXMKHA"	"3ISL4H6O6HKMSD7DGIM4AP7LHJKCID"	"Tell us what do you think about a mobile app and Earn $0.1 in 1 minute"	"Please look at this mobile app and give us feedback by answering the following questions. Each HIT is unique in some ways, please read the questions carefully. You can complete as many HITs as you want. "	"mobile, app, review"	"$0.10"	"Wed Aug 13 17:35:19 EDT 2014"	"20"	"0"	"0"	"0"	"Reviewable"	"NotReviewed"	"94"	"900"	"604800"	"Wed Aug 27 17:35:19 EDT 2014"	"https://requester.mturk.com/mturk/manageHIT?HITId=33P2GD6NRNSKPP0Y9LG1DGRLPXMKHA"	"3X4JMASXCM9B86O2V21OX54YJ8YB0L"	"A1LZWU72K42V92"	"Submitted"	"Wed Aug 20 18:06:08 EDT 2014"	"Wed Aug 13 17:55:24 EDT 2014"	"Wed Aug 13 18:06:08 EDT 2014"	""	""	""	""	""	"com.loloworks.llzbs"	"ACCESS_FINE_LOCATION"	"SOCIAL_GAMING"	"can use user's precise location"	"for the internal GAME engine"	"GAME"	"GAME"	"1"	""
"33P2GD6NRNSKPP0Y9LG1DGRLPXMKHA"	"3ISL4H6O6HKMSD7DGIM4AP7LHJKCID"	"Tell us what do you think about a mobile app and Earn $0.1 in 1 minute"	"Please look at this mobile app and give us feedback by answering the following questions. Each HIT is unique in some ways, please read the questions carefully. You can complete as many HITs as you want. "	"mobile, app, review"	"$0.10"	"Wed Aug 13 17:35:19 EDT 2014"	"20"	"0"	"0"	"0"	"Reviewable"	"NotReviewed"	"94"	"900"	"604800"	"Wed Aug 27 17:35:19 EDT 2014"	"https://requester.mturk.com/mturk/manageHIT?HITId=33P2GD6NRNSKPP0Y9LG1DGRLPXMKHA"	"35GCEFQ6I5O37WQFK3ZALL98DN5Z3B"	"A1PJLZSOUQ4MIL"	"Submitted"	"Wed Aug 20 18:06:15 EDT 2014"	"Wed Aug 13 18:05:10 EDT 2014"	"Wed Aug 13 18:06:15 EDT 2014"	""	""	""	""	""	"com.loloworks.llzbs"	"ACCESS_FINE_LOCATION"	"SOCIAL_GAMING"	"can use user's precise location"	"for the internal GAME engine"	"GAME"	"GAME"	"-2"	""
"33P2GD6NRNSKPP0Y9LG1DGRLPXMKHA"	"3ISL4H6O6HKMSD7DGIM4AP7LHJKCID"	"Tell us what do you think about a mobile app and Earn $0.1 in 1 minute"	"Please look at this mobile app and give us feedback by answering the following questions. Each HIT is unique in some ways, please read the questions carefully. You can complete as many HITs as you want. "	"mobile, app, review"	"$0.10"	"Wed Aug 13 17:35:19 EDT 2014"	"20"	"0"	"0"	"0"	"Reviewable"	"NotReviewed"	"94"	"900"	"604800"	"Wed Aug 27 17:35:19 EDT 2014"	"https://requester.mturk.com/mturk/manageHIT?HITId=33P2GD6NRNSKPP0Y9LG1DGRLPXMKHA"	"3ZAZR5XV01IRKWMYDWABEOD2J0JCZN"	"A29VL3MZE7YPBZ"	"Submitted"	"Wed Aug 20 18:07:47 EDT 2014"	"Wed Aug 13 18:06:44 EDT 2014"	"Wed Aug 13 18:07:47 EDT 2014"	""	""	""	""	""	"com.loloworks.llzbs"	"ACCESS_FINE_LOCATION"	"SOCIAL_GAMING"	"can use user's precise location"	"for the internal GAME engine"	"GAME"	"GAME"	"-2"	""
"33P2GD6NRNSKPP0Y9LG1DGRLPXMKHA"	"3ISL4H6O6HKMSD7DGIM4AP7LHJKCID"	"Tell us what do you think about a mobile app and Earn $0.1 in 1 minute"	"Please look at this mobile app and give us feedback by answering the following questions. Each HIT is unique in some ways, please read the questions carefully. You can complete as many HITs as you want. "	"mobile, app, review"	"$0.10"	"Wed Aug 13 17:35:19 EDT 2014"	"20"	"0"	"0"	"0"	"Reviewable"	"NotReviewed"	"94"	"900"	"604800"	"Wed Aug 27 17:35:19 EDT 2014"	"https://requester.mturk.com/mturk/manageHIT?HITId=33P2GD6NRNSKPP0Y9LG1DGRLPXMKHA"	"30BUDKLTXDV8AGMN2Z9QF86A3DO5E2"	"A1421I54656YSD"	"Submitted"	"Wed Aug 20 18:08:31 EDT 2014"	"Wed Aug 13 18:07:48 EDT 2014"	"Wed Aug 13 18:08:31 EDT 2014"	""	""	""	""	""	"com.loloworks.llzbs"	"ACCESS_FINE_LOCATION"	"SOCIAL_GAMING"	"can use user's precise location"	"for the internal GAME engine"	"GAME"	"GAME"	"-1"	""
"33P2GD6NRNSKPP0Y9LG1DGRLPXMKHA"	"3ISL4H6O6HKMSD7DGIM4AP7LHJKCID"	"Tell us what do you think about a mobile app and Earn $0.1 in 1 minute"	"Please look at this mobile app and give us feedback by answering the following questions. Each HIT is unique in some ways, please read the questions carefully. You can complete as many HITs as you want. "	"mobile, app, review"	"$0.10"	"Wed Aug 13 17:35:19 EDT 2014"	"20"	"0"	"0"	"0"	"Reviewable"	"NotReviewed"	"94"	"900"	"604800"	"Wed Aug 27 17:35:19 EDT 2014"	"https://requester.mturk.com/mturk/manageHIT?HITId=33P2GD6NRNSKPP0Y9LG1DGRLPXMKHA"	"3SLE99ER0ND8ARUSZWEG347K1FJBZF"	"A20ALQT1HIVSAH"	"Submitted"	"Wed Aug 20 18:12:11 EDT 2014"	"Wed Aug 13 18:11:58 EDT 2014"	"Wed Aug 13 18:12:11 EDT 2014"	""	""	""	""	""	"com.loloworks.llzbs"	"ACCESS_FINE_LOCATION"	"SOCIAL_GAMING"	"can use user's precise location"	"for the internal GAME engine"	"GAME"	"GAME"	"1"	""
"33P2GD6NRNSKPP0Y9LG1DGRLPXMKHA"	"3ISL4H6O6HKMSD7DGIM4AP7LHJKCID"	"Tell us what do you think about a mobile app and Earn $0.1 in 1 minute"	"Please look at this mobile app and give us feedback by answering the following questions. Each HIT is unique in some ways, please read the questions carefully. You can complete as many HITs as you want. "	"mobile, app, review"	"$0.10"	"Wed Aug 13 17:35:19 EDT 2014"	"20"	"0"	"0"	"0"	"Reviewable"	"NotReviewed"	"94"	"900"	"604800"	"Wed Aug 27 17:35:19 EDT 2014"	"https://requester.mturk.com/mturk/manageHIT?HITId=33P2GD6NRNSKPP0Y9LG1DGRLPXMKHA"	"30ZX6P7VF8VOMZPSYHIJEHGQOBSJ2Z"	"A2S96ZZ70YFPSK"	"Submitted"	"Wed Aug 20 18:12:15 EDT 2014"	"Wed Aug 13 18:03:02 EDT 2014"	"Wed Aug 13 18:12:15 EDT 2014"	""	""	""	""	""	"com.loloworks.llzbs"	"ACCESS_FINE_LOCATION"	"SOCIAL_GAMING"	"can use user's precise location"	"for the internal GAME engine"	"GAME"	"GAME"	"2"	""
"33P2GD6NRNSKPP0Y9LG1DGRLPXMKHA"	"3ISL4H6O6HKMSD7DGIM4AP7LHJKCID"	"Tell us what do you think about a mobile app and Earn $0.1 in 1 minute"	"Please look at this mobile app and give us feedback by answering the following questions. Each HIT is unique in some ways, please read the questions carefully. You can complete as many HITs as you want. "	"mobile, app, review"	"$0.10"	"Wed Aug 13 17:35:19 EDT 2014"	"20"	"0"	"0"	"0"	"Reviewable"	"NotReviewed"	"94"	"900"	"604800"	"Wed Aug 27 17:35:19 EDT 2014"	"https://requester.mturk.com/mturk/manageHIT?HITId=33P2GD6NRNSKPP0Y9LG1DGRLPXMKHA"	"3SB4CE2TJVVEMMPLS0QZB873BX0AXM"	"A298ZDGYSPP6YR"	"Submitted"	"Wed Aug 20 18:18:19 EDT 2014"	"Wed Aug 13 18:08:28 EDT 2014"	"Wed Aug 13 18:18:19 EDT 2014"	""	""	""	""	""	"com.loloworks.llzbs"	"ACCESS_FINE_LOCATION"	"SOCIAL_GAMING"	"can use user's precise location"	"for the internal GAME engine"	"GAME"	"GAME"	"1"	""
"3G4VVJO6PZGC26YMSYO6MPTCBOWPKK"	"3ISL4H6O6HKMSD7DGIM4AP7LHJKCID"	"Tell us what do you think about a mobile app and Earn $0.1 in 1 minute"	"Please look at this mobile app and give us feedback by answering the following questions. Each HIT is unique in some ways, please read the questions carefully. You can complete as many HITs as you want. "	"mobile, app, review"	"$0.10"	"Wed Aug 13 17:35:19 EDT 2014"	"20"	"0"	"0"	"0"	"Reviewable"	"NotReviewed"	"95"	"900"	"604800"	"Wed Aug 27 17:35:19 EDT 2014"	"https://requester.mturk.com/mturk/manageHIT?HITId=3G4VVJO6PZGC26YMSYO6MPTCBOWPKK"	"3NPI0JQDAO5ES9M3C97ZC0BSXN7TPX"	"A2QD7QFGCUNF5N"	"Submitted"	"Wed Aug 20 17:42:34 EDT 2014"	"Wed Aug 13 17:39:12 EDT 2014"	"Wed Aug 13 17:42:34 EDT 2014"	""	""	""	""	""	"com.cento.gates.main"	"ACCESS_FINE_LOCATION"	"SOCIAL_GAMING"	"can use user's precise location"	"for the internal GAME engine"	"GAME"	"GAME"	"-1"	""
"3G4VVJO6PZGC26YMSYO6MPTCBOWPKK"	"3ISL4H6O6HKMSD7DGIM4AP7LHJKCID"	"Tell us what do you think about a mobile app and Earn $0.1 in 1 minute"	"Please look at this mobile app and give us feedback by answering the following questions. Each HIT is unique in some ways, please read the questions carefully. You can complete as many HITs as you want. "	"mobile, app, review"	"$0.10"	"Wed Aug 13 17:35:19 EDT 2014"	"20"	"0"	"0"	"0"	"Reviewable"	"NotReviewed"	"95"	"900"	"604800"	"Wed Aug 27 17:35:19 EDT 2014"	"https://requester.mturk.com/mturk/manageHIT?HITId=3G4VVJO6PZGC26YMSYO6MPTCBOWPKK"	"3RYC5T2D73T1CU9B8K24CLAA92ARPI"	"A2S96ZZ70YFPSK"	"Submitted"	"Wed Aug 20 17:42:39 EDT 2014"	"Wed Aug 13 17:41:47 EDT 2014"	"Wed Aug 13 17:42:39 EDT 2014"	""	""	""	""	""	"com.cento.gates.main"	"ACCESS_FINE_LOCATION"	"SOCIAL_GAMING"	"can use user's precise location"	"for the internal GAME engine"	"GAME"	"GAME"	"1"	"no need for location that makes sense"
"3G4VVJO6PZGC26YMSYO6MPTCBOWPKK"	"3ISL4H6O6HKMSD7DGIM4AP7LHJKCID"	"Tell us what do you think about a mobile app and Earn $0.1 in 1 minute"	"Please look at this mobile app and give us feedback by answering the following questions. Each HIT is unique in some ways, please read the questions carefully. You can complete as many HITs as you want. "	"mobile, app, review"	"$0.10"	"Wed Aug 13 17:35:19 EDT 2014"	"20"	"0"	"0"	"0"	"Reviewable"	"NotReviewed"	"95"	"900"	"604800"	"Wed Aug 27 17:35:19 EDT 2014"	"https://requester.mturk.com/mturk/manageHIT?HITId=3G4VVJO6PZGC26YMSYO6MPTCBOWPKK"	"3MX2NQ3YC9UHGGD4X4ZI3XRHJJUX5Y"	"A2LT6KC1X51FVW"	"Submitted"	"Wed Aug 20 17:42:44 EDT 2014"	"Wed Aug 13 17:41:42 EDT 2014"	"Wed Aug 13 17:42:44 EDT 2014"	""	""	""	""	""	"com.cento.gates.main"	"ACCESS_FINE_LOCATION"	"SOCIAL_GAMING"	"can use user's precise location"	"for the internal GAME engine"	"GAME"	"GAME"	"-2"	"Comments regarding what?!"
"3G4VVJO6PZGC26YMSYO6MPTCBOWPKK"	"3ISL4H6O6HKMSD7DGIM4AP7LHJKCID"	"Tell us what do you think about a mobile app and Earn $0.1 in 1 minute"	"Please look at this mobile app and give us feedback by answering the following questions. Each HIT is unique in some ways, please read the questions carefully. You can complete as many HITs as you want. "	"mobile, app, review"	"$0.10"	"Wed Aug 13 17:35:19 EDT 2014"	"20"	"0"	"0"	"0"	"Reviewable"	"NotReviewed"	"95"	"900"	"604800"	"Wed Aug 27 17:35:19 EDT 2014"	"https://requester.mturk.com/mturk/manageHIT?HITId=3G4VVJO6PZGC26YMSYO6MPTCBOWPKK"	"3VSOLARPKB9O1582G55B8X7FYKD39W"	"A27PVIL93ZMY46"	"Submitted"	"Wed Aug 20 17:48:31 EDT 2014"	"Wed Aug 13 17:46:15 EDT 2014"	"Wed Aug 13 17:48:31 EDT 2014"	""	""	""	""	""	"com.cento.gates.main"	"ACCESS_FINE_LOCATION"	"SOCIAL_GAMING"	"can use user's precise location"	"for the internal GAME engine"	"GAME"	"GAME"	"-1"	"I don't understand why it would need that info."
"3G4VVJO6PZGC26YMSYO6MPTCBOWPKK"	"3ISL4H6O6HKMSD7DGIM4AP7LHJKCID"	"Tell us what do you think about a mobile app and Earn $0.1 in 1 minute"	"Please look at this mobile app and give us feedback by answering the following questions. Each HIT is unique in some ways, please read the questions carefully. You can complete as many HITs as you want. "	"mobile, app, review"	"$0.10"	"Wed Aug 13 17:35:19 EDT 2014"	"20"	"0"	"0"	"0"	"Reviewable"	"NotReviewed"	"95"	"900"	"604800"	"Wed Aug 27 17:35:19 EDT 2014"	"https://requester.mturk.com/mturk/manageHIT?HITId=3G4VVJO6PZGC26YMSYO6MPTCBOWPKK"	"3FE7TXL1LIN58MT5T72SBISC26I2Q7"	"A9JHTV37LSE5F"	"Submitted"	"Wed Aug 20 17:48:52 EDT 2014"	"Wed Aug 13 17:48:34 EDT 2014"	"Wed Aug 13 17:48:52 EDT 2014"	""	""	""	""	""	"com.cento.gates.main"	"ACCESS_FINE_LOCATION"	"SOCIAL_GAMING"	"can use user's precise location"	"for the internal GAME engine"	"GAME"	"GAME"	"-1"	""
"3G4VVJO6PZGC26YMSYO6MPTCBOWPKK"	"3ISL4H6O6HKMSD7DGIM4AP7LHJKCID"	"Tell us what do you think about a mobile app and Earn $0.1 in 1 minute"	"Please look at this mobile app and give us feedback by answering the following questions. Each HIT is unique in some ways, please read the questions carefully. You can complete as many HITs as you want. "	"mobile, app, review"	"$0.10"	"Wed Aug 13 17:35:19 EDT 2014"	"20"	"0"	"0"	"0"	"Reviewable"	"NotReviewed"	"95"	"900"	"604800"	"Wed Aug 27 17:35:19 EDT 2014"	"https://requester.mturk.com/mturk/manageHIT?HITId=3G4VVJO6PZGC26YMSYO6MPTCBOWPKK"	"3K772S5NP8BKQ96I31AZ45908MBHER"	"A3G00Q5JV2BE5G"	"Submitted"	"Wed Aug 20 17:52:09 EDT 2014"	"Wed Aug 13 17:48:39 EDT 2014"	"Wed Aug 13 17:52:09 EDT 2014"	""	""	""	""	""	"com.cento.gates.main"	"ACCESS_FINE_LOCATION"	"SOCIAL_GAMING"	"can use user's precise location"	"for the internal GAME engine"	"GAME"	"GAME"	"1"	""
"3G4VVJO6PZGC26YMSYO6MPTCBOWPKK"	"3ISL4H6O6HKMSD7DGIM4AP7LHJKCID"	"Tell us what do you think about a mobile app and Earn $0.1 in 1 minute"	"Please look at this mobile app and give us feedback by answering the following questions. Each HIT is unique in some ways, please read the questions carefully. You can complete as many HITs as you want. "	"mobile, app, review"	"$0.10"	"Wed Aug 13 17:35:19 EDT 2014"	"20"	"0"	"0"	"0"	"Reviewable"	"NotReviewed"	"95"	"900"	"604800"	"Wed Aug 27 17:35:19 EDT 2014"	"https://requester.mturk.com/mturk/manageHIT?HITId=3G4VVJO6PZGC26YMSYO6MPTCBOWPKK"	"3Z9WI9EOZZONC9YSZNL220M5SJ8KHF"	"A340DZFTU1OSQQ"	"Submitted"	"Wed Aug 20 17:52:47 EDT 2014"	"Wed Aug 13 17:47:46 EDT 2014"	"Wed Aug 13 17:52:47 EDT 2014"	""	""	""	""	""	"com.cento.gates.main"	"ACCESS_FINE_LOCATION"	"SOCIAL_GAMING"	"can use user's precise location"	"for the internal GAME engine"	"GAME"	"GAME"	"1"	""
"3G4VVJO6PZGC26YMSYO6MPTCBOWPKK"	"3ISL4H6O6HKMSD7DGIM4AP7LHJKCID"	"Tell us what do you think about a mobile app and Earn $0.1 in 1 minute"	"Please look at this mobile app and give us feedback by answering the following questions. Each HIT is unique in some ways, please read the questions carefully. You can complete as many HITs as you want. "	"mobile, app, review"	"$0.10"	"Wed Aug 13 17:35:19 EDT 2014"	"20"	"0"	"0"	"0"	"Reviewable"	"NotReviewed"	"95"	"900"	"604800"	"Wed Aug 27 17:35:19 EDT 2014"	"https://requester.mturk.com/mturk/manageHIT?HITId=3G4VVJO6PZGC26YMSYO6MPTCBOWPKK"	"3G5F9DBFOPX1SKS4YRZ949XM8HFHVY"	"A3JG1P42AS7WKH"	"Submitted"	"Wed Aug 20 17:55:15 EDT 2014"	"Wed Aug 13 17:47:52 EDT 2014"	"Wed Aug 13 17:55:15 EDT 2014"	""	""	""	""	""	"com.cento.gates.main"	"ACCESS_FINE_LOCATION"	"SOCIAL_GAMING"	"can use user's precise location"	"for the internal GAME engine"	"GAME"	"GAME"	"-1"	""
"3G4VVJO6PZGC26YMSYO6MPTCBOWPKK"	"3ISL4H6O6HKMSD7DGIM4AP7LHJKCID"	"Tell us what do you think about a mobile app and Earn $0.1 in 1 minute"	"Please look at this mobile app and give us feedback by answering the following questions. Each HIT is unique in some ways, please read the questions carefully. You can complete as many HITs as you want. "	"mobile, app, review"	"$0.10"	"Wed Aug 13 17:35:19 EDT 2014"	"20"	"0"	"0"	"0"	"Reviewable"	"NotReviewed"	"95"	"900"	"604800"	"Wed Aug 27 17:35:19 EDT 2014"	"https://requester.mturk.com/mturk/manageHIT?HITId=3G4VVJO6PZGC26YMSYO6MPTCBOWPKK"	"3Y54SXRO1LLRKEUZTV6TM6YR541TUV"	"A298ZDGYSPP6YR"	"Submitted"	"Wed Aug 20 17:55:50 EDT 2014"	"Wed Aug 13 17:53:20 EDT 2014"	"Wed Aug 13 17:55:50 EDT 2014"	""	""	""	""	""	"com.cento.gates.main"	"ACCESS_FINE_LOCATION"	"SOCIAL_GAMING"	"can use user's precise location"	"for the internal GAME engine"	"GAME"	"GAME"	"1"	""
"3G4VVJO6PZGC26YMSYO6MPTCBOWPKK"	"3ISL4H6O6HKMSD7DGIM4AP7LHJKCID"	"Tell us what do you think about a mobile app and Earn $0.1 in 1 minute"	"Please look at this mobile app and give us feedback by answering the following questions. Each HIT is unique in some ways, please read the questions carefully. You can complete as many HITs as you want. "	"mobile, app, review"	"$0.10"	"Wed Aug 13 17:35:19 EDT 2014"	"20"	"0"	"0"	"0"	"Reviewable"	"NotReviewed"	"95"	"900"	"604800"	"Wed Aug 27 17:35:19 EDT 2014"	"https://requester.mturk.com/mturk/manageHIT?HITId=3G4VVJO6PZGC26YMSYO6MPTCBOWPKK"	"3A4NIXBJ76ZKOTHLBKDG957GY5CMLT"	"A3C6BPE5UJ9EHR"	"Submitted"	"Wed Aug 20 17:56:08 EDT 2014"	"Wed Aug 13 17:53:29 EDT 2014"	"Wed Aug 13 17:56:08 EDT 2014"	""	""	""	""	""	"com.cento.gates.main"	"ACCESS_FINE_LOCATION"	"SOCIAL_GAMING"	"can use user's precise location"	"for the internal GAME engine"	"GAME"	"GAME"	"-1"	""
"3G4VVJO6PZGC26YMSYO6MPTCBOWPKK"	"3ISL4H6O6HKMSD7DGIM4AP7LHJKCID"	"Tell us what do you think about a mobile app and Earn $0.1 in 1 minute"	"Please look at this mobile app and give us feedback by answering the following questions. Each HIT is unique in some ways, please read the questions carefully. You can complete as many HITs as you want. "	"mobile, app, review"	"$0.10"	"Wed Aug 13 17:35:19 EDT 2014"	"20"	"0"	"0"	"0"	"Reviewable"	"NotReviewed"	"95"	"900"	"604800"	"Wed Aug 27 17:35:19 EDT 2014"	"https://requester.mturk.com/mturk/manageHIT?HITId=3G4VVJO6PZGC26YMSYO6MPTCBOWPKK"	"3WAKVUDHUWG4MGXSGS3SHA69G7A7UX"	"A3O81LHBBI8NPK"	"Submitted"	"Wed Aug 20 17:58:00 EDT 2014"	"Wed Aug 13 17:49:07 EDT 2014"	"Wed Aug 13 17:58:00 EDT 2014"	""	""	""	""	""	"com.cento.gates.main"	"ACCESS_FINE_LOCATION"	"SOCIAL_GAMING"	"can use user's precise location"	"for the internal GAME engine"	"GAME"	"GAME"	"-1"	""
"3G4VVJO6PZGC26YMSYO6MPTCBOWPKK"	"3ISL4H6O6HKMSD7DGIM4AP7LHJKCID"	"Tell us what do you think about a mobile app and Earn $0.1 in 1 minute"	"Please look at this mobile app and give us feedback by answering the following questions. Each HIT is unique in some ways, please read the questions carefully. You can complete as many HITs as you want. "	"mobile, app, review"	"$0.10"	"Wed Aug 13 17:35:19 EDT 2014"	"20"	"0"	"0"	"0"	"Reviewable"	"NotReviewed"	"95"	"900"	"604800"	"Wed Aug 27 17:35:19 EDT 2014"	"https://requester.mturk.com/mturk/manageHIT?HITId=3G4VVJO6PZGC26YMSYO6MPTCBOWPKK"	"3D8YOU6S9EKLIGJNXIY0BW6DLWS6UZ"	"ALEJV7D94ZLHF"	"Submitted"	"Wed Aug 20 17:58:48 EDT 2014"	"Wed Aug 13 17:57:46 EDT 2014"	"Wed Aug 13 17:58:48 EDT 2014"	""	""	""	""	""	"com.cento.gates.main"	"ACCESS_FINE_LOCATION"	"SOCIAL_GAMING"	"can use user's precise location"	"for the internal GAME engine"	"GAME"	"GAME"	"1"	""
"3G4VVJO6PZGC26YMSYO6MPTCBOWPKK"	"3ISL4H6O6HKMSD7DGIM4AP7LHJKCID"	"Tell us what do you think about a mobile app and Earn $0.1 in 1 minute"	"Please look at this mobile app and give us feedback by answering the following questions. Each HIT is unique in some ways, please read the questions carefully. You can complete as many HITs as you want. "	"mobile, app, review"	"$0.10"	"Wed Aug 13 17:35:19 EDT 2014"	"20"	"0"	"0"	"0"	"Reviewable"	"NotReviewed"	"95"	"900"	"604800"	"Wed Aug 27 17:35:19 EDT 2014"	"https://requester.mturk.com/mturk/manageHIT?HITId=3G4VVJO6PZGC26YMSYO6MPTCBOWPKK"	"3YDTZAI2WXGRUWOBC6V13WH2E8O41C"	"A320QA9HJFUOZO"	"Submitted"	"Wed Aug 20 17:58:58 EDT 2014"	"Wed Aug 13 17:57:31 EDT 2014"	"Wed Aug 13 17:58:58 EDT 2014"	""	""	""	""	""	"com.cento.gates.main"	"ACCESS_FINE_LOCATION"	"SOCIAL_GAMING"	"can use user's precise location"	"for the internal GAME engine"	"GAME"	"GAME"	"-1"	""
"3G4VVJO6PZGC26YMSYO6MPTCBOWPKK"	"3ISL4H6O6HKMSD7DGIM4AP7LHJKCID"	"Tell us what do you think about a mobile app and Earn $0.1 in 1 minute"	"Please look at this mobile app and give us feedback by answering the following questions. Each HIT is unique in some ways, please read the questions carefully. You can complete as many HITs as you want. "	"mobile, app, review"	"$0.10"	"Wed Aug 13 17:35:19 EDT 2014"	"20"	"0"	"0"	"0"	"Reviewable"	"NotReviewed"	"95"	"900"	"604800"	"Wed Aug 27 17:35:19 EDT 2014"	"https://requester.mturk.com/mturk/manageHIT?HITId=3G4VVJO6PZGC26YMSYO6MPTCBOWPKK"	"3M1CVSFP605UDPO96MV7H0BAEUBAQN"	"A167HNWLG22UFD"	"Submitted"	"Wed Aug 20 17:59:39 EDT 2014"	"Wed Aug 13 17:54:33 EDT 2014"	"Wed Aug 13 17:59:39 EDT 2014"	""	""	""	""	""	"com.cento.gates.main"	"ACCESS_FINE_LOCATION"	"SOCIAL_GAMING"	"can use user's precise location"	"for the internal GAME engine"	"GAME"	"GAME"	"1"	""
"3G4VVJO6PZGC26YMSYO6MPTCBOWPKK"	"3ISL4H6O6HKMSD7DGIM4AP7LHJKCID"	"Tell us what do you think about a mobile app and Earn $0.1 in 1 minute"	"Please look at this mobile app and give us feedback by answering the following questions. Each HIT is unique in some ways, please read the questions carefully. You can complete as many HITs as you want. "	"mobile, app, review"	"$0.10"	"Wed Aug 13 17:35:19 EDT 2014"	"20"	"0"	"0"	"0"	"Reviewable"	"NotReviewed"	"95"	"900"	"604800"	"Wed Aug 27 17:35:19 EDT 2014"	"https://requester.mturk.com/mturk/manageHIT?HITId=3G4VVJO6PZGC26YMSYO6MPTCBOWPKK"	"3C8HJ7UOP7U4TIYPQL4PHKIEDELZMQ"	"A9QYAH5BONH1W"	"Submitted"	"Wed Aug 20 18:00:20 EDT 2014"	"Wed Aug 13 17:59:56 EDT 2014"	"Wed Aug 13 18:00:20 EDT 2014"	""	""	""	""	""	"com.cento.gates.main"	"ACCESS_FINE_LOCATION"	"SOCIAL_GAMING"	"can use user's precise location"	"for the internal GAME engine"	"GAME"	"GAME"	"-1"	""
"3G4VVJO6PZGC26YMSYO6MPTCBOWPKK"	"3ISL4H6O6HKMSD7DGIM4AP7LHJKCID"	"Tell us what do you think about a mobile app and Earn $0.1 in 1 minute"	"Please look at this mobile app and give us feedback by answering the following questions. Each HIT is unique in some ways, please read the questions carefully. You can complete as many HITs as you want. "	"mobile, app, review"	"$0.10"	"Wed Aug 13 17:35:19 EDT 2014"	"20"	"0"	"0"	"0"	"Reviewable"	"NotReviewed"	"95"	"900"	"604800"	"Wed Aug 27 17:35:19 EDT 2014"	"https://requester.mturk.com/mturk/manageHIT?HITId=3G4VVJO6PZGC26YMSYO6MPTCBOWPKK"	"3CTOC39K37QV80MY4TZEA8XYZRE7J3"	"A3G0T5Y7OSC76S"	"Submitted"	"Wed Aug 20 18:01:21 EDT 2014"	"Wed Aug 13 17:59:52 EDT 2014"	"Wed Aug 13 18:01:21 EDT 2014"	""	""	""	""	""	"com.cento.gates.main"	"ACCESS_FINE_LOCATION"	"SOCIAL_GAMING"	"can use user's precise location"	"for the internal GAME engine"	"GAME"	"GAME"	"-2"	""
"3G4VVJO6PZGC26YMSYO6MPTCBOWPKK"	"3ISL4H6O6HKMSD7DGIM4AP7LHJKCID"	"Tell us what do you think about a mobile app and Earn $0.1 in 1 minute"	"Please look at this mobile app and give us feedback by answering the following questions. Each HIT is unique in some ways, please read the questions carefully. You can complete as many HITs as you want. "	"mobile, app, review"	"$0.10"	"Wed Aug 13 17:35:19 EDT 2014"	"20"	"0"	"0"	"0"	"Reviewable"	"NotReviewed"	"95"	"900"	"604800"	"Wed Aug 27 17:35:19 EDT 2014"	"https://requester.mturk.com/mturk/manageHIT?HITId=3G4VVJO6PZGC26YMSYO6MPTCBOWPKK"	"3FTYUGLFSUL3IA8N64Y69QOP31MD5G"	"A2AQMDKQTAYMVS"	"Submitted"	"Wed Aug 20 18:01:29 EDT 2014"	"Wed Aug 13 18:01:02 EDT 2014"	"Wed Aug 13 18:01:29 EDT 2014"	""	""	""	""	""	"com.cento.gates.main"	"ACCESS_FINE_LOCATION"	"SOCIAL_GAMING"	"can use user's precise location"	"for the internal GAME engine"	"GAME"	"GAME"	"-2"	"Why would the game engine need my location?"
"3G4VVJO6PZGC26YMSYO6MPTCBOWPKK"	"3ISL4H6O6HKMSD7DGIM4AP7LHJKCID"	"Tell us what do you think about a mobile app and Earn $0.1 in 1 minute"	"Please look at this mobile app and give us feedback by answering the following questions. Each HIT is unique in some ways, please read the questions carefully. You can complete as many HITs as you want. "	"mobile, app, review"	"$0.10"	"Wed Aug 13 17:35:19 EDT 2014"	"20"	"0"	"0"	"0"	"Reviewable"	"NotReviewed"	"95"	"900"	"604800"	"Wed Aug 27 17:35:19 EDT 2014"	"https://requester.mturk.com/mturk/manageHIT?HITId=3G4VVJO6PZGC26YMSYO6MPTCBOWPKK"	"3R5F3LQFV2KSTLJ131J29O7J8EZZO4"	"A1LZWU72K42V92"	"Submitted"	"Wed Aug 20 18:03:23 EDT 2014"	"Wed Aug 13 17:53:19 EDT 2014"	"Wed Aug 13 18:03:23 EDT 2014"	""	""	""	""	""	"com.cento.gates.main"	"ACCESS_FINE_LOCATION"	"SOCIAL_GAMING"	"can use user's precise location"	"for the internal GAME engine"	"GAME"	"GAME"	"1"	""
"3G4VVJO6PZGC26YMSYO6MPTCBOWPKK"	"3ISL4H6O6HKMSD7DGIM4AP7LHJKCID"	"Tell us what do you think about a mobile app and Earn $0.1 in 1 minute"	"Please look at this mobile app and give us feedback by answering the following questions. Each HIT is unique in some ways, please read the questions carefully. You can complete as many HITs as you want. "	"mobile, app, review"	"$0.10"	"Wed Aug 13 17:35:19 EDT 2014"	"20"	"0"	"0"	"0"	"Reviewable"	"NotReviewed"	"95"	"900"	"604800"	"Wed Aug 27 17:35:19 EDT 2014"	"https://requester.mturk.com/mturk/manageHIT?HITId=3G4VVJO6PZGC26YMSYO6MPTCBOWPKK"	"3P4RDNWND56SXK3UNK3B1XN7D7PJIA"	"A1WR2AKX164FZO"	"Submitted"	"Wed Aug 20 18:05:43 EDT 2014"	"Wed Aug 13 18:04:49 EDT 2014"	"Wed Aug 13 18:05:43 EDT 2014"	""	""	""	""	""	"com.cento.gates.main"	"ACCESS_FINE_LOCATION"	"SOCIAL_GAMING"	"can use user's precise location"	"for the internal GAME engine"	"GAME"	"GAME"	"-1"	""
"3G4VVJO6PZGC26YMSYO6MPTCBOWPKK"	"3ISL4H6O6HKMSD7DGIM4AP7LHJKCID"	"Tell us what do you think about a mobile app and Earn $0.1 in 1 minute"	"Please look at this mobile app and give us feedback by answering the following questions. Each HIT is unique in some ways, please read the questions carefully. You can complete as many HITs as you want. "	"mobile, app, review"	"$0.10"	"Wed Aug 13 17:35:19 EDT 2014"	"20"	"0"	"0"	"0"	"Reviewable"	"NotReviewed"	"95"	"900"	"604800"	"Wed Aug 27 17:35:19 EDT 2014"	"https://requester.mturk.com/mturk/manageHIT?HITId=3G4VVJO6PZGC26YMSYO6MPTCBOWPKK"	"3R08VXYT7CVHEKMXBSITZYR61NP7W0"	"A3GK90X2QOFR53"	"Submitted"	"Wed Aug 20 18:13:03 EDT 2014"	"Wed Aug 13 18:12:34 EDT 2014"	"Wed Aug 13 18:13:03 EDT 2014"	""	""	""	""	""	"com.cento.gates.main"	"ACCESS_FINE_LOCATION"	"SOCIAL_GAMING"	"can use user's precise location"	"for the internal GAME engine"	"GAME"	"GAME"	"-1"	""
