permission	purpose	packageName	count
SEND_SMS	UTILITY	smm.refill	20
GET_ACCOUNTS	INTERNAL	com.viber.voip	20
GET_ACCOUNTS	INTERNAL	com.google.android.maps.mytracks	20
GET_ACCOUNTS	INTERNAL	com.google.android.talk	20
GET_ACCOUNTS	INTERNAL	com.halfbrick.fruitninjafree	20
GET_ACCOUNTS	INTERNAL	com.halfbrick.jetpackjoyride	20
GET_ACCOUNTS	INTERNAL	com.igg.castleclash	20
GET_ACCOUNTS	INTERNAL	com.kakao.talk	20
GET_ACCOUNTS	INTERNAL	com.popularapp.periodcalendar	20
GET_ACCOUNTS	INTERNAL	com.sgiggle.production	20
GET_ACCOUNTS	INTERNAL	com.twitter.android	20
GET_ACCOUNTS	INTERNAL	com.whatsapp	20
GET_ACCOUNTS	INTERNAL	com.google.android.apps.translate	20
GET_ACCOUNTS	INTERNAL	com.wooga.diamonddash	20
GET_ACCOUNTS	INTERNAL	com.yahoo.mobile.client.android.mail	20
GET_ACCOUNTS	INTERNAL	com.zynga.words	20
GET_ACCOUNTS	INTERNAL	org.mozilla.firefox	20
GET_ACCOUNTS	SECONDARY_MARKET	com.creativemobile.DragRacing	20
GET_ACCOUNTS	SECONDARY_MARKET	com.gau.go.launcherex.gowidget.weatherwidget	20
GET_ACCOUNTS	SECONDARY_MARKET	com.miniclip.eightballpool	20
GET_ACCOUNTS	SECONDARY_MARKET	com.teamlava.restaurantstory	20
GET_ACCOUNTS	SECONDARY_MARKET	com.zeptolab.ctr.ads	20
GET_ACCOUNTS	INTERNAL	com.google.android.googlequicksearchbox	20
GET_ACCOUNTS	INTERNAL	com.google.android.apps.plus	20
READ_PHONE_STATE	INTERNAL	com.antivirus	20
CAMERA	INTERNAL	com.whatsapp	20
CAMERA	INTERNAL	com.bbm	20
CAMERA	INTERNAL	com.ebay.mobile	20
CAMERA	INTERNAL	com.evernote	20
CAMERA	INTERNAL	com.google.android.apps.docs	20
CAMERA	INTERNAL	com.google.android.apps.translate	20
CAMERA	INTERNAL	com.google.android.talk	20
CAMERA	INTERNAL	com.qihoo.security	20
CAMERA	INTERNAL	com.tencent.mm	20
CAMERA	INTERNAL	com.vkontakte.android	20
CAMERA	INTERNAL	org.mozilla.firefox	20
GET_ACCOUNTS	INTERNAL	com.facebook.orca	20
CAMERA	SOCIAL_GAMING	com.aidigame.xcity	20
CAMERA	SOCIAL_GAMING	com.loloworks.llzbs	20
GET_ACCOUNTS	INTERNAL	com.antivirus	20
GET_ACCOUNTS	INTERNAL	com.avast.android.mobilesecurity	20
GET_ACCOUNTS	INTERNAL	com.badoo.mobile	20
GET_ACCOUNTS	INTERNAL	com.bbm	20
GET_ACCOUNTS	INTERNAL	com.dianxinos.dxbs	20
GET_ACCOUNTS	INTERNAL	com.evernote	20
GET_ACCOUNTS	INTERNAL	com.facebook.katana	20
GET_ACCOUNTS	SNS	com.jb.gosms	20
MANAGE_ACCOUNTS	INTERNAL	com.android.chrome	20
MANAGE_ACCOUNTS	INTERNAL	com.evernote	20
READ_CONTACTS	SOCIAL_GAMING	com.icloudzone.SpeedNight	20
READ_CONTACTS	INTERNAL	com.twitter.android	20
READ_CONTACTS	INTERNAL	com.viber.voip	20
READ_CONTACTS	INTERNAL	com.vkontakte.android	20
READ_CONTACTS	INTERNAL	com.whatsapp	20
READ_CONTACTS	INTERNAL	com.yahoo.mobile.client.android.mail	20
READ_CONTACTS	SECONDARY_MARKET	com.fruit.shooter.blast	20
READ_CONTACTS	SECONDARY_MARKET	com.fruit.shooter.legend	20
READ_CONTACTS	SNS	com.digitalchocolate.androiddistrictpa	20
READ_CONTACTS	SNS	com.jrummy.liberty.toolbox	20
READ_CONTACTS	SOCIAL_GAMING	com.icloudzone.SpeedNight2	20
MANAGE_ACCOUNTS	INTERNAL	com.facebook.katana	20
READ_CONTACTS	UTILITY	com.avast.android.mobilesecurity	20
READ_PHONE_STATE	GAME_ENGINE	com.genina.android.blackjack.view	20
READ_PHONE_STATE	GAME_ENGINE	com.imangi.templerun2	20
READ_PHONE_STATE	GAME_ENGINE	com.kiloo.subwaysurf	20
READ_PHONE_STATE	GAME_ENGINE	com.leftover.CoinDozer	20
READ_PHONE_STATE	GAME_ENGINE	com.outfit7.mytalkingtomfree	20
READ_PHONE_STATE	GAME_ENGINE	jp.naver.SJLGWR	20
READ_PHONE_STATE	GAME_ENGINE	net.mobilecraft.realbasketball	20
READ_PHONE_STATE	INTERNAL	com.NextFloor.DragonFlightKakao	20
READ_CONTACTS	INTERNAL	com.tencent.mm	20
READ_CONTACTS	INTERNAL	com.qihoo.security	20
READ_CONTACTS	INTERNAL	com.jb.gosms	20
READ_CONTACTS	INTERNAL	com.google.android.talk	20
MANAGE_ACCOUNTS	INTERNAL	com.lookout	20
MANAGE_ACCOUNTS	INTERNAL	com.nimbuzz	20
MANAGE_ACCOUNTS	INTERNAL	com.tumblr	20
MANAGE_ACCOUNTS	INTERNAL	com.yahoo.mobile.client.android.im	20
MANAGE_ACCOUNTS	INTERNAL	com.yahoo.mobile.client.android.mail	20
MANAGE_ACCOUNTS	INTERNAL	com.yahoo.mobile.client.android.weather	20
MANAGE_ACCOUNTS	SNS	com.ddmap.android.privilege	20
READ_CONTACTS	DEVELOPMENT_AID	com.zc.android	20
READ_CONTACTS	INTERNAL	com.avast.android.mobilesecurity	20
READ_CONTACTS	INTERNAL	com.badoo.mobile	20
READ_CONTACTS	INTERNAL	com.bbm	20
READ_CONTACTS	INTERNAL	com.evernote	20
READ_CONTACTS	INTERNAL	com.facebook.katana	20
READ_CONTACTS	INTERNAL	com.facebook.orca	20
READ_CONTACTS	INTERNAL	com.gau.go.launcherex	20
READ_CONTACTS	INTERNAL	com.google.android.apps.docs	20
READ_CONTACTS	INTERNAL	com.google.android.apps.plus	20
READ_CONTACTS	INTERNAL	com.google.android.gm	20
READ_CONTACTS	INTERNAL	com.google.android.maps.mytracks	20
CAMERA	INTERNAL	com.badoo.mobile	20
CAMERA	INTERNAL	com.antivirus	20
CAMERA	INTERNAL	com.UCMobile.intl	20
ACCESS_FINE_LOCATION	INTERNAL	com.google.android.talk	20
ACCESS_FINE_LOCATION	INTERNAL	com.antivirus	20
ACCESS_FINE_LOCATION	INTERNAL	com.badoo.mobile	20
ACCESS_FINE_LOCATION	INTERNAL	com.bbm	20
ACCESS_FINE_LOCATION	INTERNAL	com.ebay.mobile	20
ACCESS_FINE_LOCATION	INTERNAL	com.evernote	20
ACCESS_FINE_LOCATION	INTERNAL	com.facebook.katana	20
ACCESS_FINE_LOCATION	INTERNAL	com.facebook.orca	20
ACCESS_FINE_LOCATION	INTERNAL	com.google.android.apps.plus	20
ACCESS_FINE_LOCATION	INTERNAL	com.google.android.maps.mytracks	20
ACCESS_FINE_LOCATION	INTERNAL	com.halfbrick.fruitninjafree	20
ACCESS_FINE_LOCATION	MOBILE_ANALYTICS	com.zynga.words	20
ACCESS_FINE_LOCATION	INTERNAL	com.kakao.talk	20
ACCESS_FINE_LOCATION	INTERNAL	com.picsart.studio	20
ACCESS_FINE_LOCATION	INTERNAL	com.sgiggle.production	20
ACCESS_FINE_LOCATION	INTERNAL	com.twitter.android	20
ACCESS_FINE_LOCATION	INTERNAL	com.viber.voip	20
ACCESS_FINE_LOCATION	INTERNAL	com.whatsapp	20
ACCESS_FINE_LOCATION	INTERNAL	jp.naver.line.android	20
ACCESS_FINE_LOCATION	INTERNAL	org.mozilla.firefox	20
ACCESS_FINE_LOCATION	MOBILE_ANALYTICS	com.badoo.mobile	20
ACCESS_FINE_LOCATION	INTERNAL	com.android.chrome	20
ACCESS_FINE_LOCATION	INTERNAL	com.UCMobile.intl	20
ACCESS_FINE_LOCATION	DEVELOPMENT_AID	jp.naver.linetools	20
ACCESS_FINE_LOCATION	DEVELOPMENT_AID	com.unityconceptapps.tcr.kiat	20
ACCESS_COARSE_LOCATION	INTERNAL	com.antivirus	20
ACCESS_COARSE_LOCATION	INTERNAL	com.badoo.mobile	20
ACCESS_COARSE_LOCATION	INTERNAL	com.tencent.mm	20
ACCESS_COARSE_LOCATION	INTERNAL	jp.naver.line.android	20
ACCESS_COARSE_LOCATION	PAYMENT	com.ubercab	20
ACCESS_COARSE_LOCATION	SNS	com.UCMobile.intl	20
ACCESS_COARSE_LOCATION	SOCIAL_GAMING	com.electricsheep.edj	20
ACCESS_COARSE_LOCATION	SOCIAL_GAMING	com.rastergrid.game.pocketsoccer	20
ACCESS_COARSE_LOCATION	TARGETED_ADS	com.halfbrick.fruitninjafree	20
ACCESS_COARSE_LOCATION	TARGETED_ADS	com.halfbrick.jetpackjoyride	20
ACCESS_COARSE_LOCATION	TARGETED_ADS	com.kakao.talk	20
ACCESS_COARSE_LOCATION	TARGETED_ADS	com.nordcurrent.Games101	20
ACCESS_COARSE_LOCATION	TARGETED_ADS	com.rovio.angrybirds	20
ACCESS_COARSE_LOCATION	TARGETED_ADS	com.rovio.angrybirdsrio	20
ACCESS_COARSE_LOCATION	TARGETED_ADS	com.rovio.angrybirdsseasons	20
ACCESS_COARSE_LOCATION	TARGETED_ADS	com.rovio.angrybirdsspace.ads	20
ACCESS_COARSE_LOCATION	UTILITY	com.handmark.tweetcaster	20
ACCESS_COARSE_LOCATION	UTILITY	com.twoo	20
ACCESS_FINE_LOCATION	DEVELOPMENT_AID	com.pnc.ecommerce.mobile	20
ACCESS_FINE_LOCATION	MOBILE_ANALYTICS	com.easy.battery.saver	20
ACCESS_FINE_LOCATION	SECONDARY_MARKET	com.acmdvp.myconverter	20
CAMERA	GAME_ENGINE	com.redbull.RedBullAugmentedRacingReloaded	20
BLUETOOTH	INTERNAL	com.tencent.mm	20
BLUETOOTH	DEVELOPMENT_AID	com.hipipal.qpyplus	20
BLUETOOTH	GAME_ENGINE	com.aurum.google.aliceOfHeart	20
BLUETOOTH	GAME_ENGINE	com.mythlj.snakesally	20
BLUETOOTH	INTERNAL	com.antivirus	20
BLUETOOTH	INTERNAL	com.dianxinos.dxbs	20
BLUETOOTH	INTERNAL	com.easy.battery.saver	20
BLUETOOTH	INTERNAL	com.google.android.googlequicksearchbox	20
BLUETOOTH	INTERNAL	com.google.android.maps.mytracks	20
BLUETOOTH	INTERNAL	com.kakao.talk	20
BLUETOOTH	INTERNAL	com.viber.voip	20
ACCESS_FINE_LOCATION	SECONDARY_MARKET	com.xvalue.androtoolkit	20
BLUETOOTH	INTERNAL	me.pou.app	20
BLUETOOTH	MOBILE_ANALYTICS	com.fitbit.FitbitMobile	20
BLUETOOTH	MOBILE_ANALYTICS	com.speaktoit.assistant	20
BLUETOOTH	UTILITY	com.whaleshark.retailmenot	20
BLUETOOTH	UTILITY	com.yodawnla.isMonster2	20
CAMERA	DEVELOPMENT_AID	com.pnc.ecommerce.mobile	20
CAMERA	DEVELOPMENT_AID	com.unityconceptapps.tcr.kiat	20
CAMERA	DEVELOPMENT_AID	jp.naver.linetools	20
CAMERA	GAME_ENGINE	com.c4mprod.ezcodescanner	20
AUTHENTICATE_ACCOUNTS	SNS	com.seven.integral.Z7	20
AUTHENTICATE_ACCOUNTS	SNS	com.elijahsh.birthdayreminder	20
AUTHENTICATE_ACCOUNTS	INTERNAL	org.mozilla.firefox	20
AUTHENTICATE_ACCOUNTS	INTERNAL	com.yahoo.mobile.client.android.mail	20
ACCESS_FINE_LOCATION	SNS	com.UCMobile.intl	20
ACCESS_FINE_LOCATION	SOCIAL_GAMING	bubbleshooter.android	20
ACCESS_FINE_LOCATION	SOCIAL_GAMING	com.aidigame.xcity	20
ACCESS_FINE_LOCATION	SOCIAL_GAMING	com.cento.gates.main	20
ACCESS_FINE_LOCATION	SOCIAL_GAMING	com.kangaroo.logic	20
ACCESS_FINE_LOCATION	SOCIAL_GAMING	com.loloworks.llzbs	20
ACCESS_FINE_LOCATION	TARGETED_ADS	com.bestcoolfungames.antsmasher	20
ACCESS_FINE_LOCATION	TARGETED_ADS	com.halfbrick.fruitninjafree	20
ACCESS_FINE_LOCATION	TARGETED_ADS	com.kakao.talk	20
ACCESS_FINE_LOCATION	TARGETED_ADS	com.zynga.words	20
ACCESS_FINE_LOCATION	UTILITY	com.sgiggle.production	20
AUTHENTICATE_ACCOUNTS	INTERNAL	com.bbm	20
AUTHENTICATE_ACCOUNTS	INTERNAL	com.evernote	20
AUTHENTICATE_ACCOUNTS	INTERNAL	com.facebook.katana	20
AUTHENTICATE_ACCOUNTS	INTERNAL	com.sgiggle.production	20
AUTHENTICATE_ACCOUNTS	INTERNAL	com.tencent.mm	20
AUTHENTICATE_ACCOUNTS	INTERNAL	com.twitter.android	20
AUTHENTICATE_ACCOUNTS	INTERNAL	com.vkontakte.android	20
AUTHENTICATE_ACCOUNTS	INTERNAL	com.whatsapp	20
READ_PHONE_STATE	INTERNAL	com.UCMobile.intl	20
READ_CONTACTS	INTERNAL	com.antivirus	20
READ_PHONE_STATE	INTERNAL	com.avast.android.mobilesecurity	20
READ_PHONE_STATE	TARGETED_ADS	com.gameloft.android.ANMP.GloftDMHM	20
READ_PHONE_STATE	SECONDARY_MARKET	com.creativemobile.DragRacing	20
READ_PHONE_STATE	SECONDARY_MARKET	com.miniclip.eightballpool	20
READ_PHONE_STATE	SECONDARY_MARKET	com.teamlava.bakerystory	20
READ_PHONE_STATE	SECONDARY_MARKET	com.teamlava.restaurantstory	20
READ_PHONE_STATE	SNS	com.UCMobile.intl	20
READ_PHONE_STATE	SOCIAL_GAMING	com.magmamobile.game.BubbleBlast2	20
READ_PHONE_STATE	TARGETED_ADS	com.creativemobile.DragRacing	20
READ_PHONE_STATE	TARGETED_ADS	com.dragonplay.liveholdempro	20
READ_PHONE_STATE	TARGETED_ADS	com.gameloft.android.ANMP.GloftIAHM	20
READ_PHONE_STATE	PAYMENT	eu.nordeus.topeleven.android	20
READ_PHONE_STATE	TARGETED_ADS	com.halfbrick.jetpackjoyride	20
READ_PHONE_STATE	TARGETED_ADS	com.igg.castleclash	20
READ_PHONE_STATE	TARGETED_ADS	com.magmamobile.game.BubbleBlast2	20
READ_PHONE_STATE	TARGETED_ADS	com.nordcurrent.Games101	20
READ_PHONE_STATE	TARGETED_ADS	com.outfit7.mytalkingtomfree	20
READ_PHONE_STATE	TARGETED_ADS	logos.quiz.companies.game	20
READ_PHONE_STATE	UTILITY	com.facebook.katana	20
READ_PHONE_STATE	UTILITY	com.viber.voip	20
READ_PHONE_STATE	INTERNAL	com.badoo.mobile	20
READ_PHONE_STATE	PAYMENT	com.zeptolab.ctrexperiments.ads	20
RECORD_AUDIO	GAME_ENGINE	com.moaibot.sweetyheaven	20
READ_PHONE_STATE	MOBILE_ANALYTICS	com.seventeenbullets.android.island	20
READ_PHONE_STATE	MOBILE_ANALYTICS	com.imangi.templerun2	20
READ_PHONE_STATE	MOBILE_ANALYTICS	com.kiloo.subwaysurf	20
READ_PHONE_STATE	MOBILE_ANALYTICS	com.nordcurrent.Games101	20
READ_PHONE_STATE	MOBILE_ANALYTICS	com.outfit7.mytalkingtomfree	20
READ_PHONE_STATE	MOBILE_ANALYTICS	com.rovio.angrybirds	20
READ_PHONE_STATE	MOBILE_ANALYTICS	com.rovio.angrybirdsrio	20
READ_PHONE_STATE	MOBILE_ANALYTICS	com.rovio.angrybirdsseasons	20
READ_PHONE_STATE	MOBILE_ANALYTICS	com.rovio.angrybirdsspace.ads	20
READ_PHONE_STATE	MOBILE_ANALYTICS	com.wooga.diamonddash	20
READ_PHONE_STATE	PAYMENT	com.socialquantum.acityint	20
READ_PHONE_STATE	MOBILE_ANALYTICS	com.zynga.words	20
READ_PHONE_STATE	MOBILE_ANALYTICS	logos.quiz.companies.game	20
READ_PHONE_STATE	PAYMENT	com.badoo.mobile	20
READ_PHONE_STATE	PAYMENT	com.creativemobile.DragRacing	20
READ_PHONE_STATE	PAYMENT	com.creativemobile.dragracingbe	20
READ_PHONE_STATE	PAYMENT	com.glu.android.ck	20
READ_PHONE_STATE	PAYMENT	com.happyelements.happyfish	20
READ_PHONE_STATE	PAYMENT	com.nqmobile.antivirus20	20
RECORD_AUDIO	GAME_ENGINE	com.catstudio.zuma1	20
RECORD_AUDIO	GAME_ENGINE	henrich.thandroid.floor	20
READ_PHONE_STATE	MOBILE_ANALYTICS	com.fingersoft.hillclimb	20
SEND_SMS	PAYMENT	com.gamebasics.osm	20
SEND_SMS	INTERNAL	com.badoo.mobile	20
SEND_SMS	INTERNAL	com.google.android.apps.googlevoice	20
SEND_SMS	INTERNAL	com.google.android.googlequicksearchbox	20
SEND_SMS	INTERNAL	com.google.android.talk	20
SEND_SMS	INTERNAL	com.jb.gosms	20
SEND_SMS	INTERNAL	com.whatsapp	20
SEND_SMS	INTERNAL	com.zynga.words	20
SEND_SMS	PAYMENT	com.badoo.mobile	20
SEND_SMS	PAYMENT	com.nqmobile.antivirus20	20
SEND_SMS	INTERNAL	com.antivirus	20
SEND_SMS	PAYMENT	com.nqmobile.antivirus20.multilang	20
SEND_SMS	PAYMENT	com.zrgiu.antivirus	20
SEND_SMS	SECONDARY_MARKET	com.xz.nc	20
SEND_SMS	SECONDARY_MARKET	xz.com.dadisu	20
SEND_SMS	SNS	com.letang.game103pp.cn	20
SEND_SMS	SNS	com.playphone.zombiemission	20
SEND_SMS	SOCIAL_GAMING	com.tatem.robosockets	20
SEND_SMS	TARGETED_ADS	com.splashpadmobile.battery	20
SEND_SMS	INTERNAL	com.avast.android.mobilesecurity	20
SEND_SMS	GAME_ENGINE	cn.otlive.games.android.CashOut_Pad	20
RECORD_AUDIO	INTERNAL	com.UCMobile.intl	20
RECORD_AUDIO	INTERNAL	com.vkontakte.android	20
RECORD_AUDIO	INTERNAL	com.bbm	20
RECORD_AUDIO	INTERNAL	com.evernote	20
RECORD_AUDIO	INTERNAL	com.facebook.orca	20
RECORD_AUDIO	INTERNAL	com.google.android.apps.translate	20
RECORD_AUDIO	INTERNAL	com.jb.gosms	20
RECORD_AUDIO	INTERNAL	com.kakao.talk	20
RECORD_AUDIO	INTERNAL	com.outfit7.mytalkingtomfree	20
RECORD_AUDIO	INTERNAL	com.tencent.mm	20
RECORD_AUDIO	INTERNAL	com.whatsapp	20
SEND_SMS	GAME_ENGINE	cn.otlive.games.android.CashOut	20
RECORD_AUDIO	INTERNAL	jp.naver.line.android	20
RECORD_AUDIO	INTERNAL	me.pou.app	20
RECORD_AUDIO	SOCIAL_GAMING	com.aidigame.xcity	20
RECORD_AUDIO	SOCIAL_GAMING	com.loloworks.llzbs	20
RECORD_AUDIO	TARGETED_ADS	com.bestcoolfungames.antsmasher	20
RECORD_AUDIO	TARGETED_ADS	com.outfit7.mytalkingtomfree	20
RECORD_AUDIO	UTILITY	com.outfit7.mytalkingtomfree	20
SEND_SMS	DEVELOPMENT_AID	com.webkey	20
READ_PHONE_STATE	MOBILE_ANALYTICS	com.gameloft.android.ANMP.GloftIAHM	20
ACCESS_COARSE_LOCATION	INTERNAL	com.UCMobile.intl	20
READ_PHONE_STATE	MOBILE_ANALYTICS	com.easy.battery.saver	20
READ_PHONE_STATE	INTERNAL	com.halfbrick.jetpackjoyride	20
READ_PHONE_STATE	INTERNAL	com.supercell.hayday	20
READ_PHONE_STATE	INTERNAL	com.supercell.clashofclans	20
READ_PHONE_STATE	INTERNAL	com.sgiggle.production	20
READ_PHONE_STATE	INTERNAL	com.seventeenbullets.android.island	20
READ_PHONE_STATE	INTERNAL	com.rovio.angrybirdsspace.ads	20
READ_PHONE_STATE	INTERNAL	com.rovio.angrybirdsrio	20
READ_PHONE_STATE	INTERNAL	com.qihoo.security	20
READ_PHONE_STATE	INTERNAL	com.opera.browser	20
READ_PHONE_STATE	INTERNAL	com.nordcurrent.Games101	20
READ_PHONE_STATE	INTERNAL	com.magmamobile.game.BubbleBlast2	20
READ_PHONE_STATE	INTERNAL	com.igg.castleclash	20
READ_PHONE_STATE	INTERNAL	com.halfbrick.fruitninjafree	20
READ_PHONE_STATE	INTERNAL	com.viber.voip	20
READ_PHONE_STATE	INTERNAL	com.google.android.talk	20
READ_PHONE_STATE	INTERNAL	com.google.android.maps.mytracks	20
READ_PHONE_STATE	INTERNAL	com.google.android.apps.plus	20
READ_PHONE_STATE	INTERNAL	com.google.android.apps.googlevoice	20
READ_PHONE_STATE	INTERNAL	com.gameloft.android.ANMP.GloftDMHM	20
READ_PHONE_STATE	INTERNAL	com.facebook.katana	20
READ_PHONE_STATE	INTERNAL	com.evernote	20
READ_PHONE_STATE	INTERNAL	com.easy.battery.saver	20
READ_PHONE_STATE	INTERNAL	com.dianxinos.dxbs	20
READ_PHONE_STATE	INTERNAL	com.creativemobile.DragRacing	20
READ_PHONE_STATE	INTERNAL	com.cleanmaster.mguard	20
READ_PHONE_STATE	INTERNAL	com.twitter.android	20
READ_PHONE_STATE	INTERNAL	com.outfit7.mytalkingtomfree	20
READ_PHONE_STATE	INTERNAL	com.yahoo.mobile.client.android.mail	20
READ_PHONE_STATE	MOBILE_ANALYTICS	com.badoo.mobile	20
READ_PHONE_STATE	INTERNAL	com.zynga.words	20
READ_PHONE_STATE	INTERNAL	com.whatsapp	20
READ_PHONE_STATE	MOBILE_ANALYTICS	com.creativemobile.DragRacing	20
READ_PHONE_STATE	INTERNAL	jp.naver.line.android	20
READ_CONTACTS	INTERNAL	com.google.android.apps.googlevoice	19
GET_ACCOUNTS	INTERNAL	jp.naver.line.android	19
READ_PHONE_STATE	INTERNAL	com.kakao.talk	19
RECORD_AUDIO	INTERNAL	vStudio.Android.Camera360	19
ACCESS_FINE_LOCATION	INTERNAL	com.tencent.mm	19
READ_PHONE_STATE	INTERNAL	com.jb.gosms	19
READ_PHONE_STATE	TARGETED_ADS	com.surpax.ledflashlight.panel	19
ACCESS_FINE_LOCATION	INTERNAL	com.instagram.android	19
READ_CONTACTS	INTERNAL	com.waze	19
READ_PHONE_STATE	INTERNAL	com.rovio.angrybirds	19
READ_PHONE_STATE	TARGETED_ADS	com.omgpop.dstfree	19
ACCESS_FINE_LOCATION	INTERNAL	com.waze	19
READ_PHONE_STATE	INTERNAL	vStudio.Android.Camera360	19
ACCESS_FINE_LOCATION	INTERNAL	com.google.android.gms	19
ACCESS_FINE_LOCATION	INTERNAL	com.google.android.apps.maps	19
SEND_SMS	DEVELOPMENT_AID	com.hipipal.qpy3	19
READ_PHONE_STATE	INTERNAL	com.rovio.angrybirdsseasons	19
READ_PHONE_STATE	TARGETED_ADS	com.halfbrick.fruitninjafree	19
GET_ACCOUNTS	INTERNAL	com.kfactormedia.mycalendarmobile	19
READ_CONTACTS	INTERNAL	com.zynga.words	19
READ_PHONE_STATE	UTILITY	com.facebook.orca	19
ACCESS_FINE_LOCATION	INTERNAL	com.zynga.words	19
READ_CONTACTS	INTERNAL	com.skype.raider	19
READ_CONTACTS	INTERNAL	com.kfactormedia.mycalendarmobile	19
ACCESS_FINE_LOCATION	SOCIAL_GAMING	com.SnowfallLiveWallpapers	19
READ_CONTACTS	INTERNAL	com.kakao.talk	19
ACCESS_FINE_LOCATION	SNS	com.happyelements.happyfish	19
RECORD_AUDIO	INTERNAL	com.sgiggle.production	19
ACCESS_FINE_LOCATION	SECONDARY_MARKET	com.hotspots.voicedialer	19
GET_ACCOUNTS	SECONDARY_MARKET	com.jb.gokeyboard	19
READ_CONTACTS	INTERNAL	com.google.android.googlequicksearchbox	19
ACCESS_FINE_LOCATION	SEARCH_ENGINE	vStudio.Android.Camera360	19
READ_CONTACTS	INTERNAL	com.google.android.gms	19
ACCESS_FINE_LOCATION	TARGETED_ADS	goldenshorestechnologies.brightestflashlight.free	19
READ_CONTACTS	INTERNAL	com.google.android.apps.maps	19
READ_CONTACTS	INTERNAL	jp.naver.line.android	19
GET_ACCOUNTS	INTERNAL	com.google.android.apps.maps	19
RECORD_AUDIO	INTERNAL	com.viber.voip	19
READ_PHONE_STATE	INTERNAL	com.kfactormedia.mycalendarmobile	19
ACCESS_FINE_LOCATION	INTERNAL	vStudio.Android.Camera360	19
RECORD_AUDIO	INTERNAL	com.waze	19
RECORD_AUDIO	DEVELOPMENT_AID	com.unityconceptapps.tcr.kiat	19
AUTHENTICATE_ACCOUNTS	INTERNAL	com.tumblr	19
READ_CONTACTS	INTERNAL	com.sgiggle.production	19
READ_PHONE_STATE	UTILITY	com.vkontakte.android	19
GET_ACCOUNTS	INTERNAL	com.google.earth	19
BLUETOOTH	SOCIAL_GAMING	com.panapstudio.mojitsunagifree	19
ACCESS_FINE_LOCATION	SNS	com.wantu.activity	19
ACCESS_FINE_LOCATION	SNS	vStudio.Android.Camera360	19
MANAGE_ACCOUNTS	INTERNAL	com.skype.raider	19
READ_PHONE_STATE	INTERNAL	com.google.android.gms	19
READ_PHONE_STATE	GAME_ENGINE	jp.naver.SJLGPP	19
MANAGE_ACCOUNTS	INTERNAL	com.twitter.android	19
CAMERA	INTERNAL	com.sgiggle.production	19
CAMERA	INTERNAL	com.surpax.ledflashlight.panel	19
MANAGE_ACCOUNTS	INTERNAL	com.tripadvisor.tripadvisor	19
ACCESS_COARSE_LOCATION	PAYMENT	com.GnarlyGames.GnarBikeTrials	19
CAMERA	INTERNAL	goldenshorestechnologies.brightestflashlight.free	19
MANAGE_ACCOUNTS	INTERNAL	com.tencent.mm	19
READ_PHONE_STATE	INTERNAL	com.surpax.ledflashlight.panel	19
ACCESS_COARSE_LOCATION	SNS	com.wantu.activity	19
SEND_SMS	SOCIAL_GAMING	ns.feedmeworms	19
READ_PHONE_STATE	INTERNAL	com.tencent.mm	19
MANAGE_ACCOUNTS	INTERNAL	com.google.android.apps.maps	19
GET_ACCOUNTS	INTERNAL	com.google.android.gm	19
ACCESS_COARSE_LOCATION	INTERNAL	com.roidapp.photogrid	19
READ_PHONE_STATE	INTERNAL	com.vkontakte.android	19
READ_PHONE_STATE	MOBILE_ANALYTICS	com.surpax.ledflashlight.panel	19
GET_ACCOUNTS	INTERNAL	com.google.android.apps.docs	19
GET_ACCOUNTS	INTERNAL	com.google.android.apps.googlevoice	19
CAMERA	INTERNAL	com.instagram.android	19
CAMERA	INTERNAL	com.kakao.talk	19
READ_PHONE_STATE	PAYMENT	com.zoosk.zoosk	19
READ_PHONE_STATE	SECONDARY_MARKET	com.zeptolab.ctr.ads	19
READ_PHONE_STATE	MOBILE_ANALYTICS	com.omgpop.dstfree	19
READ_PHONE_STATE	INTERNAL	com.gameloft.android.ANMP.GloftIAHM	19
ACCESS_FINE_LOCATION	DEVELOPMENT_AID	com.zc.android	19
SEND_SMS	INTERNAL	com.sgiggle.production	19
CAMERA	GAME_ENGINE	com.animocacollective.google.superstarFashionGirl	19
READ_CONTACTS	UTILITY	com.vkontakte.android	19
ACCESS_COARSE_LOCATION	SNS	vStudio.Android.Camera360	19
CAMERA	GAME_ENGINE	com.spinmaster.techdeck	19
READ_PHONE_STATE	DEVELOPMENT_AID	com.unityconceptapps.tcr.kiat	19
READ_PHONE_STATE	INTERNAL	com.facebook.orca	19
CAMERA	INTERNAL	com.devuni.flashlight	19
GET_ACCOUNTS	INTERNAL	com.tencent.mm	19
CAMERA	INTERNAL	com.facebook.orca	19
READ_PHONE_STATE	SECONDARY_MARKET	com.gau.go.launcherex.gowidget.weatherwidget	19
ACCESS_FINE_LOCATION	INTERNAL	com.google.android.apps.unveil	18
SEND_SMS	TARGETED_ADS	com.softcube.dadsday	18
ACCESS_COARSE_LOCATION	SEARCH_ENGINE	vStudio.Android.Camera360	18
SEND_SMS	PAYMENT	com.netqin.ps	18
RECORD_AUDIO	INTERNAL	com.skype.raider	18
READ_PHONE_STATE	INTERNAL	com.forshared	18
GET_ACCOUNTS	INTERNAL	com.instagram.android	18
SEND_SMS	TARGETED_ADS	com.softcube.screens	18
GET_ACCOUNTS	INTERNAL	com.vkontakte.android	18
GET_ACCOUNTS	INTERNAL	com.skype.raider	18
SEND_SMS	PAYMENT	eu.nordeus.topeleven.android	18
GET_ACCOUNTS	INTERNAL	com.kii.safe	18
READ_PHONE_STATE	SEARCH_ENGINE	vStudio.Android.Camera360	18
READ_PHONE_STATE	PAYMENT	com.netqin.ps	18
MANAGE_ACCOUNTS	SNS	com.mapbar.android.mapbarmap	18
READ_PHONE_STATE	TARGETED_ADS	com.kfactormedia.mycalendarmobile	18
BLUETOOTH	TARGETED_ADS	com.kaosu.i.battery.ppochi	18
CAMERA	DEVELOPMENT_AID	com.gamestop.powerup	18
AUTHENTICATE_ACCOUNTS	INTERNAL	com.zynga.words	18
READ_PHONE_STATE	UTILITY	com.skype.raider	18
CAMERA	DEVELOPMENT_AID	com.mediafire.android	18
MANAGE_ACCOUNTS	SNS	com.nubee.japanlife	18
READ_PHONE_STATE	SNS	vStudio.Android.Camera360	18
AUTHENTICATE_ACCOUNTS	INTERNAL	com.google.android.gms	18
READ_PHONE_STATE	MOBILE_ANALYTICS	vStudio.Android.Camera360	18
READ_PHONE_STATE	INTERNAL	com.skype.raider	18
MANAGE_ACCOUNTS	INTERNAL	com.viber.voip	18
CAMERA	INTERNAL	com.google.android.apps.unveil	18
CAMERA	INTERNAL	com.skype.raider	18
GET_ACCOUNTS	INTERNAL	com.google.android.gms	18
READ_PHONE_STATE	INTERNAL	com.kii.safe	18
READ_PHONE_STATE	TARGETED_ADS	com.magmamobile.game.mousetrap	18
READ_PHONE_STATE	MOBILE_ANALYTICS	com.skype.raider	17
MANAGE_ACCOUNTS	INTERNAL	com.vkontakte.android	17
READ_CONTACTS	DEVELOPMENT_AID	com.gamestop.powerup	17
CAMERA	INTERNAL	com.kii.safe	17
READ_PHONE_STATE	TARGETED_ADS	com.forshared	17
BLUETOOTH	INTERNAL	com.skype.raider	17
ACCESS_FINE_LOCATION	MOBILE_ANALYTICS	vStudio.Android.Camera360	17
READ_PHONE_STATE	UTILITY	com.omgpop.dstfree	17
READ_CONTACTS	INTERNAL	com.instagram.android	17
RECORD_AUDIO	INTERNAL	com.instagram.android	17
AUTHENTICATE_ACCOUNTS	INTERNAL	com.skype.raider	17
AUTHENTICATE_ACCOUNTS	UTILITY	mobi.browser.flashfox	17
READ_PHONE_STATE	INTERNAL	com.omgpop.dstfree	16
READ_CONTACTS	UTILITY	net.zedge.android	16
ACCESS_FINE_LOCATION	DEVELOPMENT_AID	com.gamestop.powerup	16
ACCESS_FINE_LOCATION	SECONDARY_MARKET	flypiggroup.zhainan2012	15
GET_ACCOUNTS	DEVELOPMENT_AID	com.meecel.feedreader.RssDemonAd	15
BLUETOOTH	SOCIAL_GAMING	com.myfknoll.draw.together	14
READ_PHONE_STATE	INTERNAL	com.shazam.android	13
RECORD_AUDIO	INTERNAL	com.shazam.android	13
CAMERA	GAME_ENGINE	com.ygoar.ygodad	12
RECORD_AUDIO	DEVELOPMENT_AID	com.tommmi.freedjsoftware	12
RECORD_AUDIO	UTILITY	com.shazam.android	12
READ_PHONE_STATE	MOBILE_ANALYTICS	com.shazam.android	11
ACCESS_COARSE_LOCATION	SNS	com.sds.android.ttpod	11
GET_ACCOUNTS	INTERNAL	com.shazam.android	11
AUTHENTICATE_ACCOUNTS	INTERNAL	com.shazam.android	10
ACCESS_FINE_LOCATION	INTERNAL	com.shazam.android	10
ACCESS_FINE_LOCATION	MOBILE_ANALYTICS	com.shazam.android	10
CAMERA	INTERNAL	com.google.android.youtube	10
READ_PHONE_STATE	DEVELOPMENT_AID	com.tommmi.freedjsoftware	9
BLUETOOTH	INTERNAL	com.pandora.android	9
ACCESS_FINE_LOCATION	SNS	com.sds.android.ttpod	9
ACCESS_FINE_LOCATION	TARGETED_ADS	com.shazam.android	8
BLUETOOTH	TARGETED_ADS	se.tv4.tv4playtab	8
RECORD_AUDIO	DEVELOPMENT_AID	grandtheft.auto.vicecity.cheats.unofficial	7
GET_ACCOUNTS	INTERNAL	com.google.android.videos	7
SEND_SMS	UTILITY	com.sbs.lamusica	7
READ_PHONE_STATE	INTERNAL	com.netflix.mediaclient	7
GET_ACCOUNTS	INTERNAL	com.google.android.apps.books	6
READ_PHONE_STATE	INTERNAL	com.pandora.android	6
GET_ACCOUNTS	INTERNAL	com.google.android.music	6
GET_ACCOUNTS	INTERNAL	com.google.android.youtube	6
MANAGE_ACCOUNTS	UTILITY	com.amazon.kindle	6
READ_PHONE_STATE	MOBILE_ANALYTICS	com.netflix.mediaclient	5
AUTHENTICATE_ACCOUNTS	UTILITY	com.amazon.mp3	5
READ_PHONE_STATE	DEVELOPMENT_AID	grandtheft.auto.vicecity.cheats.unofficial	4
AUTHENTICATE_ACCOUNTS	UTILITY	com.amazon.kindle	4
READ_PHONE_STATE	TARGETED_ADS	com.outfit7.talkingtom	4
READ_PHONE_STATE	MOBILE_ANALYTICS	com.sirma.mobile.bible.android	3
GET_ACCOUNTS	INTERNAL	com.sirma.mobile.bible.android	3
READ_PHONE_STATE	TARGETED_ADS	com.sirma.mobile.bible.android	3
RECORD_AUDIO	TARGETED_ADS	com.outfit7.talkingtom	2
READ_PHONE_STATE	MOBILE_ANALYTICS	com.outfit7.talkingtom	1
RECORD_AUDIO	INTERNAL	com.outfit7.talkingtom	1
