hitid	hittypeid	packageName	permission	purpose	comfortScore
24XSVGULF3958C32C56SANYN0LTAOY	2Y18MQU6L5OBBSFGN1O4HIJF7MRDW3	air.couk.hamzagames.ultimatesmasher	READ_PHONE_STATE	TARGETED_ADS	-0.05263157894736842
20ZSTLB3L0FBZPF37N5JYEVEM1LJVQ	2Y18MQU6L5OBBSFGN1O4HIJF7MRDW3	amep.games.af_final	READ_PHONE_STATE	TARGETED_ADS	-0.21052631578947367
2TEYB49F9SSSXDYGFSES05H5WIFRVQ	2Y18MQU6L5OBBSFGN1O4HIJF7MRDW3	amep.games.af_final	READ_PHONE_STATE	INTERNAL	0.95
2J1ENLVWJ5OPRGVAC3ZYTWB7VZ61TP	2Y18MQU6L5OBBSFGN1O4HIJF7MRDW3	ar.com.ps3argentina.trophies	GET_ACCOUNTS	INTERNAL	1.6428571428571428
27IONNVRH1KH4PBVNFY6UV9L163XOQ	2Y18MQU6L5OBBSFGN1O4HIJF7MRDW3	atticlab.ScaryMazedGame	READ_PHONE_STATE	TARGETED_ADS	-0.75
2ADOK5UFJ51YN6B3VJPQZ1CSAWL7A7	2Y18MQU6L5OBBSFGN1O4HIJF7MRDW3	atticlab.whip	READ_PHONE_STATE	TARGETED_ADS	-0.3
2CZVKCJ011K2NKGM5OHWD18NK0V8A2	2LBXKO2L92HESC7LT7POJCF0CVLFEJ	au.com.nab.mobile	ACCESS_FINE_LOCATION	INTERNAL	-0.1
2IJK274J79KQCMYNJ8XU4FCDKZXFH0	2LBXKO2L92HESC7LT7POJCF0CVLFEJ	au.com.nab.mobile	READ_PHONE_STATE	INTERNAL	-0.5789473684210527
2Y9RLFQ0ONNV7XYZDS0ENRB7NXSSJV	2Y18MQU6L5OBBSFGN1O4HIJF7MRDW3	bnw.project.wallpaper.buddycons	READ_PHONE_STATE	INTERNAL	0.3
241KM05BMJTUXETHCXG9YA7SLQWJE1	2LBXKO2L92HESC7LT7POJCF0CVLFEJ	br.bovespa	READ_PHONE_STATE	INTERNAL	-0.034482758620689655
2TFKNQY2RCJKMJWAA78R7KUIR05S3I	2Y18MQU6L5OBBSFGN1O4HIJF7MRDW3	br.com.jera.vikings	ACCESS_FINE_LOCATION	MOBILE_ANALYTICS	-0.3
2TYJ2D21O3W5DXXYLTJI9KYE6VP8EQ	2Y18MQU6L5OBBSFGN1O4HIJF7MRDW3	br.com.jera.vikings	READ_PHONE_STATE	TARGETED_ADS	0.0
2VUWA6X3YOCCVG941OOP0INIZ7TOPS	2Y18MQU6L5OBBSFGN1O4HIJF7MRDW3	br.com.jera.vikings	READ_PHONE_STATE	INTERNAL	0.6
2HY5R98D8J3VUNT7OXEYJG3MSEJVFH	2LBXKO2L92HESC7LT7POJCF0CVLFEJ	br.findmycarfree	ACCESS_FINE_LOCATION	INTERNAL	1.4
28J4IXKO2L92XU9B6AO35OCCWA8DC7	2Y18MQU6L5OBBSFGN1O4HIJF7MRDW3	by.istin.android.kinobaza	READ_PHONE_STATE	INTERNAL	0.3
2IANQQ7Q6705H6HRJVS20QC1DGRVBZ	2LBXKO2L92HESC7LT7POJCF0CVLFEJ	ch.xot.droid_catcher	ACCESS_FINE_LOCATION	TARGETED_ADS	-0.6896551724137931
215QY2RCJK63FBBIDVRK1IAQQTGU5P	2Y18MQU6L5OBBSFGN1O4HIJF7MRDW3	com.Ama.PanicFlightFree	READ_PHONE_STATE	MOBILE_ANALYTICS	-0.125
27D66RLPHIT3XBTPRO969NJQJB48G7	2Y18MQU6L5OBBSFGN1O4HIJF7MRDW3	com.Ama.PanicFlightFree	ACCESS_FINE_LOCATION	SOCIAL_GAMING	0.21052631578947367
2F8S1CSTMOFX7TPJEGSE5DNX0PHORK	2Y18MQU6L5OBBSFGN1O4HIJF7MRDW3	com.Ama.PanicFlightFree	READ_PHONE_STATE	INTERNAL	0.4117647058823529
2VACWY2AOO2G22BVKS7QZCM6ZK7332	2Y18MQU6L5OBBSFGN1O4HIJF7MRDW3	com.Ama.PanicFlightFree	READ_PHONE_STATE	TARGETED_ADS	0.23529411764705882
2VYDHDM25L8IP3WB2L5ZDOE4763PF8	2Y18MQU6L5OBBSFGN1O4HIJF7MRDW3	com.Ama.PanicFlightFree	GET_ACCOUNTS	INTERNAL	0.47058823529411764
2YDWAVKI62NJ6IYMY309XH6B1V7RJ4	2Y18MQU6L5OBBSFGN1O4HIJF7MRDW3	com.Ama.PanicFlightFree	ACCESS_FINE_LOCATION	MOBILE_ANALYTICS	-0.05
2DKGTP9RA7S5C2YL52JOM70J3RGWR4	2Y18MQU6L5OBBSFGN1O4HIJF7MRDW3	com.Conquer3.Kingdoms.game.good.haha	READ_PHONE_STATE	TARGETED_ADS	-0.4
2OMJ79KQW6183K39TJ3DB5XCV3JJL7	2Y18MQU6L5OBBSFGN1O4HIJF7MRDW3	com.Conquer3.Kingdoms.game.good.haha	GET_ACCOUNTS	INTERNAL	0.5
2P0UB2YU98JH89IQZPRFIJ9I5LFMAW	2Y18MQU6L5OBBSFGN1O4HIJF7MRDW3	com.Conquer3.Kingdoms.game.good.haha	READ_PHONE_STATE	INTERNAL	0.3333333333333333
2LW6AUBXHWSHNVIO5Z2Z3DRLEF63ZZ	2Y18MQU6L5OBBSFGN1O4HIJF7MRDW3	com.HBO	READ_PHONE_STATE	INTERNAL	1.15
2CPWGKCCVLL3SQ0IIL1PX4C93KV5VY	2LBXKO2L92HESC7LT7POJCF0CVLFEJ	com.alaskajim.whosingsit1990s	READ_PHONE_STATE	TARGETED_ADS	-0.7647058823529411
2WGQS1CSTMOFD7A70M31LYDNETBQN7	2Y18MQU6L5OBBSFGN1O4HIJF7MRDW3	com.allocine.androidapp	ACCESS_FINE_LOCATION	INTERNAL	1.0
2WT0HFL42J1LEL5Q36YM7IGF1RA1MO	2Y18MQU6L5OBBSFGN1O4HIJF7MRDW3	com.allocine.androidapp	READ_PHONE_STATE	INTERNAL	0.7
2OIG5R98D8J3BU4BOWKN5CG33MHEUC	2Y18MQU6L5OBBSFGN1O4HIJF7MRDW3	com.alpha_aps.naked_scanner	READ_PHONE_STATE	TARGETED_ADS	-0.35
2S4JTUHYW2GT5POP3WWWT169F2LPKB	2Y18MQU6L5OBBSFGN1O4HIJF7MRDW3	com.alpha_aps.naked_scanner	ACCESS_FINE_LOCATION	TARGETED_ADS	-0.9
2NPD1X3V0FK0S4HHFISMEPKKPFSLEW	2LBXKO2L92HESC7LT7POJCF0CVLFEJ	com.androcheck.facedet	CAMERA	INTERNAL	0.36363636363636365
20WNLVWJ5OPBGESVVCPM3B7E6JPU2O	2Y18MQU6L5OBBSFGN1O4HIJF7MRDW3	com.androp.cube.dolphin	READ_PHONE_STATE	TARGETED_ADS	0.0
2DABRI8IUB2YAP5YDWKLI3L0WLFH5C	2Y18MQU6L5OBBSFGN1O4HIJF7MRDW3	com.animoca.prettyPetSalonSeasons	READ_PHONE_STATE	INTERNAL	0.47368421052631576
2GOR70G5R98DOZ0AABNSZTNYTQYRBJ	2Y18MQU6L5OBBSFGN1O4HIJF7MRDW3	com.animoca.prettyPetSalonSeasons	READ_PHONE_STATE	TARGETED_ADS	-0.3157894736842105
2A30XULRGNTBZJJ191WFW7N6JUE5RY	2Y18MQU6L5OBBSFGN1O4HIJF7MRDW3	com.appmania.ironwars.hd	READ_PHONE_STATE	TARGETED_ADS	-0.1
2IFERSQV66RL5XF8ZLMWHVKIMWOB38	2LBXKO2L92HESC7LT7POJCF0CVLFEJ	com.appmox.jgirl	READ_PHONE_STATE	TARGETED_ADS	-1.3
2A79RA7S5WM1MPV7KJY0QMHLRSOZU1	2Y18MQU6L5OBBSFGN1O4HIJF7MRDW3	com.appson.blobbyvolley	GET_ACCOUNTS	INTERNAL	0.3
2XXL6VCPWZ9R3TTXKZSSESN3U3BO9X	2Y18MQU6L5OBBSFGN1O4HIJF7MRDW3	com.artofbytes.gravedefence.hd.free	READ_PHONE_STATE	TARGETED_ADS	-0.5
22IXULRGNTBJJ2JST96PEN621R7S6O	2Y18MQU6L5OBBSFGN1O4HIJF7MRDW3	com.asobimo.celes_gp_en	READ_PHONE_STATE	INTERNAL	0.75
2ZZPCGJ2D21OJC2CD4APWSI218A5BK	2Y18MQU6L5OBBSFGN1O4HIJF7MRDW3	com.asobimo.celes_gp_en	GET_ACCOUNTS	INTERNAL	0.6842105263157895
2C88H88MQU6LL48A8MSR4X4AZTBTA4	2Y18MQU6L5OBBSFGN1O4HIJF7MRDW3	com.berobo.android.scanner	READ_PHONE_STATE	TARGETED_ADS	-0.125
2LTLYHVI44OSI0I94HEE6SBA6F83X2	2Y18MQU6L5OBBSFGN1O4HIJF7MRDW3	com.berobo.android.scanner	ACCESS_FINE_LOCATION	TARGETED_ADS	0.3
2M998D8J3VE7C8P8J23GAMCKPKQHXN	2Y18MQU6L5OBBSFGN1O4HIJF7MRDW3	com.berobo.android.scanner	READ_PHONE_STATE	INTERNAL	1.125
2NJ8N46UXFCDKLURAXEDZNTKZXZRTA	2Y18MQU6L5OBBSFGN1O4HIJF7MRDW3	com.bigbluebubble.fatfree	READ_PHONE_STATE	MOBILE_ANALYTICS	-0.1875
2PFMB3Q39Z0BMAQ32XVE2STV8UCUJC	2Y18MQU6L5OBBSFGN1O4HIJF7MRDW3	com.bigbluebubble.fatfree	READ_PHONE_STATE	TARGETED_ADS	-0.1875
2UVP8PJWKUDDODJQZUU960B6B3JJ8K	2Y18MQU6L5OBBSFGN1O4HIJF7MRDW3	com.bigbluebubble.fatfree	READ_PHONE_STATE	INTERNAL	0.8666666666666667
2CEAVKI62NJQIH4HVD0QO6BK166KS3	2LBXKO2L92HESC7LT7POJCF0CVLFEJ	com.bighand.android	READ_PHONE_STATE	INTERNAL	0.2
2ZO2NJQ2172ZPPNW2FBLJVEBAVEPXH	2LBXKO2L92HESC7LT7POJCF0CVLFEJ	com.bighand.android	RECORD_AUDIO	INTERNAL	1.6551724137931034
298V66RLPHITJXSB6ZBID2NJ7CY7FK	2Y18MQU6L5OBBSFGN1O4HIJF7MRDW3	com.binomed.showtime	ACCESS_FINE_LOCATION	INTERNAL	0.6428571428571429
2QC8P9Y38TWWDY07Q29M7JTAXX2IZD	2Y18MQU6L5OBBSFGN1O4HIJF7MRDW3	com.blue.fox.scannerradio	READ_PHONE_STATE	INTERNAL	0.8571428571428571
23OIAA2SEIUUAGX3MOBABIISP2XOOB	2Y18MQU6L5OBBSFGN1O4HIJF7MRDW3	com.bobgame.chickenrun2	READ_PHONE_STATE	MOBILE_ANALYTICS	-0.25
2DNXH0JPPSI20EB4HWG7CKLMN6GNH9	2Y18MQU6L5OBBSFGN1O4HIJF7MRDW3	com.bodyfitness.health.bnht	READ_PHONE_STATE	TARGETED_ADS	0.0
2BU26DG67D1XJBXUG43OR2JEIW4F8F	2Y18MQU6L5OBBSFGN1O4HIJF7MRDW3	com.breakapps.breakdotcom	ACCESS_FINE_LOCATION	TARGETED_ADS	-0.3157894736842105
2A3B3L0FBJ9I4RGTFV5VL5RP7WMMYD	2LBXKO2L92HESC7LT7POJCF0CVLFEJ	com.bruellaffe	READ_PHONE_STATE	INTERNAL	-0.5
20R2NJKM05BMZ9RWU0TG0P9RQ1TGBL	2LBXKO2L92HESC7LT7POJCF0CVLFEJ	com.burrotech.scan2pdf	CAMERA	INTERNAL	1.5
207PSI2KYEPL854KGPD63J3ORRNSMZ	2Y18MQU6L5OBBSFGN1O4HIJF7MRDW3	com.buzztime.android.mobileplaymaker	ACCESS_FINE_LOCATION	MOBILE_ANALYTICS	0.2
2CUNHMVHVKCJGHYZYBVJE9KQDGY35S	2Y18MQU6L5OBBSFGN1O4HIJF7MRDW3	com.cipsoft.tibiame	READ_PHONE_STATE	INTERNAL	0.7368421052631579
2581SNQQ7Q67GLY5GGER82TQSVX9TC	2LBXKO2L92HESC7LT7POJCF0CVLFEJ	com.cisco.anyconnect.vpn.android.rooted	READ_PHONE_STATE	INTERNAL	0.125
2LOUXFCD45XCU9KSORKKPN3TWJFXVA	2LBXKO2L92HESC7LT7POJCF0CVLFEJ	com.clinkybot.geodroid0	ACCESS_FINE_LOCATION	INTERNAL	1.6666666666666667
20CNU8LZ6R70WLOO4HZJAVE7D2P5L8	2Y18MQU6L5OBBSFGN1O4HIJF7MRDW3	com.codemonkey.titanturret	READ_PHONE_STATE	INTERNAL	0.1
2J5JQ2172Z996X3QGP3VLBU1KTLRZQ	2Y18MQU6L5OBBSFGN1O4HIJF7MRDW3	com.codemonkey.titanturret	READ_PHONE_STATE	TARGETED_ADS	-0.1
2VTDPGFL6VCPCF66JHNIVV1SO2KK5K	2Y18MQU6L5OBBSFGN1O4HIJF7MRDW3	com.codingcaveman.SoloTrial	READ_PHONE_STATE	TARGETED_ADS	-0.11764705882352941
214T6YTWX4H3XIMQ0H09NI6I016X2J	2Y18MQU6L5OBBSFGN1O4HIJF7MRDW3	com.com2us.caligofree	READ_PHONE_STATE	INTERNAL	0.8
2JZECWA6X3YOSSCF8TWK4PTI4SEMNG	2Y18MQU6L5OBBSFGN1O4HIJF7MRDW3	com.com2us.caligofree	ACCESS_FINE_LOCATION	MOBILE_ANALYTICS	0.0
27G2RCJK63ZVUJE6WOLIHQ9J2FM7WG	2Y18MQU6L5OBBSFGN1O4HIJF7MRDW3	com.com2us.imo.normal.freefull.google.global.android.common	READ_PHONE_STATE	INTERNAL	0.5555555555555556
2H6UQIHPCGJ2TIY3Z0WXO0JP62E71I	2Y18MQU6L5OBBSFGN1O4HIJF7MRDW3	com.com2us.imo.normal.freefull.google.global.android.common	READ_PHONE_STATE	TARGETED_ADS	-0.1875
2GOKW4ZMAZHH77IUM4FNUVRHIUD9IO	2Y18MQU6L5OBBSFGN1O4HIJF7MRDW3	com.com2us.inotia3.normal.freefull.google.global.android.common	READ_PHONE_STATE	INTERNAL	0.3157894736842105
2YXL42J1LY58RNZMI49GMKHDIGU4PZ	2Y18MQU6L5OBBSFGN1O4HIJF7MRDW3	com.com2us.inotia3.normal.freefull.google.global.android.common	READ_PHONE_STATE	TARGETED_ADS	-0.05263157894736842
27MJ3NAB6BFMVVLDUMK10JFDXOOGT3	2Y18MQU6L5OBBSFGN1O4HIJF7MRDW3	com.com2us.minigameparadise.normal.freefull.google.global.android.common	READ_PHONE_STATE	TARGETED_ADS	-0.16666666666666666
2T7WZ9RNDWIOBHPMORUD0GU1K88TEY	2Y18MQU6L5OBBSFGN1O4HIJF7MRDW3	com.com2us.minigameparadise.normal.freefull.google.global.android.common	READ_PHONE_STATE	INTERNAL	0.6842105263157895
24UWYB49F9SS8XUGXNFNZT5HMP3QUY	2Y18MQU6L5OBBSFGN1O4HIJF7MRDW3	com.com2us.ovenbreak.normal.freefull.google.global.android.common	READ_PHONE_STATE	TARGETED_ADS	-0.2631578947368421
2MQB727M0IGF0XAG226S2F4VZYQDYF	2Y18MQU6L5OBBSFGN1O4HIJF7MRDW3	com.com2us.ovenbreak.normal.freefull.google.global.android.common	READ_PHONE_STATE	INTERNAL	0.7368421052631579
256GQSCM6IAAI8BXQYL07OQK1K0IIG	2Y18MQU6L5OBBSFGN1O4HIJF7MRDW3	com.cracked.android.lite	ACCESS_FINE_LOCATION	TARGETED_ADS	-0.23529411764705882
2BXBNFSVGULFJP27SAEG8FS348JL72	2Y18MQU6L5OBBSFGN1O4HIJF7MRDW3	com.cracked.android.lite	ACCESS_FINE_LOCATION	MOBILE_ANALYTICS	-0.17647058823529413
2ORKQW618N46ADCR98WXJETNU2IOMW	2Y18MQU6L5OBBSFGN1O4HIJF7MRDW3	com.darksummoner	READ_PHONE_STATE	TARGETED_ADS	-0.47368421052631576
2VMBLYHVI44O8IH0QC4NLZSBRZ22WX	2Y18MQU6L5OBBSFGN1O4HIJF7MRDW3	com.darksummoner	READ_PHONE_STATE	INTERNAL	0.4
20R2NJKM05BMZ9RWU0TG0P9RRHNGBC	2Y18MQU6L5OBBSFGN1O4HIJF7MRDW3	com.dedalord.runningfred	READ_PHONE_STATE	TARGETED_ADS	-0.3157894736842105
2FN8B727M0IGV0ESXAPFZVF4CSKCX8	2Y18MQU6L5OBBSFGN1O4HIJF7MRDW3	com.directv.dvrscheduler	READ_PHONE_STATE	INTERNAL	1.4736842105263157
2N970G5R98D8ZJST30JS0NYCWXMSCN	2LBXKO2L92HESC7LT7POJCF0CVLFEJ	com.dogsbestlivewallpaper.dogs	ACCESS_FINE_LOCATION	TARGETED_ADS	-0.55
2QAKMT6YTWX4XJEHLFVDG9GIMCJV02	2LBXKO2L92HESC7LT7POJCF0CVLFEJ	com.dogsbestlivewallpaper.dogs	READ_PHONE_STATE	TARGETED_ADS	-0.4
25DR14IXKO2LPIET801643YOTMCBAX	2Y18MQU6L5OBBSFGN1O4HIJF7MRDW3	com.dooub.shake.bbshake	READ_PHONE_STATE	INTERNAL	-0.125
2V9ILKH1Q6SV6OEN4QHUDL5OS590JG	2Y18MQU6L5OBBSFGN1O4HIJF7MRDW3	com.dooub.shake.bbshake	READ_PHONE_STATE	MOBILE_ANALYTICS	-1.0
22G58B727M0IWVHW95XYMSVFL5EBW7	2Y18MQU6L5OBBSFGN1O4HIJF7MRDW3	com.dooub.shake.sjshake	READ_PHONE_STATE	INTERNAL	0.16666666666666666
29WIUUU00OQK0Q1XEWZS9U26PAAUU8	2Y18MQU6L5OBBSFGN1O4HIJF7MRDW3	com.dooub.shake.sjshake	READ_PHONE_STATE	MOBILE_ANALYTICS	-0.15789473684210525
2WW4EGDHDM251OFOJ3N6OEZ65O1CMP	2Y18MQU6L5OBBSFGN1O4HIJF7MRDW3	com.dreamcortex.talkingPet_android	READ_PHONE_STATE	TARGETED_ADS	-0.55
29E1VP9746OQH8K5MBH6E0517U90KF	2Y18MQU6L5OBBSFGN1O4HIJF7MRDW3	com.dreamfabpapaya.savingyello	READ_PHONE_STATE	TARGETED_ADS	-0.05
23I5BMJTUHYWIWQ45V17Z5WMIG5MH7	2Y18MQU6L5OBBSFGN1O4HIJF7MRDW3	com.droidhen.game.fishpredator	READ_PHONE_STATE	INTERNAL	0.55
2DDOX7H57DZK5VBJAK4HKM252IF0A0	2Y18MQU6L5OBBSFGN1O4HIJF7MRDW3	com.droidhen.game.speedhiker	READ_PHONE_STATE	INTERNAL	0.2631578947368421
2FC98JHSTLB31GCQFD9OIJEJ8OQRF1	2Y18MQU6L5OBBSFGN1O4HIJF7MRDW3	com.droidhen.game.speedhiker	READ_PHONE_STATE	TARGETED_ADS	-0.5789473684210527
2QH6KW4ZMAZHX7O0BUROUNVRYBGH8E	2Y18MQU6L5OBBSFGN1O4HIJF7MRDW3	com.droidhen.game.speedhiker	READ_PHONE_STATE	MOBILE_ANALYTICS	-0.375
2YJXERSQV66R15EXP78V3AVKZGY2AL	2Y18MQU6L5OBBSFGN1O4HIJF7MRDW3	com.duckygo.shoottheducks	ACCESS_FINE_LOCATION	TARGETED_ADS	-0.7692307692307693
2U7GFL6VCPWZP7KSSMFV8S7S3XNM7M	2LBXKO2L92HESC7LT7POJCF0CVLFEJ	com.eliteextra.driver	READ_PHONE_STATE	INTERNAL	0.47619047619047616
2UV8XMB3Q39ZGR39PSXTBEVS9P2SH7	2LBXKO2L92HESC7LT7POJCF0CVLFEJ	com.eliteextra.driver	ACCESS_FINE_LOCATION	INTERNAL	1.391304347826087
2W342J1LY58BNI41WM7FRHD1N8C5QX	2Y18MQU6L5OBBSFGN1O4HIJF7MRDW3	com.emrosswar	READ_PHONE_STATE	TARGETED_ADS	0.05
25C3K4F0OHOV7H1XTOF2S92HVMT21Y	2Y18MQU6L5OBBSFGN1O4HIJF7MRDW3	com.er.popularfunny	READ_PHONE_STATE	TARGETED_ADS	0.0
23H9O9Z6KW4Z2QWWDVILMQ0O4XRD4U	2Y18MQU6L5OBBSFGN1O4HIJF7MRDW3	com.er.scary	READ_PHONE_STATE	TARGETED_ADS	-0.2631578947368421
2CZ8MZ9O9Z6KCKW1638HYRLF6UOA1J	2LBXKO2L92HESC7LT7POJCF0CVLFEJ	com.expedition107.bells.light	READ_PHONE_STATE	TARGETED_ADS	-0.5
236FXRDS4IC1UEA2TN6M81A2Z5UYVZ	2Y18MQU6L5OBBSFGN1O4HIJF7MRDW3	com.favoritemedium	READ_PHONE_STATE	TARGETED_ADS	0.1
27GN5F3Q0JG59EJ280PBB9F992PCGH	2Y18MQU6L5OBBSFGN1O4HIJF7MRDW3	com.favoritemedium	ACCESS_FINE_LOCATION	TARGETED_ADS	-0.1
2AZV8ER9Y8TN0YJEOQWKMHS25WXS59	2Y18MQU6L5OBBSFGN1O4HIJF7MRDW3	com.favoritemedium	GET_ACCOUNTS	INTERNAL	0.8
2HNBMJTUHYW2W9MONEYSCWM1NJUINW	2Y18MQU6L5OBBSFGN1O4HIJF7MRDW3	com.favoritemedium	ACCESS_FINE_LOCATION	MOBILE_ANALYTICS	0.3
2J392HECWA6XJELR8JRCW5KX63FKJ6	2Y18MQU6L5OBBSFGN1O4HIJF7MRDW3	com.favoritemedium	READ_PHONE_STATE	INTERNAL	1.0
20Y5TYMNCWYBKPCOOWJH411J5XNOKR	2Y18MQU6L5OBBSFGN1O4HIJF7MRDW3	com.feelingtouch.FlyMan	READ_PHONE_STATE	INTERNAL	0.75
2G1MJUNU8LZ67NXV1V08K8J3CO32IP	2Y18MQU6L5OBBSFGN1O4HIJF7MRDW3	com.feelingtouch.FlyMan	READ_PHONE_STATE	MOBILE_ANALYTICS	-0.17647058823529413
2LX0OHOVR14ID0LHHDTHLCWAN7Z56Z	2Y18MQU6L5OBBSFGN1O4HIJF7MRDW3	com.feelingtouch.FlyMan	READ_PHONE_STATE	TARGETED_ADS	-0.26666666666666666
25L3FDEY5COWG1D6V7ZCYFLCN5K2T7	2Y18MQU6L5OBBSFGN1O4HIJF7MRDW3	com.feelingtouch.bugswar	READ_PHONE_STATE	MOBILE_ANALYTICS	-0.3
2IKA1QP6AUC2MTDL3HSXAV0F1A9079	2Y18MQU6L5OBBSFGN1O4HIJF7MRDW3	com.feelingtouch.bugswar	READ_PHONE_STATE	INTERNAL	0.2
2J2YEPLSP75K123BF7FAOQEQCTNRXT	2Y18MQU6L5OBBSFGN1O4HIJF7MRDW3	com.feelingtouch.bugswar	READ_PHONE_STATE	TARGETED_ADS	0.7
2B3F395SW6NGHVPIJ2EJIYF1W9NTFG	2Y18MQU6L5OBBSFGN1O4HIJF7MRDW3	com.feelingtouch.dragon.ice	READ_PHONE_STATE	MOBILE_ANALYTICS	0.0
2PWBDPGFL6VC5CWONR4WPOV19HNJ4D	2Y18MQU6L5OBBSFGN1O4HIJF7MRDW3	com.feelingtouch.dragon.ice	READ_PHONE_STATE	TARGETED_ADS	-0.05
2Z7DOBDDP8PJC0RS9COMI3Q3Q9WE33	2Y18MQU6L5OBBSFGN1O4HIJF7MRDW3	com.feelingtouch.dragon.ice	READ_PHONE_STATE	INTERNAL	0.6
2L0XKO2L92HESC7LT7POJCF0TZ2FEE	2Y18MQU6L5OBBSFGN1O4HIJF7MRDW3	com.fingersoft.nightvisioncamera	READ_PHONE_STATE	TARGETED_ADS	-0.5263157894736842
2ZFKO2L92HECCQ3CZ2FCJF0C6FHFGV	2Y18MQU6L5OBBSFGN1O4HIJF7MRDW3	com.fingersoft.nightvisioncamera	CAMERA	INTERNAL	1.15
25KL92HECWA6DJV38G60JP5KEZQIJT	2Y18MQU6L5OBBSFGN1O4HIJF7MRDW3	com.fivemobile.cineplex	ACCESS_FINE_LOCATION	TARGETED_ADS	-0.13333333333333333
2VMEGDHDM25LOY62V0XHLZ6OVEMDNP	2Y18MQU6L5OBBSFGN1O4HIJF7MRDW3	com.fivemobile.cineplex	ACCESS_FINE_LOCATION	MOBILE_ANALYTICS	0.09090909090909091
2B3RGNTBJ3MMTD2ULBE69KHBPGD9VS	2LBXKO2L92HESC7LT7POJCF0CVLFEJ	com.folkalley.android	READ_PHONE_STATE	INTERNAL	-0.05
25RZ6KW4ZMAZXXO6HJH0VNNV7B2G7Z	2LBXKO2L92HESC7LT7POJCF0CVLFEJ	com.fontaines	ACCESS_FINE_LOCATION	INTERNAL	1.263157894736842
2J392HECWA6XJELR8JRCW5KX5NIKJC	2LBXKO2L92HESC7LT7POJCF0CVLFEJ	com.fontaines	CAMERA	INTERNAL	0.6
28K4SMEZZ2MI02KOQCG9538TD6U4L2	2Y18MQU6L5OBBSFGN1O4HIJF7MRDW3	com.forrestheller.trippingfest.free	READ_PHONE_STATE	TARGETED_ADS	-0.2222222222222222
2E4B3Q39Z0B6A9LLP85VZTVR1QMKVR	2Y18MQU6L5OBBSFGN1O4HIJF7MRDW3	com.forrestheller.trippingfest.free	ACCESS_FINE_LOCATION	TARGETED_ADS	-0.9444444444444444
2XNTYMNCWYB4PV67OW8X81JO42OLP8	2Y18MQU6L5OBBSFGN1O4HIJF7MRDW3	com.fractiv.lanesplitter	READ_PHONE_STATE	TARGETED_ADS	0.0
21062NJQ2172FP65DA2KSCVES4WWOV	2Y18MQU6L5OBBSFGN1O4HIJF7MRDW3	com.fridgecat.android.atiltlite	READ_PHONE_STATE	TARGETED_ADS	-0.4117647058823529
27PQ67051QKC37YHPU314MGIH59ZF2	2Y18MQU6L5OBBSFGN1O4HIJF7MRDW3	com.fridgecat.android.atiltlite	GET_ACCOUNTS	INTERNAL	0.5789473684210527
2BQLZ6R70G5RPOANF7MEEWSSAXTO88	2Y18MQU6L5OBBSFGN1O4HIJF7MRDW3	com.fridgecat.android.atiltlite	READ_PHONE_STATE	INTERNAL	0.4375
2C18EBDPGFL6BSMBVDINKWIOCBOH2B	2Y18MQU6L5OBBSFGN1O4HIJF7MRDW3	com.frimastudio.android.SpaceShooter	READ_PHONE_STATE	INTERNAL	0.8
2FPQEOZFYQS1S8Q1KJORKS4ITBBKH1	2Y18MQU6L5OBBSFGN1O4HIJF7MRDW3	com.funny.meme	READ_PHONE_STATE	TARGETED_ADS	-0.4
2JNL8I9NZW6HUF33A8HWET86QQPLVT	2Y18MQU6L5OBBSFGN1O4HIJF7MRDW3	com.gamecircus.PrizeClaw	READ_PHONE_STATE	INTERNAL	0.9
2ZFKO2L92HECCQ3CZ2FCJF0C6FFGFU	2Y18MQU6L5OBBSFGN1O4HIJF7MRDW3	com.gamecircus.PrizeClaw	READ_PHONE_STATE	TARGETED_ADS	-0.3
2FWPLSP75KLMMCGIKE8QLQVJ8EHTZ4	2Y18MQU6L5OBBSFGN1O4HIJF7MRDW3	com.gameforge.xmobile.war	READ_PHONE_STATE	MOBILE_ANALYTICS	-0.4
2IMIXKO2L92HUSTP21UYVCCFHMLED1	2Y18MQU6L5OBBSFGN1O4HIJF7MRDW3	com.gameforge.xmobile.war	READ_PHONE_STATE	TARGETED_ADS	0.15
2XANTL0XULRG398YZQDD45FPOX22OK	2Y18MQU6L5OBBSFGN1O4HIJF7MRDW3	com.gameforge.xmobile.war	READ_PHONE_STATE	INTERNAL	0.7368421052631579
2GH2MIKMN9U85PVI4XNW4I3SB8DAR7	2Y18MQU6L5OBBSFGN1O4HIJF7MRDW3	com.gameinsight.crimestory	READ_PHONE_STATE	TARGETED_ADS	-0.05
294EZZ2MIKMNPA5452U80WWXZDNO7L	2Y18MQU6L5OBBSFGN1O4HIJF7MRDW3	com.gameinsight.enchantedrealm	ACCESS_FINE_LOCATION	MOBILE_ANALYTICS	0.0
2QC8P9Y38TWWDY07Q29M7JTAXX1IZC	2Y18MQU6L5OBBSFGN1O4HIJF7MRDW3	com.gameinsight.enchantedrealm	READ_PHONE_STATE	INTERNAL	0.7894736842105263
2VMEGDHDM25LOY62V0XHLZ6OVENND0	2Y18MQU6L5OBBSFGN1O4HIJF7MRDW3	com.gameinsight.funnylovetest	READ_PHONE_STATE	TARGETED_ADS	0.0
2J392HECWA6XJELR8JRCW5KX63EJK4	2Y18MQU6L5OBBSFGN1O4HIJF7MRDW3	com.gameinsight.kingdom	READ_PHONE_STATE	INTERNAL	0.75
2NA8SV7WGKCCB1II8EU3THAP7E7R10	2Y18MQU6L5OBBSFGN1O4HIJF7MRDW3	com.gameinsight.kingdom	READ_PHONE_STATE	TARGETED_ADS	-0.7894736842105263
2ZKKYEPLSP7501JLSNUOHHQE75EWQ3	2Y18MQU6L5OBBSFGN1O4HIJF7MRDW3	com.gameinsight.kingdom	GET_ACCOUNTS	INTERNAL	-0.05263157894736842
2F55F3Q0JG5TE2KRS224GF9S92CDHF	2Y18MQU6L5OBBSFGN1O4HIJF7MRDW3	com.gameinsight.myclinic	READ_PHONE_STATE	INTERNAL	0.5294117647058824
2U78PJWKUDD8D28IM70Z7B6UAY29KZ	2Y18MQU6L5OBBSFGN1O4HIJF7MRDW3	com.gameinsight.myclinic	READ_PHONE_STATE	TARGETED_ADS	0.0625
22OVCPWZ9RNDCYLAXWYSU3DTX4XBQ3	2Y18MQU6L5OBBSFGN1O4HIJF7MRDW3	com.gamelion.ck	READ_PHONE_STATE	MOBILE_ANALYTICS	0.35
2H6HOVR14IXK4IIOYL5C3A6XK8K782	2Y18MQU6L5OBBSFGN1O4HIJF7MRDW3	com.gamelion.ck	READ_PHONE_STATE	TARGETED_ADS	-0.55
24BL0XULRGNTRZ01IHO5MP7NNCG4QQ	2Y18MQU6L5OBBSFGN1O4HIJF7MRDW3	com.gamevil.cartoonwars.one.global	READ_PHONE_STATE	TARGETED_ADS	-0.15
2W36VCPWZ9RNTCF3R5J7ZN3DAQPAPF	2Y18MQU6L5OBBSFGN1O4HIJF7MRDW3	com.gamevil.cartoonwars.one.global	READ_PHONE_STATE	INTERNAL	0.7368421052631579
28P0G5R98D8JJBBMSWJTUYCGKW7TD5	2Y18MQU6L5OBBSFGN1O4HIJF7MRDW3	com.gamevil.cartoonwars.two.global	READ_PHONE_STATE	INTERNAL	0.65
2UWY5COW0LGRFJ5RNJCCDVNUG696XA	2Y18MQU6L5OBBSFGN1O4HIJF7MRDW3	com.gamevil.cartoonwars.two.global	READ_PHONE_STATE	TARGETED_ADS	-0.3333333333333333
26L6XBAT2D5N6EKKB7H0QG5TEFZ51I	28R0LWSBRI8IARZDQDZJOSTLB921DC	com.geogame.event	ACCESS_FINE_LOCATION	MOBILE_ANALYTICS	1.0
2S5VP3TVOK5UVZ2GUBHEVZFY6LD52Z	28R0LWSBRI8IARZDQDZJOSTLB921DC	com.geogame.event	READ_PHONE_STATE	TARGETED_ADS	0.0
2WAVGULF395SCMKVXJJ3UYNJRRQBPS	28R0LWSBRI8IARZDQDZJOSTLB921DC	com.geogame.event	ACCESS_FINE_LOCATION	INTERNAL	0.3076923076923077
24C8LZ6R70G57P5S4NUVL7WS93K7NR	2Y18MQU6L5OBBSFGN1O4HIJF7MRDW3	com.gjmatw.android.app	ACCESS_FINE_LOCATION	TARGETED_ADS	-0.23529411764705882
2FQTNKIMZSM50VE7YSD0WGVFKSHZCR	2Y18MQU6L5OBBSFGN1O4HIJF7MRDW3	com.glu.android.ck	READ_PHONE_STATE	TARGETED_ADS	0.1
28R8D8J3VE7W88Q2UG73TCK8R3XIYL	2Y18MQU6L5OBBSFGN1O4HIJF7MRDW3	com.glu.android.gunbros_free	READ_PHONE_STATE	TARGETED_ADS	-0.05
29ACXKNQY2RCZ03IVZ53OR0KBS71QB	2Y18MQU6L5OBBSFGN1O4HIJF7MRDW3	com.google.android.ytremote	GET_ACCOUNTS	INTERNAL	1.15
2MX3Q0JG5TYM3STD780FGSSSY7XFJY	2Y18MQU6L5OBBSFGN1O4HIJF7MRDW3	com.google.android.ytremote	READ_PHONE_STATE	INTERNAL	0.6
218W618N46UXVSAJ113E0NDS43FOQJ	2Y18MQU6L5OBBSFGN1O4HIJF7MRDW3	com.gotow.hexdefensefree	GET_ACCOUNTS	INTERNAL	0.6842105263157895
21405BMJTUHYCID8LDIAES5W3B2LG5	2Y18MQU6L5OBBSFGN1O4HIJF7MRDW3	com.gridmob.android.funnycall	READ_PHONE_STATE	INTERNAL	0.75
2LKJ1LY58B72N2XXCJBHK16YW2SS7O	2Y18MQU6L5OBBSFGN1O4HIJF7MRDW3	com.gridmob.android.funnycall	READ_PHONE_STATE	TARGETED_ADS	-0.25
2CUPWZ9RNDWI4BY73WE3KTGUIDVSDH	2Y18MQU6L5OBBSFGN1O4HIJF7MRDW3	com.guidasky.android	READ_PHONE_STATE	INTERNAL	0.8888888888888888
2BVD8XMB3Q39FG8LQXF604EV93QRG0	2Y18MQU6L5OBBSFGN1O4HIJF7MRDW3	com.hyperkani.hyppely	READ_PHONE_STATE	TARGETED_ADS	-0.2
23DHVKCJ011KIN1Y3DBQ36184E279R	2Y18MQU6L5OBBSFGN1O4HIJF7MRDW3	com.ielfgame.ironRusher	READ_PHONE_STATE	TARGETED_ADS	-0.3157894736842105
25XXRDS4IC1EETKCFJD18A2IC8ZWZX	2Y18MQU6L5OBBSFGN1O4HIJF7MRDW3	com.ielfgame.ironRusher	READ_PHONE_STATE	INTERNAL	0.5
28J4IXKO2L92XU9B6AO35OCCWA9CD7	2Y18MQU6L5OBBSFGN1O4HIJF7MRDW3	com.insasofttech.GhostCam	CAMERA	INTERNAL	1.0
2N633FDEY5COCGIVN3U8JRFLTGS1S0	2Y18MQU6L5OBBSFGN1O4HIJF7MRDW3	com.insasofttech.GhostCam	READ_PHONE_STATE	TARGETED_ADS	-0.3
27ACM6IAA2SEYAR9W4FQRKA4ZSOLLB	2Y18MQU6L5OBBSFGN1O4HIJF7MRDW3	com.insasofttech.TattooCam	READ_PHONE_STATE	TARGETED_ADS	-0.6666666666666666
2I0NMHGYQ4J33Q8L7JDFMOYYZ3Y9M5	2Y18MQU6L5OBBSFGN1O4HIJF7MRDW3	com.jackdoit.lockbotfree	READ_PHONE_STATE	INTERNAL	0.25
20I11K274J7906TLXCE4DUXFS7FFD2	2LBXKO2L92HESC7LT7POJCF0CVLFEJ	com.jointhearmy	READ_PHONE_STATE	INTERNAL	-0.16666666666666666
22DWJ5OPB0YVWF5DI027LP9UJVE5XC	2LBXKO2L92HESC7LT7POJCF0CVLFEJ	com.jointhearmy	ACCESS_FINE_LOCATION	INTERNAL	0.52
2K839Z0B6UTOM91TRWKVYKGPD2SYNI	2Y18MQU6L5OBBSFGN1O4HIJF7MRDW3	com.kauf.talking.baum.TalkingJamesSquirrel	READ_PHONE_STATE	TARGETED_ADS	-0.45
2TRKSSZVXX2QKLR9GUFYNNIWIXP5NA	2Y18MQU6L5OBBSFGN1O4HIJF7MRDW3	com.klik.games.fastball2	READ_PHONE_STATE	TARGETED_ADS	0.25
2ALHVWAVKI623ZNHXBTZG9QHNLGPH6	2Y18MQU6L5OBBSFGN1O4HIJF7MRDW3	com.lavapps.AirTrafficControlLite	READ_PHONE_STATE	TARGETED_ADS	-0.4
289LFQ0ONNVRXHHWKD5GYB76455TKJ	2Y18MQU6L5OBBSFGN1O4HIJF7MRDW3	com.lily.times.rabbit1.all	READ_PHONE_STATE	TARGETED_ADS	-0.2631578947368421
2IF3V0FK0COKIZBGIBGKR9LRDGJOHN	2Y18MQU6L5OBBSFGN1O4HIJF7MRDW3	com.magmamobile.game.soccer	READ_PHONE_STATE	TARGETED_ADS	-0.35
20EKUDD8XMB36J6EWFXU0O6TK8WDOC	2LBXKO2L92HESC7LT7POJCF0CVLFEJ	com.mangolee.fail.wtf.sexy.girl.wired.funny	READ_PHONE_STATE	INTERNAL	-0.5263157894736842
24M6UXFCD45XSUQ29WETRIN3AQLUW7	2Y18MQU6L5OBBSFGN1O4HIJF7MRDW3	com.menueph.entertainment.finger	READ_PHONE_STATE	MOBILE_ANALYTICS	-0.3333333333333333
29BLB3L0FBJ9Y48YANIE2E5R61YXL9	2Y18MQU6L5OBBSFGN1O4HIJF7MRDW3	com.menueph.entertainment.russianroulette	READ_PHONE_STATE	TARGETED_ADS	-0.5
29QSV7WGKCCV110R67UMOAPQLM5S27	2Y18MQU6L5OBBSFGN1O4HIJF7MRDW3	com.menueph.entertainment.russianroulette	ACCESS_FINE_LOCATION	TARGETED_ADS	0.0
2OVZKPFE4EGDXTJH1PZIGNZWNRA7HH	2Y18MQU6L5OBBSFGN1O4HIJF7MRDW3	com.menueph.entertainment.russianroulette	READ_PHONE_STATE	MOBILE_ANALYTICS	-0.2631578947368421
2SLQ39Z0B6UT4MQJAZJT2RKG66OXMB	2Y18MQU6L5OBBSFGN1O4HIJF7MRDW3	com.menueph.entertainment.russianroulette	ACCESS_FINE_LOCATION	MOBILE_ANALYTICS	-0.5263157894736842
2UZDM25L8I9NFC3WA3XOL4QWO33RHZ	2Y18MQU6L5OBBSFGN1O4HIJF7MRDW3	com.menueph.entertainment.russianroulette	READ_PHONE_STATE	INTERNAL	-0.4
2CYULF395SW63WYUO7EYUJBYWBBDRD	2Y18MQU6L5OBBSFGN1O4HIJF7MRDW3	com.mindSpringLabs.sithSaber	READ_PHONE_STATE	TARGETED_ADS	-0.5333333333333333
2XO7D1X3V0FKGSLZYN51T7PK1JGDKJ	2Y18MQU6L5OBBSFGN1O4HIJF7MRDW3	com.miniclip.fraggerfree	READ_PHONE_STATE	TARGETED_ADS	-0.15
2UK1O3W5XH0J55PXYOPEWLSPOFHICF	2Y18MQU6L5OBBSFGN1O4HIJF7MRDW3	com.mirasoftapps.nudescanner	READ_PHONE_STATE	TARGETED_ADS	-1.0
26U6SK9RJ85OFYWTDQ1AWMOO7FB5TB	2Y18MQU6L5OBBSFGN1O4HIJF7MRDW3	com.mobage.ww.a448.TouchHockey_android	ACCESS_FINE_LOCATION	TARGETED_ADS	-0.25
2GRO9Z6KW4ZMQFEWNVCFX0ON45N5EK	2Y18MQU6L5OBBSFGN1O4HIJF7MRDW3	com.mobage.ww.a448.TouchHockey_android	GET_ACCOUNTS	TARGETED_ADS	-0.35
2P1IA0RYNJ923ZH1W92MQTUHF6Z38U	2Y18MQU6L5OBBSFGN1O4HIJF7MRDW3	com.mobage.ww.a448.TouchHockey_android	ACCESS_FINE_LOCATION	MOBILE_ANALYTICS	0.0
2S4JTUHYW2GT5POP3WWWT169F2KPKA	2Y18MQU6L5OBBSFGN1O4HIJF7MRDW3	com.mobage.ww.a448.TouchHockey_android	READ_PHONE_STATE	INTERNAL	0.7
2X7GSNTL0XUL7WK87NUMTDX5WZ40MK	2Y18MQU6L5OBBSFGN1O4HIJF7MRDW3	com.mobage.ww.a448.TouchHockey_android	READ_PHONE_STATE	TARGETED_ADS	0.5
27IONNVRH1KH4PBVNFY6UV9L163OXH	2Y18MQU6L5OBBSFGN1O4HIJF7MRDW3	com.mobage.ww.a692.Bahamut_Android	READ_PHONE_STATE	INTERNAL	1.1
2A30XULRGNTBZJJ191WFW7N6JUCR5I	2Y18MQU6L5OBBSFGN1O4HIJF7MRDW3	com.mobage.ww.a692.Bahamut_Android	READ_PHONE_STATE	TARGETED_ADS	0.25
2WW4EGDHDM251OFOJ3N6OEZ65O0MCY	2Y18MQU6L5OBBSFGN1O4HIJF7MRDW3	com.mobage.ww.a692.Bahamut_Android	ACCESS_FINE_LOCATION	MOBILE_ANALYTICS	0.05
2XNR98D8J3VENCP7PRPCN3MC1I6GWT	2Y18MQU6L5OBBSFGN1O4HIJF7MRDW3	com.mobage.ww.a692.Bahamut_Android	ACCESS_FINE_LOCATION	TARGETED_ADS	-0.47368421052631576
2C4EC1PC6SK97Z5KK39ZLHMARZJO0N	2Y18MQU6L5OBBSFGN1O4HIJF7MRDW3	com.mobileroadie.TaylorSwift	READ_PHONE_STATE	INTERNAL	0.5263157894736842
2BU26DG67D1XJBXUG43OR2JEHGIF8W	2LBXKO2L92HESC7LT7POJCF0CVLFEJ	com.mobispectra.android.apps.car2enjoy	ACCESS_FINE_LOCATION	TARGETED_ADS	0.3333333333333333
2G2PFE4EGDHD2I204M0N6W6HUTH9JI	2LBXKO2L92HESC7LT7POJCF0CVLFEJ	com.mobispectra.android.apps.car2enjoy	ACCESS_FINE_LOCATION	INTERNAL	1.4285714285714286
2BLK4F0OHOVRHKFCGSTLG2HET6623P	2Y18MQU6L5OBBSFGN1O4HIJF7MRDW3	com.morisoft.AndroidFreeGamENG.AOD	READ_PHONE_STATE	TARGETED_ADS	-0.631578947368421
2DSVKI62NJQ2HNZE5DHHDBKLT59LTD	2Y18MQU6L5OBBSFGN1O4HIJF7MRDW3	com.morisoft.AndroidFreeGamENG.AOD	READ_PHONE_STATE	INTERNAL	0.8333333333333334
23WC1PC6SK9RZO23VMQEOMAA6WL1PK	2Y18MQU6L5OBBSFGN1O4HIJF7MRDW3	com.ms.coupleobserver	GET_ACCOUNTS	INTERNAL	0.8461538461538461
28K4SMEZZ2MI02KOQCG9538TD6TL4I	2Y18MQU6L5OBBSFGN1O4HIJF7MRDW3	com.ms.coupleobserver	READ_PHONE_STATE	INTERNAL	1.0
2UHXR24SMEZZI2FZIR0UFP9YKIQI1P	2Y18MQU6L5OBBSFGN1O4HIJF7MRDW3	com.ms.coupleobserver	ACCESS_FINE_LOCATION	TARGETED_ADS	-0.06666666666666667
2RCC26DG67D1DJSFBORCVK2JVBJ7E2	2Y18MQU6L5OBBSFGN1O4HIJF7MRDW3	com.murtos.android.peopleofwalmart	READ_PHONE_STATE	TARGETED_ADS	-0.7222222222222222
2KD0FK0COK2JUHJMLOB9SRW6596QJ3	2Y18MQU6L5OBBSFGN1O4HIJF7MRDW3	com.myxer.android	READ_CONTACTS	TARGETED_ADS	-1.0
2KZVWAVKI62NZ6ZG36Q9GQH6SUHQIR	2Y18MQU6L5OBBSFGN1O4HIJF7MRDW3	com.myxer.android	ACCESS_FINE_LOCATION	MOBILE_ANALYTICS	-0.16666666666666666
2MAW6NG1FS3NE3GQUJSF6SZLJ7NYKD	2Y18MQU6L5OBBSFGN1O4HIJF7MRDW3	com.myxer.android	READ_PHONE_STATE	TARGETED_ADS	0.1111111111111111
2NCFBNFSVGULVJ6KO0XNN1FSKXVK60	2Y18MQU6L5OBBSFGN1O4HIJF7MRDW3	com.myxer.android	ACCESS_FINE_LOCATION	TARGETED_ADS	0.0
2NVG67D1X3V0V0XRKOTJL1M76UGIB7	2Y18MQU6L5OBBSFGN1O4HIJF7MRDW3	com.myxer.android	READ_PHONE_STATE	INTERNAL	0.4444444444444444
2YN7DZKPFE4EWTESI6WLFI9NFQ6F5J	2LBXKO2L92HESC7LT7POJCF0CVLFEJ	com.novalibra.cashierlive.inventory	CAMERA	INTERNAL	1.35
2D2UDD8XMB3QJPWF7ALTV6T4V5PPER	2Y18MQU6L5OBBSFGN1O4HIJF7MRDW3	com.nurogames.talkingsantalite	READ_PHONE_STATE	TARGETED_ADS	0.125
2WLQ0JG5TYMNSCVQ0D69ZSSHEBYKG2	2Y18MQU6L5OBBSFGN1O4HIJF7MRDW3	com.nvidia.tegrazone	GET_ACCOUNTS	INTERNAL	0.7777777777777778
28R8D8J3VE7W88Q2UG73TCK8R3YYI2	2Y18MQU6L5OBBSFGN1O4HIJF7MRDW3	com.outfit7.talkinggina	READ_PHONE_STATE	TARGETED_ADS	-0.4
2G2PFE4EGDHD2I204M0N6W6HV939J1	2Y18MQU6L5OBBSFGN1O4HIJF7MRDW3	com.outfit7.talkinggina	READ_PHONE_STATE	INTERNAL	0.2
2581SNQQ7Q67GLY5GGER82TQTBTT9P	2Y18MQU6L5OBBSFGN1O4HIJF7MRDW3	com.outfit7.talkingpierrefree	READ_PHONE_STATE	TARGETED_ADS	-0.15
2A3B3L0FBJ9I4RGTFV5VL5RP8CIYMI	2Y18MQU6L5OBBSFGN1O4HIJF7MRDW3	com.outfit7.talkingpierrefree	READ_PHONE_STATE	INTERNAL	0.6
236FXRDS4IC1UEA2TN6M81A2Z5UVYW	2Y18MQU6L5OBBSFGN1O4HIJF7MRDW3	com.outfit7.tomlovesangelafree	CAMERA	TARGETED_ADS	-0.625
2525UFJ51Y7QU4WUUUJ1JSTM5PUC9Q	2Y18MQU6L5OBBSFGN1O4HIJF7MRDW3	com.outfit7.tomlovesangelafree	READ_PHONE_STATE	TARGETED_ADS	0.07142857142857142
2BQY1THV8ER9EOQ2GMDZZM5KWRP1O3	2Y18MQU6L5OBBSFGN1O4HIJF7MRDW3	com.outfit7.tomlovesangelafree	READ_PHONE_STATE	MOBILE_ANALYTICS	-0.29411764705882354
2TEA6X3YOCCFGSMKG1GTPNIIE8CQP3	2Y18MQU6L5OBBSFGN1O4HIJF7MRDW3	com.outfit7.tomlovesangelafree	READ_PHONE_STATE	INTERNAL	0.4166666666666667
23QJIA0RYNJ9I3GZI4WBTJTUY8S27U	2Y18MQU6L5OBBSFGN1O4HIJF7MRDW3	com.paladin.GunStrike	READ_PHONE_STATE	INTERNAL	0.4
2W342J1LY58BNI41WM7FRHD1N8CQ5I	2Y18MQU6L5OBBSFGN1O4HIJF7MRDW3	com.pallosalama.dice.free	READ_PHONE_STATE	TARGETED_ADS	-0.45454545454545453
2QQJHSTLB3L0VRGOES2JLJREB85HTA	2LBXKO2L92HESC7LT7POJCF0CVLFEJ	com.pedrocorp.android.guitar	RECORD_AUDIO	INTERNAL	1.4210526315789473
29DQ8H88MQU61LLQRG91YXX4RSGS90	2Y18MQU6L5OBBSFGN1O4HIJF7MRDW3	com.pigeon.happybdaycakelite	READ_PHONE_STATE	INTERNAL	0.1
2BLK4F0OHOVRHKFCGSTLG2HET6723Q	2Y18MQU6L5OBBSFGN1O4HIJF7MRDW3	com.pigeon.happybdaycakelite	GET_ACCOUNTS	INTERNAL	0.21052631578947367
26YSNTL0XULRW3QQF7DMKX5F51N1NU	2LBXKO2L92HESC7LT7POJCF0CVLFEJ	com.playtales.en.hanselygretel	READ_PHONE_STATE	INTERNAL	0.09375
2JMSMEZZ2MIK23694T0YA8TWCRJ5MH	2LBXKO2L92HESC7LT7POJCF0CVLFEJ	com.playtales.en.hanselygretel	READ_PHONE_STATE	MOBILE_ANALYTICS	-0.875
2VMBLYHVI44O8IH0QC4NLZSBQJ62W4	2LBXKO2L92HESC7LT7POJCF0CVLFEJ	com.popcannibal.spacethunk	READ_PHONE_STATE	TARGETED_ADS	-0.25
2VHZ2MIKMN9UO56DZCKW3XI394V9QS	2Y18MQU6L5OBBSFGN1O4HIJF7MRDW3	com.project_x.ARShooting	CAMERA	INTERNAL	0.8
29UGW40SPW1I32EVUUVJANABM5G0D9	2LBXKO2L92HESC7LT7POJCF0CVLFEJ	com.protoscomunicaciones.localizamovil	ACCESS_FINE_LOCATION	INTERNAL	0.7777777777777778
26L6XBAT2D5N6EKKB7H0QG5TEFY15D	28R0LWSBRI8IARZDQDZJOSTLB921DC	com.readingbee.studiofreeaudiobooks	RECORD_AUDIO	INTERNAL	1.0
2A30XULRGNTBZJJ191WFW7N6JUDR5J	2Y18MQU6L5OBBSFGN1O4HIJF7MRDW3	com.red.dino	READ_PHONE_STATE	TARGETED_ADS	-0.85
2XXL6VCPWZ9R3TTXKZSSESN3TNR9O1	2LBXKO2L92HESC7LT7POJCF0CVLFEJ	com.repsis.android.tapdroid	READ_PHONE_STATE	TARGETED_ADS	-0.7857142857142857
29DQ8H88MQU61LLQRG91YXX4RSFS9Z	2Y18MQU6L5OBBSFGN1O4HIJF7MRDW3	com.rixment.game.rocketcraze	READ_PHONE_STATE	INTERNAL	0.85
2ELV0FK0COK2ZUY13TBKGLRWNYVPIZ	2Y18MQU6L5OBBSFGN1O4HIJF7MRDW3	com.rixment.game.rocketcraze	READ_PHONE_STATE	TARGETED_ADS	-0.05
283FQ0ONNVRHH0E35I7RI76NCJHULE	2Y18MQU6L5OBBSFGN1O4HIJF7MRDW3	com.roboconn.snipelite	ACCESS_FINE_LOCATION	TARGETED_ADS	-0.4
2C2CJ011K274ZN6ZM0X1FN46B7BAC2	2Y18MQU6L5OBBSFGN1O4HIJF7MRDW3	com.roboconn.snipetrial	ACCESS_FINE_LOCATION	TARGETED_ADS	-0.47368421052631576
243VWJ5OPB0YBWWNUQNBEEP9BDXW4M	2Y18MQU6L5OBBSFGN1O4HIJF7MRDW3	com.robotwheelie.android.facegoo	ACCESS_FINE_LOCATION	TARGETED_ADS	-0.6875
27MJ3NAB6BFMVVLDUMK10JFDXOOTGG	2Y18MQU6L5OBBSFGN1O4HIJF7MRDW3	com.robotwheelie.android.facegoo	READ_PHONE_STATE	TARGETED_ADS	-0.4
2TFKNQY2RCJKMJWAA78R7KUIR06S3J	2Y18MQU6L5OBBSFGN1O4HIJF7MRDW3	com.robotwheelie.android.facegoo	ACCESS_FINE_LOCATION	MOBILE_ANALYTICS	0.29411764705882354
283FQ0ONNVRHH0E35I7RI76NCJGLU4	2Y18MQU6L5OBBSFGN1O4HIJF7MRDW3	com.rocketmind.fishing	GET_ACCOUNTS	INTERNAL	0.7647058823529411
29BMOFXRDS4ISHBD9ROJMM11RCDWTH	2Y18MQU6L5OBBSFGN1O4HIJF7MRDW3	com.rocketmind.fishing	ACCESS_FINE_LOCATION	MOBILE_ANALYTICS	0.4117647058823529
2KXDEY5COW0LW7WI4GIFSC6V44V4VK	2Y18MQU6L5OBBSFGN1O4HIJF7MRDW3	com.rocketmind.fishing	READ_PHONE_STATE	INTERNAL	0.6470588235294118
2NFBAT2D5NQY3LCIM4AGCTYM4MS73A	2Y18MQU6L5OBBSFGN1O4HIJF7MRDW3	com.rocketmind.fishing	ACCESS_FINE_LOCATION	TARGETED_ADS	-0.15789473684210525
2NF3YOCCF0CPL0U4PMEIPXYGLZHTSZ	2Y18MQU6L5OBBSFGN1O4HIJF7MRDW3	com.roguerocketgames.sushichop	READ_PHONE_STATE	TARGETED_ADS	-0.3157894736842105
2XE40SPW1INMXWV50NUNHB6BWWB2FY	2Y18MQU6L5OBBSFGN1O4HIJF7MRDW3	com.roguerocketgames.sushichop	READ_PHONE_STATE	INTERNAL	0.5263157894736842
2A79RA7S5WM1MPV7KJY0QMHLRSPUZX	2Y18MQU6L5OBBSFGN1O4HIJF7MRDW3	com.romanempire	READ_PHONE_STATE	TARGETED_ADS	0.05263157894736842
20JLY58B727MGYDUGL41DYFSCP09UW	2Y18MQU6L5OBBSFGN1O4HIJF7MRDW3	com.rovio.amazingalex.trial	READ_PHONE_STATE	MOBILE_ANALYTICS	0.3157894736842105
2GFR24SMEZZ22YH1JDL8W9Y3P3R2J0	2Y18MQU6L5OBBSFGN1O4HIJF7MRDW3	com.rovio.angrybirds	READ_PHONE_STATE	MOBILE_ANALYTICS	0.15789473684210525
2CO6RLPHIT3HBC7AGMX2UJQ2IHY9HV	2Y18MQU6L5OBBSFGN1O4HIJF7MRDW3	com.rovio.angrybirdsspace.ads	READ_PHONE_STATE	MOBILE_ANALYTICS	-0.05
2TX0CP5KXPTI3YFCUKVPT7NYNG0YZZ	2Y18MQU6L5OBBSFGN1O4HIJF7MRDW3	com.sensacine.android	ACCESS_FINE_LOCATION	INTERNAL	1.2142857142857142
2U425L8I9NZWMXBE2S54XW7TPG5TJK	2Y18MQU6L5OBBSFGN1O4HIJF7MRDW3	com.sensacine.android	READ_PHONE_STATE	INTERNAL	0.26666666666666666
2QP46OQ1SNQQN63MW9SQRCNRICPP5P	2Y18MQU6L5OBBSFGN1O4HIJF7MRDW3	com.silvertree.cordysky	GET_ACCOUNTS	INTERNAL	0.5333333333333333
2I0NMHGYQ4J33Q8L7JDFMOYYZ3XM9H	2Y18MQU6L5OBBSFGN1O4HIJF7MRDW3	com.sixwaves.strikefleetomega	READ_PHONE_STATE	MOBILE_ANALYTICS	0.47368421052631576
2JJO3W5XH0JP58FHG25PSSP7MUGDJK	2Y18MQU6L5OBBSFGN1O4HIJF7MRDW3	com.sixwaves.strikefleetomega	READ_PHONE_STATE	TARGETED_ADS	-0.5
2OOO33FDEY5C4CX0CVQ3FCRF2M1R0X	2Y18MQU6L5OBBSFGN1O4HIJF7MRDW3	com.sixwaves.strikefleetomega	READ_PHONE_STATE	INTERNAL	0.47368421052631576
2P09NZW6HEZ64U15SBK8D9GU3CXYOX	2Y18MQU6L5OBBSFGN1O4HIJF7MRDW3	com.smartanuj.jokes	READ_PHONE_STATE	TARGETED_ADS	-0.21052631578947367
2Z3KH1Q6SVQ8XO51MYXLCOBVTSXL2M	2Y18MQU6L5OBBSFGN1O4HIJF7MRDW3	com.smartanuj.jokes	READ_PHONE_STATE	INTERNAL	1.105263157894737
2RS2SEIUUU0046HZ689IZ8S2AVHRRD	28R0LWSBRI8IARZDQDZJOSTLB921DC	com.socialnmobile.hd.flashlight	CAMERA	INTERNAL	1.588235294117647
2WL95SW6NG1F8JKDJN2YM1FZ8TWVHF	2LBXKO2L92HESC7LT7POJCF0CVLFEJ	com.softetic.plp.bam.demo	READ_PHONE_STATE	TARGETED_ADS	-0.8888888888888888
2DDOX7H57DZK5VBJAK4HKM2512IA0G	2LBXKO2L92HESC7LT7POJCF0CVLFEJ	com.soundeffects.voicedoll	RECORD_AUDIO	INTERNAL	0.9411764705882353
28AQV66RLPHI9JEASEMKP62N00YE69	2Y18MQU6L5OBBSFGN1O4HIJF7MRDW3	com.storybird.spacebusterlite	READ_PHONE_STATE	INTERNAL	0.75
2C2CJ011K274ZN6ZM0X1FN46B7CCA5	2Y18MQU6L5OBBSFGN1O4HIJF7MRDW3	com.stream.phd	READ_PHONE_STATE	TARGETED_ADS	-0.7
2RJQP6AUC26DWM4SX1UV7FK0TYH297	2Y18MQU6L5OBBSFGN1O4HIJF7MRDW3	com.stuckpixelinc.epicfail	READ_PHONE_STATE	TARGETED_ADS	-0.55
22T3L0FBJ9IORZBYNIMECRPRJWWNZY	2Y18MQU6L5OBBSFGN1O4HIJF7MRDW3	com.stuckpixelinc.funnypics	READ_PHONE_STATE	TARGETED_ADS	0.23529411764705882
20P9KQW618N4MAUU8HV54CET4NONLF	2Y18MQU6L5OBBSFGN1O4HIJF7MRDW3	com.stumbleupon.android.app	READ_PHONE_STATE	MOBILE_ANALYTICS	0.7692307692307693
2P4Z9O9Z6KW4F27EDLIRSFQ05XKC39	2Y18MQU6L5OBBSFGN1O4HIJF7MRDW3	com.stumbleupon.android.app	GET_ACCOUNTS	INTERNAL	1.3
20LNAB6BFMFF4EVXP5KJMDGE86BVI8	2LBXKO2L92HESC7LT7POJCF0CVLFEJ	com.swagbuckstvmobile.views	ACCESS_FINE_LOCATION	TARGETED_ADS	-0.23076923076923078
2QNSW6NG1FS33EKY7261MZSZ2CTXJ7	2Y18MQU6L5OBBSFGN1O4HIJF7MRDW3	com.tapjoy.tapdefense	READ_PHONE_STATE	INTERNAL	0.2
2DMZMAZHHRRLV6X3JRMRO1KH5JBCLN	2Y18MQU6L5OBBSFGN1O4HIJF7MRDW3	com.tapular.grenadewhistle	READ_PHONE_STATE	TARGETED_ADS	-0.8125
2ETNVP3TVOK5AVGKX2YQLOZFEJ3148	28R0LWSBRI8IARZDQDZJOSTLB921DC	com.teachersparadise.groovyscratchdraw	ACCESS_FINE_LOCATION	TARGETED_ADS	-0.6363636363636364
2Z7DOBDDP8PJC0RS9COMI3Q3PSBE3J	28R0LWSBRI8IARZDQDZJOSTLB921DC	com.teachersparadise.groovyscratchdraw	READ_PHONE_STATE	TARGETED_ADS	-1.125
21E4ZMAZHHRR1VNFKREVYH1KXI9KBR	2LBXKO2L92HESC7LT7POJCF0CVLFEJ	com.teamandroid.game	READ_PHONE_STATE	TARGETED_ADS	-0.3157894736842105
2MTMJTUHYW2G95666BJ53M16Q8OJOO	2Y18MQU6L5OBBSFGN1O4HIJF7MRDW3	com.teamsoft.falldown	READ_PHONE_STATE	TARGETED_ADS	0.0
204JUNU8LZ6RNGDKNDZDFJ3VVHRJ3S	2Y18MQU6L5OBBSFGN1O4HIJF7MRDW3	com.tgb.kingkong	READ_PHONE_STATE	TARGETED_ADS	0.15
26QJVCNHMVHV0SGFX5B2E4J7QUM20U	2Y18MQU6L5OBBSFGN1O4HIJF7MRDW3	com.tgb.kingkong	READ_PHONE_STATE	MOBILE_ANALYTICS	-0.2631578947368421
2LHMAZHHRRLF6GL2JZIH8KHOQOBDMO	2Y18MQU6L5OBBSFGN1O4HIJF7MRDW3	com.tgb.kingkong	READ_PHONE_STATE	INTERNAL	0.5789473684210527
270HPCGJ2D214JTKTLRJWPSIJUUA4P	2Y18MQU6L5OBBSFGN1O4HIJF7MRDW3	com.tgb.nationsatwar	READ_PHONE_STATE	TARGETED_ADS	-0.10526315789473684
2ELYOCCF0CP50DM8ER9I4YG46W2TUF	2Y18MQU6L5OBBSFGN1O4HIJF7MRDW3	com.tgb.nationsatwar	READ_PHONE_STATE	INTERNAL	0.7368421052631579
2P546UXFCD45DSB8JHJN0KINK3BTV4	2Y18MQU6L5OBBSFGN1O4HIJF7MRDW3	com.tgb.nationsatwar	READ_PHONE_STATE	MOBILE_ANALYTICS	-0.16666666666666666
2PQMQU6L5OBVSYY6T1VAPJF7X4XXEM	2Y18MQU6L5OBBSFGN1O4HIJF7MRDW3	com.tgb.nationsatwar	GET_ACCOUNTS	INTERNAL	0.6
21CDD8XMB3Q3PFXQ2YKODT4EC2PFQP	2Y18MQU6L5OBBSFGN1O4HIJF7MRDW3	com.thechive	READ_PHONE_STATE	TARGETED_ADS	-0.3
2ELV0FK0COK2ZUY13TBKGLRWNYVIPS	2Y18MQU6L5OBBSFGN1O4HIJF7MRDW3	com.thechive	ACCESS_FINE_LOCATION	MOBILE_ANALYTICS	-0.15789473684210525
2MFH0JPPSI2KEUM0OTY5RLM6DTZIOB	2Y18MQU6L5OBBSFGN1O4HIJF7MRDW3	com.thechive	ACCESS_FINE_LOCATION	TARGETED_ADS	-0.5789473684210527
2W80ONNVRH1KX46TCV27DNV92USNW8	2Y18MQU6L5OBBSFGN1O4HIJF7MRDW3	com.thechive	READ_PHONE_STATE	INTERNAL	0.65
24ASCXKNQY2RSZHLZ3MEAHR00OU0PY	2LBXKO2L92HESC7LT7POJCF0CVLFEJ	com.thomson.pediatrics	READ_PHONE_STATE	INTERNAL	0.6206896551724138
2GDXX2Q45UUK64VVJMN1US8OXAYSAF	2Y18MQU6L5OBBSFGN1O4HIJF7MRDW3	com.trickybanana.sounds.neod	READ_PHONE_STATE	TARGETED_ADS	-0.10526315789473684
2776AUC26DG6NTYCZZRFR0CO0WJ4BL	2LBXKO2L92HESC7LT7POJCF0CVLFEJ	com.triposo.droidguide.amsterdam	ACCESS_FINE_LOCATION	INTERNAL	1.45
21UCVLL3CA332X74M839UQU7E7G9ZM	2Y18MQU6L5OBBSFGN1O4HIJF7MRDW3	com.tvb.tvbfun	ACCESS_FINE_LOCATION	MOBILE_ANALYTICS	-0.1
24ZMVHVKCJ01H0ZM0NY9RQW6IIK751	2Y18MQU6L5OBBSFGN1O4HIJF7MRDW3	com.twentythreedivide.hsw	READ_PHONE_STATE	MOBILE_ANALYTICS	0.05
2M998D8J3VE7C8P8J23GAMCKPKPXH2	2Y18MQU6L5OBBSFGN1O4HIJF7MRDW3	com.uken.android.ageoflegends	READ_PHONE_STATE	INTERNAL	0.3684210526315789
2SST2D5NQYN5VJNFFKWT5MNCD8759A	2Y18MQU6L5OBBSFGN1O4HIJF7MRDW3	com.uken.android.ageoflegends	READ_PHONE_STATE	TARGETED_ADS	0.1
27ZM8JIA0RYNZPZ2FOD0CBMJA4D50Y	2Y18MQU6L5OBBSFGN1O4HIJF7MRDW3	com.uken.android.forcesofwar	READ_PHONE_STATE	INTERNAL	0.9
2RJQP6AUC26DWM4SX1UV7FK0TYG296	2Y18MQU6L5OBBSFGN1O4HIJF7MRDW3	com.uken.android.forcesofwar	READ_PHONE_STATE	TARGETED_ADS	-0.05
2I8P6AUC26DGMNAGT7M0MK0C5UYA34	2Y18MQU6L5OBBSFGN1O4HIJF7MRDW3	com.uken.android.novawars	READ_PHONE_STATE	TARGETED_ADS	-0.2
2QNSW6NG1FS33EKY7261MZSZ2CTJXT	2Y18MQU6L5OBBSFGN1O4HIJF7MRDW3	com.uken.android.novawars	READ_PHONE_STATE	INTERNAL	0.5
2LKJ1LY58B72N2XXCJBHK16YW2RS7N	2Y18MQU6L5OBBSFGN1O4HIJF7MRDW3	com.uken.android.thestreetz	READ_PHONE_STATE	TARGETED_ADS	0.05
2UHKPFE4EGDHT2ZKHC99UZW6YOW8IZ	2Y18MQU6L5OBBSFGN1O4HIJF7MRDW3	com.uken.android.thestreetz	READ_PHONE_STATE	INTERNAL	0.45
2CZVKCJ011K2NKGM5OHWD18NLGQA8W	2Y18MQU6L5OBBSFGN1O4HIJF7MRDW3	com.uken.android.villains	READ_PHONE_STATE	INTERNAL	0.8125
2F4NCWYB49F988PWT5SJVNSTMR0OS8	2Y18MQU6L5OBBSFGN1O4HIJF7MRDW3	com.uken.android.villains	READ_PHONE_STATE	TARGETED_ADS	-0.55
2ZRNZW6HEZ6OUKNB3XZ6GGUMIVCPZE	2LBXKO2L92HESC7LT7POJCF0CVLFEJ	com.v1_4.BBA3CFAB607CAEDBB1025D6C.com	READ_PHONE_STATE	INTERNAL	-0.65
22R2HECWA6X3E49RB43PCKXPASKKL8	2Y18MQU6L5OBBSFGN1O4HIJF7MRDW3	com.visva.paintshop	READ_PHONE_STATE	TARGETED_ADS	-0.35
2FE2GTP9RA7SLCJG2DPSVF700WDQVO	2Y18MQU6L5OBBSFGN1O4HIJF7MRDW3	com.webview.sazucafe	READ_PHONE_STATE	INTERNAL	0.47058823529411764
21RRJ85OZIZEX27PLQFOX5EW67H9XO	2Y18MQU6L5OBBSFGN1O4HIJF7MRDW3	com.westriversw.CatWar	READ_PHONE_STATE	INTERNAL	0.45
2LHMAZHHRRLF6GL2JZIH8KHOQOCMDY	2Y18MQU6L5OBBSFGN1O4HIJF7MRDW3	com.westriversw.CatWar	READ_PHONE_STATE	TARGETED_ADS	0.1111111111111111
2GFR24SMEZZ22YH1JDL8W9Y3P3S2J1	2Y18MQU6L5OBBSFGN1O4HIJF7MRDW3	com.westriversw.MushroomWar	READ_PHONE_STATE	TARGETED_ADS	0.2
2UKAC9KSSZVXDINJ1YLKXOYG4SS2K0	2Y18MQU6L5OBBSFGN1O4HIJF7MRDW3	com.westriversw.MushroomWar	READ_PHONE_STATE	INTERNAL	0.85
2MX3Q0JG5TYM3STD780FGSSSY7XJF2	2Y18MQU6L5OBBSFGN1O4HIJF7MRDW3	com.westriversw.SvsM2	READ_PHONE_STATE	TARGETED_ADS	-0.25
2RHHHRRLFQ0O33S6D5BHV9EG8L3GPY	2Y18MQU6L5OBBSFGN1O4HIJF7MRDW3	com.westriversw.SvsM2	READ_PHONE_STATE	INTERNAL	0.4
2JS1QP6AUC26TW3M95O320FKHMJ815	2Y18MQU6L5OBBSFGN1O4HIJF7MRDW3	com.westriversw.svsm	READ_PHONE_STATE	INTERNAL	0.6842105263157895
2BGT3DHJHP4BTTHV02ZRZX9XJA3V2M	2LBXKO2L92HESC7LT7POJCF0CVLFEJ	com.x3anywhere	CAMERA	INTERNAL	1.0714285714285714
2I2274J79KQWMH520ALXMCD4M78IGO	2Y18MQU6L5OBBSFGN1O4HIJF7MRDW3	com.xfinity.tv	READ_PHONE_STATE	MOBILE_ANALYTICS	-0.1111111111111111
2J4IKMN9U8P9EJ58S0OIASUYZWWTC6	2Y18MQU6L5OBBSFGN1O4HIJF7MRDW3	com.xfinity.tv	READ_PHONE_STATE	INTERNAL	1.25
26R746OQ1SNQ6NNL34W1XKCN8BY4OI	2Y18MQU6L5OBBSFGN1O4HIJF7MRDW3	com.yobonja.blastmonkeysfree	READ_PHONE_STATE	TARGETED_ADS	-0.29411764705882354
2IG7QEOZFYQSHSP8IS6XYDS4Y6BJGI	2LBXKO2L92HESC7LT7POJCF0CVLFEJ	de.eos.uptrade.android.fahrinfo.salzburg	ACCESS_FINE_LOCATION	INTERNAL	1.3846153846153846
29HVXX2Q45UU06LDCR9W8NS84AB9RA	2LBXKO2L92HESC7LT7POJCF0CVLFEJ	de.hyperworx.spreewald	ACCESS_FINE_LOCATION	INTERNAL	1.1724137931034482
2FQE4BLYHVI4K4PHGPL8KNEZ85KU0M	2LBXKO2L92HESC7LT7POJCF0CVLFEJ	de.prog.frog.mekka_ad	ACCESS_FINE_LOCATION	INTERNAL	1.2083333333333333
2BVD8XMB3Q39FG8LQXF604EV93RRG1	2Y18MQU6L5OBBSFGN1O4HIJF7MRDW3	eu.inmite.android.vodafone.vanoce	READ_PHONE_STATE	INTERNAL	0.3333333333333333
2HFULRGNTBJ322AC1JG7U62KYL47TQ	2Y18MQU6L5OBBSFGN1O4HIJF7MRDW3	ez.android.myguns	ACCESS_FINE_LOCATION	TARGETED_ADS	-0.47368421052631576
2VU1PC6SK9RJOLLEE35HTAAP2IZQ2Y	2LBXKO2L92HESC7LT7POJCF0CVLFEJ	fingercms.tw.com.deeplet	RECORD_AUDIO	INTERNAL	0.8275862068965517
2FT49F9SSSHXHHG3JWK5O5F80EJTX7	2Y18MQU6L5OBBSFGN1O4HIJF7MRDW3	game.activity	ACCESS_FINE_LOCATION	TARGETED_ADS	-0.2
2GXYQS1CSTMOVDOSO89C8EYD47FMPC	2Y18MQU6L5OBBSFGN1O4HIJF7MRDW3	game.activity	ACCESS_FINE_LOCATION	MOBILE_ANALYTICS	0.5
2QQJHSTLB3L0VRGOES2JLJRECO0THE	2Y18MQU6L5OBBSFGN1O4HIJF7MRDW3	game.destiniaeng	READ_PHONE_STATE	INTERNAL	0.65
2UQXMB3Q39Z0RMR8KAK4LVSTC1FTI7	2Y18MQU6L5OBBSFGN1O4HIJF7MRDW3	game.destiniaeng	READ_PHONE_STATE	TARGETED_ADS	-0.45
24ZMVHVKCJ01H0ZM0NY9RQW6IIJ750	2Y18MQU6L5OBBSFGN1O4HIJF7MRDW3	goodteamstudio.defence.lite.en	READ_PHONE_STATE	TARGETED_ADS	-0.5789473684210527
2VTDPGFL6VCPCF66JHNIVV1SO2JK5J	2Y18MQU6L5OBBSFGN1O4HIJF7MRDW3	heinrisch.throwa.pandaad	READ_PHONE_STATE	INTERNAL	0.5789473684210527
2C2I62NJQ217IF6OMLXBRLCVVLRNVZ	2Y18MQU6L5OBBSFGN1O4HIJF7MRDW3	it.sunsea.cartonianimati	READ_PHONE_STATE	TARGETED_ADS	-0.7
2MPDZKPFE4EGTXA1Y9C8P9NZDGDG6S	2Y18MQU6L5OBBSFGN1O4HIJF7MRDW3	it.sunsea.cartonianimati	ACCESS_FINE_LOCATION	TARGETED_ADS	-0.55
2Y6VR14IXKO21PZWAGNADX3Y5M8A9L	2Y18MQU6L5OBBSFGN1O4HIJF7MRDW3	itesta.shipcombat	READ_PHONE_STATE	INTERNAL	0.95
20LNAB6BFMFF4EVXP5KJMDGE9MWIVD	2Y18MQU6L5OBBSFGN1O4HIJF7MRDW3	jiangyou4.wallpaper.japan4	ACCESS_FINE_LOCATION	TARGETED_ADS	-0.8666666666666667
28RZJMJUNU8LFMOMWKWRG8D80DRG0R	2Y18MQU6L5OBBSFGN1O4HIJF7MRDW3	jiangyou4.wallpaper.japan4	READ_PHONE_STATE	INTERNAL	0.2
294EZZ2MIKMNPA5452U80WWXZDOO7M	2Y18MQU6L5OBBSFGN1O4HIJF7MRDW3	jiangyou4.wallpaper.japan4	ACCESS_COARSE_LOCATION	TARGETED_ADS	-0.2
29ACXKNQY2RCZ03IVZ53OR0KBS7Q10	2Y18MQU6L5OBBSFGN1O4HIJF7MRDW3	jiangyou4.wallpaper.japan4	READ_PHONE_STATE	MOBILE_ANALYTICS	-0.25
2CZ8MZ9O9Z6KCKW1638HYRLF7ALA1D	2Y18MQU6L5OBBSFGN1O4HIJF7MRDW3	jiangyou4.wallpaper.japan4	ACCESS_FINE_LOCATION	MOBILE_ANALYTICS	-0.16666666666666666
20Y5TYMNCWYBKPCOOWJH411J4HSKOV	2LBXKO2L92HESC7LT7POJCF0CVLFEJ	jp.kmkz.android.wifimap	ACCESS_FINE_LOCATION	INTERNAL	1.4210526315789473
2V99Y8TNKIMZ822ZBLJ2VM0PX5BW9I	2Y18MQU6L5OBBSFGN1O4HIJF7MRDW3	jp.naver.android.artist.ygfamily	READ_PHONE_STATE	INTERNAL	0.55
2DH9RNDWIOV18NP2ZHKG113YTTJVGG	2LBXKO2L92HESC7LT7POJCF0CVLFEJ	meansoft.colorbook.musical.view	ACCESS_FINE_LOCATION	TARGETED_ADS	-1.1071428571428572
2E4B3Q39Z0B6A9LLP85VZTVR0A0KV8	2LBXKO2L92HESC7LT7POJCF0CVLFEJ	meansoft.colorbook.musical.view	ACCESS_COARSE_LOCATION	TARGETED_ADS	-0.5862068965517241
2N970G5R98D8ZJST30JS0NYCWXXCSI	2LBXKO2L92HESC7LT7POJCF0CVLFEJ	meansoft.colorbook.musical.view	READ_PHONE_STATE	TARGETED_ADS	-1.0714285714285714
2Q2QW618N46UDV9S09OCLTND9XQPNG	2Y18MQU6L5OBBSFGN1O4HIJF7MRDW3	mmapps.mirror.free	CAMERA	INTERNAL	1.55
2FKAOO2GMMEG44D5OGD6PAA29OE77F	2Y18MQU6L5OBBSFGN1O4HIJF7MRDW3	mominis.Generic_Android.Katoombaa_Kitchen_Chaos	READ_PHONE_STATE	TARGETED_ADS	-0.2
2WIOHOVR14IX04Z0568EJWA6EDV76H	2Y18MQU6L5OBBSFGN1O4HIJF7MRDW3	net.eclerstudios.thewhipsoundapp	READ_PHONE_STATE	MOBILE_ANALYTICS	-0.2631578947368421
2TEA6X3YOCCFGSMKG1GTPNIIDSGPQ9	2LBXKO2L92HESC7LT7POJCF0CVLFEJ	net.maicas.android.idiotizer	RECORD_AUDIO	INTERNAL	1.1578947368421053
217FE4EGDHDMILINEDEZ36HEGGLKAQ	2Y18MQU6L5OBBSFGN1O4HIJF7MRDW3	net.sjang.sail	ACCESS_FINE_LOCATION	TARGETED_ADS	-0.6666666666666666
2H6NNVRH1KHOPUD67BXN29LKDHTYPE	2Y18MQU6L5OBBSFGN1O4HIJF7MRDW3	net.sjang.sail	GET_ACCOUNTS	INTERNAL	0.0
2IJK274J79KQCMYNJ8XU4FCDLFTFHT	2Y18MQU6L5OBBSFGN1O4HIJF7MRDW3	net.sjang.sail	READ_PHONE_STATE	TARGETED_ADS	-0.15384615384615385
2Z2MN9U8P9Y3O9TBTMUS1YIMHTQEV1	2Y18MQU6L5OBBSFGN1O4HIJF7MRDW3	net.sjang.sail	READ_PHONE_STATE	INTERNAL	0.6428571428571429
20P9KQW618N4MAUU8HV54CET4NOLND	2Y18MQU6L5OBBSFGN1O4HIJF7MRDW3	net.tsunamisoft.fanmusic	READ_PHONE_STATE	TARGETED_ADS	-0.2
2JJO3W5XH0JP58FHG25PSSP7MUHDJL	2Y18MQU6L5OBBSFGN1O4HIJF7MRDW3	net.tsunamisoft.fanmusic	READ_PHONE_STATE	MOBILE_ANALYTICS	-0.7
2OKJENLVWJ5O5RXDRKQ85MWBOOLS0N	2Y18MQU6L5OBBSFGN1O4HIJF7MRDW3	nl.ejsoft.mortalskies2Free	READ_PHONE_STATE	TARGETED_ADS	-0.1
2CUNHMVHVKCJGHYZYBVJE9KQC0D35A	2LBXKO2L92HESC7LT7POJCF0CVLFEJ	nl.tetrakis.instantvoice2mail	RECORD_AUDIO	INTERNAL	1.36
2N9LPHIT3HVWQBHX26EJX217J95BJC	2Y18MQU6L5OBBSFGN1O4HIJF7MRDW3	org.invictus.froggyjumpx	READ_PHONE_STATE	TARGETED_ADS	-0.05
2U425L8I9NZWMXBE2S54XW7TPG4TJJ	2Y18MQU6L5OBBSFGN1O4HIJF7MRDW3	org.invictus.froggyjumpx	READ_PHONE_STATE	INTERNAL	0.85
27IONNVRH1KH4PBVNFY6UV9L0PIOXX	28R0LWSBRI8IARZDQDZJOSTLB921DC	pl.chrsoft.colorballs	READ_PHONE_STATE	TARGETED_ADS	-0.5625
20DCNHMVHVKCZGYGG6Y4Q79K76342D	2Y18MQU6L5OBBSFGN1O4HIJF7MRDW3	pl.redefine.ipla	READ_PHONE_STATE	INTERNAL	0.45
2522JE1M7PKKP1OB2SQAJ04LG7LQXR	2Y18MQU6L5OBBSFGN1O4HIJF7MRDW3	pl.wp.programtv	READ_PHONE_STATE	INTERNAL	0.5789473684210527
2CYULF395SW63WYUO7EYUJBYWBARDQ	2Y18MQU6L5OBBSFGN1O4HIJF7MRDW3	ru.aeradev.games.clumpsball	READ_PHONE_STATE	TARGETED_ADS	-0.2631578947368421
26XE4EGDHDM2L15X5RQWDHEZNYALBO	2Y18MQU6L5OBBSFGN1O4HIJF7MRDW3	semsix.fingerprintlovetest	READ_PHONE_STATE	INTERNAL	0.6
29D7WGKCCVLLJS7IZQ8AWQ4CQXLU4K	2Y18MQU6L5OBBSFGN1O4HIJF7MRDW3	smartteam.fishingmaster.lite.en	READ_PHONE_STATE	TARGETED_ADS	-0.25
2IKA1QP6AUC2MTDL3HSXAV0F1A870F	2Y18MQU6L5OBBSFGN1O4HIJF7MRDW3	sts.dl	READ_PHONE_STATE	TARGETED_ADS	-0.21052631578947367
2SKYU98JHSTLRJIFBFA9POBJVTNDPL	2Y18MQU6L5OBBSFGN1O4HIJF7MRDW3	talking.toy.teddy.bear	READ_PHONE_STATE	TARGETED_ADS	0.10526315789473684
2162L92HECWAMD0DKG3F7CP517LIHN	2Y18MQU6L5OBBSFGN1O4HIJF7MRDW3	vdm.activities	READ_PHONE_STATE	INTERNAL	0.4666666666666667
