"hitid"	"hittypeid"	"title"	"description"	"keywords"	"reward"	"creationtime"	"assignments"	"numavailable"	"numpending"	"numcomplete"	"hitstatus"	"reviewstatus"	"annotation"	"assignmentduration"	"autoapprovaldelay"	"hitlifetime"	"viewhit"	"assignmentid"	"workerid"	"assignmentstatus"	"autoapprovaltime"	"assignmentaccepttime"	"assignmentsubmittime"	"assignmentapprovaltime"	"assignmentrejecttime"	"deadline"	"feedback"	"reject"	"Answer.packageName"	"Answer.permissionType"	"Answer.purposeType"	"Answer.permissionText"	"Answer.purposeText"	"Answer.Q1categoryQuestion"	"Answer.Q1realCategry"	"Answer.Q2comfortQuestion"	"Answer.Q2comment"
"3SNR5F7R92THZKJ8JHNJFXFV1OMIEG"	"3ISL4H6O6HKMSD7DGIM4AP7LHJKCID"	"Tell us what do you think about a mobile app and Earn $0.1 in 1 minute"	"Please look at this mobile app and give us feedback by answering the following questions. Each HIT is unique in some ways, please read the questions carefully. You can complete as many HITs as you want. "	"mobile, app, review"	"$0.10"	"Sun Apr 06 12:57:34 EDT 2014"	"20"	"0"	"0"	"0"	"Reviewable"	"NotReviewed"	"261"	"900"	"604800"	"Sun Apr 20 12:57:34 EDT 2014"	"https://requester.mturk.com/mturk/manageHIT?HITId=3SNR5F7R92THZKJ8JHNJFXFV1OMIEG"	"3HVVDCPGTES81NE43W3IPR43HPPYTJ"	"A2BLIB4GCCK3J5"	"Submitted"	"Sun Apr 13 12:59:57 EDT 2014"	"Sun Apr 06 12:59:47 EDT 2014"	"Sun Apr 06 12:59:57 EDT 2014"	""	""	""	""	""	"com.google.android.maps.mytracks"	"READ_PHONE_STATE"	"INTERNAL"	"reads phone current state information like signal, carrier, device ID and phone number"	"to log system information when app is running for analytics or development purpose"	"APPLICATION"	"APPLICATION"	"-1"	""
"3SNR5F7R92THZKJ8JHNJFXFV1OMIEG"	"3ISL4H6O6HKMSD7DGIM4AP7LHJKCID"	"Tell us what do you think about a mobile app and Earn $0.1 in 1 minute"	"Please look at this mobile app and give us feedback by answering the following questions. Each HIT is unique in some ways, please read the questions carefully. You can complete as many HITs as you want. "	"mobile, app, review"	"$0.10"	"Sun Apr 06 12:57:34 EDT 2014"	"20"	"0"	"0"	"0"	"Reviewable"	"NotReviewed"	"261"	"900"	"604800"	"Sun Apr 20 12:57:34 EDT 2014"	"https://requester.mturk.com/mturk/manageHIT?HITId=3SNR5F7R92THZKJ8JHNJFXFV1OMIEG"	"3ZAK8W07I4EQ45X8VTIJ2VWLOQK0UE"	"A2N701P8CHDKTT"	"Submitted"	"Sun Apr 13 13:13:49 EDT 2014"	"Sun Apr 06 13:13:12 EDT 2014"	"Sun Apr 06 13:13:49 EDT 2014"	""	""	""	""	""	"com.google.android.maps.mytracks"	"READ_PHONE_STATE"	"INTERNAL"	"reads phone current state information like signal, carrier, device ID and phone number"	"to log system information when app is running for analytics or development purpose"	"APPLICATION"	"APPLICATION"	"2"	"Would need that info for the app to work properly. "
"3SNR5F7R92THZKJ8JHNJFXFV1OMIEG"	"3ISL4H6O6HKMSD7DGIM4AP7LHJKCID"	"Tell us what do you think about a mobile app and Earn $0.1 in 1 minute"	"Please look at this mobile app and give us feedback by answering the following questions. Each HIT is unique in some ways, please read the questions carefully. You can complete as many HITs as you want. "	"mobile, app, review"	"$0.10"	"Sun Apr 06 12:57:34 EDT 2014"	"20"	"0"	"0"	"0"	"Reviewable"	"NotReviewed"	"261"	"900"	"604800"	"Sun Apr 20 12:57:34 EDT 2014"	"https://requester.mturk.com/mturk/manageHIT?HITId=3SNR5F7R92THZKJ8JHNJFXFV1OMIEG"	"3IOEN3P9S7J59JSPVUOG0U1FQW861L"	"A167HNWLG22UFD"	"Submitted"	"Sun Apr 13 13:20:07 EDT 2014"	"Sun Apr 06 13:14:29 EDT 2014"	"Sun Apr 06 13:20:07 EDT 2014"	""	""	""	""	""	"com.google.android.maps.mytracks"	"READ_PHONE_STATE"	"INTERNAL"	"reads phone current state information like signal, carrier, device ID and phone number"	"to log system information when app is running for analytics or development purpose"	"APPLICATION"	"APPLICATION"	"-1"	""
"3SNR5F7R92THZKJ8JHNJFXFV1OMIEG"	"3ISL4H6O6HKMSD7DGIM4AP7LHJKCID"	"Tell us what do you think about a mobile app and Earn $0.1 in 1 minute"	"Please look at this mobile app and give us feedback by answering the following questions. Each HIT is unique in some ways, please read the questions carefully. You can complete as many HITs as you want. "	"mobile, app, review"	"$0.10"	"Sun Apr 06 12:57:34 EDT 2014"	"20"	"0"	"0"	"0"	"Reviewable"	"NotReviewed"	"261"	"900"	"604800"	"Sun Apr 20 12:57:34 EDT 2014"	"https://requester.mturk.com/mturk/manageHIT?HITId=3SNR5F7R92THZKJ8JHNJFXFV1OMIEG"	"3TDXMTX3CBUG9PON319MSTI17YKI6Q"	"A340DZFTU1OSQQ"	"Submitted"	"Sun Apr 13 13:20:33 EDT 2014"	"Sun Apr 06 13:16:24 EDT 2014"	"Sun Apr 06 13:20:33 EDT 2014"	""	""	""	""	""	"com.google.android.maps.mytracks"	"READ_PHONE_STATE"	"INTERNAL"	"reads phone current state information like signal, carrier, device ID and phone number"	"to log system information when app is running for analytics or development purpose"	"APPLICATION"	"APPLICATION"	"1"	""
"3SNR5F7R92THZKJ8JHNJFXFV1OMIEG"	"3ISL4H6O6HKMSD7DGIM4AP7LHJKCID"	"Tell us what do you think about a mobile app and Earn $0.1 in 1 minute"	"Please look at this mobile app and give us feedback by answering the following questions. Each HIT is unique in some ways, please read the questions carefully. You can complete as many HITs as you want. "	"mobile, app, review"	"$0.10"	"Sun Apr 06 12:57:34 EDT 2014"	"20"	"0"	"0"	"0"	"Reviewable"	"NotReviewed"	"261"	"900"	"604800"	"Sun Apr 20 12:57:34 EDT 2014"	"https://requester.mturk.com/mturk/manageHIT?HITId=3SNR5F7R92THZKJ8JHNJFXFV1OMIEG"	"36H9ULYP62U8NT14MCXQY0AEDCDJF7"	"A4J4GGMKJ68L0"	"Submitted"	"Sun Apr 13 13:28:36 EDT 2014"	"Sun Apr 06 13:25:46 EDT 2014"	"Sun Apr 06 13:28:36 EDT 2014"	""	""	""	""	""	"com.google.android.maps.mytracks"	"READ_PHONE_STATE"	"INTERNAL"	"reads phone current state information like signal, carrier, device ID and phone number"	"to log system information when app is running for analytics or development purpose"	"APPLICATION"	"APPLICATION"	"-2"	""
"3SNR5F7R92THZKJ8JHNJFXFV1OMIEG"	"3ISL4H6O6HKMSD7DGIM4AP7LHJKCID"	"Tell us what do you think about a mobile app and Earn $0.1 in 1 minute"	"Please look at this mobile app and give us feedback by answering the following questions. Each HIT is unique in some ways, please read the questions carefully. You can complete as many HITs as you want. "	"mobile, app, review"	"$0.10"	"Sun Apr 06 12:57:34 EDT 2014"	"20"	"0"	"0"	"0"	"Reviewable"	"NotReviewed"	"261"	"900"	"604800"	"Sun Apr 20 12:57:34 EDT 2014"	"https://requester.mturk.com/mturk/manageHIT?HITId=3SNR5F7R92THZKJ8JHNJFXFV1OMIEG"	"308Q0PEVB8D3R8QL18CYC393XZWI95"	"A1IA4CST74I1Q8"	"Submitted"	"Sun Apr 13 13:48:06 EDT 2014"	"Sun Apr 06 13:47:32 EDT 2014"	"Sun Apr 06 13:48:06 EDT 2014"	""	""	""	""	""	"com.google.android.maps.mytracks"	"READ_PHONE_STATE"	"INTERNAL"	"reads phone current state information like signal, carrier, device ID and phone number"	"to log system information when app is running for analytics or development purpose"	"APPLICATION"	"APPLICATION"	"-2"	""
"3SNR5F7R92THZKJ8JHNJFXFV1OMIEG"	"3ISL4H6O6HKMSD7DGIM4AP7LHJKCID"	"Tell us what do you think about a mobile app and Earn $0.1 in 1 minute"	"Please look at this mobile app and give us feedback by answering the following questions. Each HIT is unique in some ways, please read the questions carefully. You can complete as many HITs as you want. "	"mobile, app, review"	"$0.10"	"Sun Apr 06 12:57:34 EDT 2014"	"20"	"0"	"0"	"0"	"Reviewable"	"NotReviewed"	"261"	"900"	"604800"	"Sun Apr 20 12:57:34 EDT 2014"	"https://requester.mturk.com/mturk/manageHIT?HITId=3SNR5F7R92THZKJ8JHNJFXFV1OMIEG"	"34J10VATJFY9J777IANKYYZS7Z1IQS"	"A3G00Q5JV2BE5G"	"Submitted"	"Sun Apr 13 13:51:18 EDT 2014"	"Sun Apr 06 13:47:55 EDT 2014"	"Sun Apr 06 13:51:18 EDT 2014"	""	""	""	""	""	"com.google.android.maps.mytracks"	"READ_PHONE_STATE"	"INTERNAL"	"reads phone current state information like signal, carrier, device ID and phone number"	"to log system information when app is running for analytics or development purpose"	"APPLICATION"	"APPLICATION"	"1"	""
"3SNR5F7R92THZKJ8JHNJFXFV1OMIEG"	"3ISL4H6O6HKMSD7DGIM4AP7LHJKCID"	"Tell us what do you think about a mobile app and Earn $0.1 in 1 minute"	"Please look at this mobile app and give us feedback by answering the following questions. Each HIT is unique in some ways, please read the questions carefully. You can complete as many HITs as you want. "	"mobile, app, review"	"$0.10"	"Sun Apr 06 12:57:34 EDT 2014"	"20"	"0"	"0"	"0"	"Reviewable"	"NotReviewed"	"261"	"900"	"604800"	"Sun Apr 20 12:57:34 EDT 2014"	"https://requester.mturk.com/mturk/manageHIT?HITId=3SNR5F7R92THZKJ8JHNJFXFV1OMIEG"	"3BC8WZX3V3WMO7PQLC6THGAOQHORR8"	"A646R8SV0S04Y"	"Submitted"	"Sun Apr 13 14:05:00 EDT 2014"	"Sun Apr 06 14:04:37 EDT 2014"	"Sun Apr 06 14:05:00 EDT 2014"	""	""	""	""	""	"com.google.android.maps.mytracks"	"READ_PHONE_STATE"	"INTERNAL"	"reads phone current state information like signal, carrier, device ID and phone number"	"to log system information when app is running for analytics or development purpose"	"APPLICATION"	"APPLICATION"	"-1"	""
"3SNR5F7R92THZKJ8JHNJFXFV1OMIEG"	"3ISL4H6O6HKMSD7DGIM4AP7LHJKCID"	"Tell us what do you think about a mobile app and Earn $0.1 in 1 minute"	"Please look at this mobile app and give us feedback by answering the following questions. Each HIT is unique in some ways, please read the questions carefully. You can complete as many HITs as you want. "	"mobile, app, review"	"$0.10"	"Sun Apr 06 12:57:34 EDT 2014"	"20"	"0"	"0"	"0"	"Reviewable"	"NotReviewed"	"261"	"900"	"604800"	"Sun Apr 20 12:57:34 EDT 2014"	"https://requester.mturk.com/mturk/manageHIT?HITId=3SNR5F7R92THZKJ8JHNJFXFV1OMIEG"	"3B2X28YI3WF6MHAHXRH566EOC8BB6L"	"AKLV0WIZZ356X"	"Submitted"	"Sun Apr 13 14:28:29 EDT 2014"	"Sun Apr 06 14:27:54 EDT 2014"	"Sun Apr 06 14:28:29 EDT 2014"	""	""	""	""	""	"com.google.android.maps.mytracks"	"READ_PHONE_STATE"	"INTERNAL"	"reads phone current state information like signal, carrier, device ID and phone number"	"to log system information when app is running for analytics or development purpose"	"APPLICATION"	"APPLICATION"	"1"	""
"3SNR5F7R92THZKJ8JHNJFXFV1OMIEG"	"3ISL4H6O6HKMSD7DGIM4AP7LHJKCID"	"Tell us what do you think about a mobile app and Earn $0.1 in 1 minute"	"Please look at this mobile app and give us feedback by answering the following questions. Each HIT is unique in some ways, please read the questions carefully. You can complete as many HITs as you want. "	"mobile, app, review"	"$0.10"	"Sun Apr 06 12:57:34 EDT 2014"	"20"	"0"	"0"	"0"	"Reviewable"	"NotReviewed"	"261"	"900"	"604800"	"Sun Apr 20 12:57:34 EDT 2014"	"https://requester.mturk.com/mturk/manageHIT?HITId=3SNR5F7R92THZKJ8JHNJFXFV1OMIEG"	"3UJ1CZ6IZHP9KZR53UTV4PAOK1N5S1"	"A3HLCR4YCHJWBI"	"Submitted"	"Sun Apr 13 14:35:59 EDT 2014"	"Sun Apr 06 14:35:28 EDT 2014"	"Sun Apr 06 14:35:59 EDT 2014"	""	""	""	""	""	"com.google.android.maps.mytracks"	"READ_PHONE_STATE"	"INTERNAL"	"reads phone current state information like signal, carrier, device ID and phone number"	"to log system information when app is running for analytics or development purpose"	"APPLICATION"	"APPLICATION"	"1"	"Interesting GPS"
"3SNR5F7R92THZKJ8JHNJFXFV1OMIEG"	"3ISL4H6O6HKMSD7DGIM4AP7LHJKCID"	"Tell us what do you think about a mobile app and Earn $0.1 in 1 minute"	"Please look at this mobile app and give us feedback by answering the following questions. Each HIT is unique in some ways, please read the questions carefully. You can complete as many HITs as you want. "	"mobile, app, review"	"$0.10"	"Sun Apr 06 12:57:34 EDT 2014"	"20"	"0"	"0"	"0"	"Reviewable"	"NotReviewed"	"261"	"900"	"604800"	"Sun Apr 20 12:57:34 EDT 2014"	"https://requester.mturk.com/mturk/manageHIT?HITId=3SNR5F7R92THZKJ8JHNJFXFV1OMIEG"	"3IGI0VL647KYCW5I0D88E109EXJNOB"	"AVX3SWFMBEPMZ"	"Submitted"	"Sun Apr 13 14:36:30 EDT 2014"	"Sun Apr 06 14:36:22 EDT 2014"	"Sun Apr 06 14:36:30 EDT 2014"	""	""	""	""	""	"com.google.android.maps.mytracks"	"READ_PHONE_STATE"	"INTERNAL"	"reads phone current state information like signal, carrier, device ID and phone number"	"to log system information when app is running for analytics or development purpose"	"APPLICATION"	"APPLICATION"	"-1"	""
"3SNR5F7R92THZKJ8JHNJFXFV1OMIEG"	"3ISL4H6O6HKMSD7DGIM4AP7LHJKCID"	"Tell us what do you think about a mobile app and Earn $0.1 in 1 minute"	"Please look at this mobile app and give us feedback by answering the following questions. Each HIT is unique in some ways, please read the questions carefully. You can complete as many HITs as you want. "	"mobile, app, review"	"$0.10"	"Sun Apr 06 12:57:34 EDT 2014"	"20"	"0"	"0"	"0"	"Reviewable"	"NotReviewed"	"261"	"900"	"604800"	"Sun Apr 20 12:57:34 EDT 2014"	"https://requester.mturk.com/mturk/manageHIT?HITId=3SNR5F7R92THZKJ8JHNJFXFV1OMIEG"	"3YJ6NA41JBGKE6QY0FTVAUOIFIBPJR"	"A21753FQKCM5DQ"	"Submitted"	"Sun Apr 13 14:40:47 EDT 2014"	"Sun Apr 06 14:40:32 EDT 2014"	"Sun Apr 06 14:40:47 EDT 2014"	""	""	""	""	""	"com.google.android.maps.mytracks"	"READ_PHONE_STATE"	"INTERNAL"	"reads phone current state information like signal, carrier, device ID and phone number"	"to log system information when app is running for analytics or development purpose"	"APPLICATION"	"APPLICATION"	"-1"	"This feature would not be necessary to ensure the app is running effectively. "
"3SNR5F7R92THZKJ8JHNJFXFV1OMIEG"	"3ISL4H6O6HKMSD7DGIM4AP7LHJKCID"	"Tell us what do you think about a mobile app and Earn $0.1 in 1 minute"	"Please look at this mobile app and give us feedback by answering the following questions. Each HIT is unique in some ways, please read the questions carefully. You can complete as many HITs as you want. "	"mobile, app, review"	"$0.10"	"Sun Apr 06 12:57:34 EDT 2014"	"20"	"0"	"0"	"0"	"Reviewable"	"NotReviewed"	"261"	"900"	"604800"	"Sun Apr 20 12:57:34 EDT 2014"	"https://requester.mturk.com/mturk/manageHIT?HITId=3SNR5F7R92THZKJ8JHNJFXFV1OMIEG"	"3S06PH7KSR44US745HWU60B77I8D1X"	"ARJCTIBIT3OJ8"	"Submitted"	"Sun Apr 13 14:44:11 EDT 2014"	"Sun Apr 06 14:42:47 EDT 2014"	"Sun Apr 06 14:44:11 EDT 2014"	""	""	""	""	""	"com.google.android.maps.mytracks"	"READ_PHONE_STATE"	"INTERNAL"	"reads phone current state information like signal, carrier, device ID and phone number"	"to log system information when app is running for analytics or development purpose"	"APPLICATION"	"APPLICATION"	"-2"	""
"3SNR5F7R92THZKJ8JHNJFXFV1OMIEG"	"3ISL4H6O6HKMSD7DGIM4AP7LHJKCID"	"Tell us what do you think about a mobile app and Earn $0.1 in 1 minute"	"Please look at this mobile app and give us feedback by answering the following questions. Each HIT is unique in some ways, please read the questions carefully. You can complete as many HITs as you want. "	"mobile, app, review"	"$0.10"	"Sun Apr 06 12:57:34 EDT 2014"	"20"	"0"	"0"	"0"	"Reviewable"	"NotReviewed"	"261"	"900"	"604800"	"Sun Apr 20 12:57:34 EDT 2014"	"https://requester.mturk.com/mturk/manageHIT?HITId=3SNR5F7R92THZKJ8JHNJFXFV1OMIEG"	"3EO896NRAWVI6YJ5HW2FF4PF4LYJTS"	"A166A2M31CW2C7"	"Submitted"	"Sun Apr 13 14:52:49 EDT 2014"	"Sun Apr 06 14:52:20 EDT 2014"	"Sun Apr 06 14:52:49 EDT 2014"	""	""	""	""	""	"com.google.android.maps.mytracks"	"READ_PHONE_STATE"	"INTERNAL"	"reads phone current state information like signal, carrier, device ID and phone number"	"to log system information when app is running for analytics or development purpose"	"APPLICATION"	"APPLICATION"	"2"	""
"3SNR5F7R92THZKJ8JHNJFXFV1OMIEG"	"3ISL4H6O6HKMSD7DGIM4AP7LHJKCID"	"Tell us what do you think about a mobile app and Earn $0.1 in 1 minute"	"Please look at this mobile app and give us feedback by answering the following questions. Each HIT is unique in some ways, please read the questions carefully. You can complete as many HITs as you want. "	"mobile, app, review"	"$0.10"	"Sun Apr 06 12:57:34 EDT 2014"	"20"	"0"	"0"	"0"	"Reviewable"	"NotReviewed"	"261"	"900"	"604800"	"Sun Apr 20 12:57:34 EDT 2014"	"https://requester.mturk.com/mturk/manageHIT?HITId=3SNR5F7R92THZKJ8JHNJFXFV1OMIEG"	"3WEV0KO0OMS4OC6YI0BE21YGXIMDSI"	"A3GK90X2QOFR53"	"Submitted"	"Sun Apr 13 14:53:27 EDT 2014"	"Sun Apr 06 14:53:03 EDT 2014"	"Sun Apr 06 14:53:27 EDT 2014"	""	""	""	""	""	"com.google.android.maps.mytracks"	"READ_PHONE_STATE"	"INTERNAL"	"reads phone current state information like signal, carrier, device ID and phone number"	"to log system information when app is running for analytics or development purpose"	"APPLICATION"	"APPLICATION"	"-1"	""
"3SNR5F7R92THZKJ8JHNJFXFV1OMIEG"	"3ISL4H6O6HKMSD7DGIM4AP7LHJKCID"	"Tell us what do you think about a mobile app and Earn $0.1 in 1 minute"	"Please look at this mobile app and give us feedback by answering the following questions. Each HIT is unique in some ways, please read the questions carefully. You can complete as many HITs as you want. "	"mobile, app, review"	"$0.10"	"Sun Apr 06 12:57:34 EDT 2014"	"20"	"0"	"0"	"0"	"Reviewable"	"NotReviewed"	"261"	"900"	"604800"	"Sun Apr 20 12:57:34 EDT 2014"	"https://requester.mturk.com/mturk/manageHIT?HITId=3SNR5F7R92THZKJ8JHNJFXFV1OMIEG"	"3TE3O8573085KN856MRSG82GEPF2RB"	"A2VWG0L5JHOBWN"	"Submitted"	"Sun Apr 13 14:57:35 EDT 2014"	"Sun Apr 06 14:56:54 EDT 2014"	"Sun Apr 06 14:57:35 EDT 2014"	""	""	""	""	""	"com.google.android.maps.mytracks"	"READ_PHONE_STATE"	"INTERNAL"	"reads phone current state information like signal, carrier, device ID and phone number"	"to log system information when app is running for analytics or development purpose"	"APPLICATION"	"APPLICATION"	"1"	""
"3SNR5F7R92THZKJ8JHNJFXFV1OMIEG"	"3ISL4H6O6HKMSD7DGIM4AP7LHJKCID"	"Tell us what do you think about a mobile app and Earn $0.1 in 1 minute"	"Please look at this mobile app and give us feedback by answering the following questions. Each HIT is unique in some ways, please read the questions carefully. You can complete as many HITs as you want. "	"mobile, app, review"	"$0.10"	"Sun Apr 06 12:57:34 EDT 2014"	"20"	"0"	"0"	"0"	"Reviewable"	"NotReviewed"	"261"	"900"	"604800"	"Sun Apr 20 12:57:34 EDT 2014"	"https://requester.mturk.com/mturk/manageHIT?HITId=3SNR5F7R92THZKJ8JHNJFXFV1OMIEG"	"3HSYG7LRBJYEEZZ058OZFS2W0X8KKN"	"A9QYAH5BONH1W"	"Submitted"	"Sun Apr 13 15:00:42 EDT 2014"	"Sun Apr 06 15:00:36 EDT 2014"	"Sun Apr 06 15:00:42 EDT 2014"	""	""	""	""	""	"com.google.android.maps.mytracks"	"READ_PHONE_STATE"	"INTERNAL"	"reads phone current state information like signal, carrier, device ID and phone number"	"to log system information when app is running for analytics or development purpose"	"APPLICATION"	"APPLICATION"	"-2"	""
"3SNR5F7R92THZKJ8JHNJFXFV1OMIEG"	"3ISL4H6O6HKMSD7DGIM4AP7LHJKCID"	"Tell us what do you think about a mobile app and Earn $0.1 in 1 minute"	"Please look at this mobile app and give us feedback by answering the following questions. Each HIT is unique in some ways, please read the questions carefully. You can complete as many HITs as you want. "	"mobile, app, review"	"$0.10"	"Sun Apr 06 12:57:34 EDT 2014"	"20"	"0"	"0"	"0"	"Reviewable"	"NotReviewed"	"261"	"900"	"604800"	"Sun Apr 20 12:57:34 EDT 2014"	"https://requester.mturk.com/mturk/manageHIT?HITId=3SNR5F7R92THZKJ8JHNJFXFV1OMIEG"	"3RANCT1ZVFHROS0IT9F8MCS4FUZBUT"	"A73ITJ4GZGQBI"	"Submitted"	"Sun Apr 13 15:10:03 EDT 2014"	"Sun Apr 06 15:09:32 EDT 2014"	"Sun Apr 06 15:10:03 EDT 2014"	""	""	""	""	""	"com.google.android.maps.mytracks"	"READ_PHONE_STATE"	"INTERNAL"	"reads phone current state information like signal, carrier, device ID and phone number"	"to log system information when app is running for analytics or development purpose"	"APPLICATION"	"APPLICATION"	"-1"	""
"3SNR5F7R92THZKJ8JHNJFXFV1OMIEG"	"3ISL4H6O6HKMSD7DGIM4AP7LHJKCID"	"Tell us what do you think about a mobile app and Earn $0.1 in 1 minute"	"Please look at this mobile app and give us feedback by answering the following questions. Each HIT is unique in some ways, please read the questions carefully. You can complete as many HITs as you want. "	"mobile, app, review"	"$0.10"	"Sun Apr 06 12:57:34 EDT 2014"	"20"	"0"	"0"	"0"	"Reviewable"	"NotReviewed"	"261"	"900"	"604800"	"Sun Apr 20 12:57:34 EDT 2014"	"https://requester.mturk.com/mturk/manageHIT?HITId=3SNR5F7R92THZKJ8JHNJFXFV1OMIEG"	"31LVTDXBL7ABL9UDGS9XV41PKP8RLR"	"A2QD7QFGCUNF5N"	"Submitted"	"Sun Apr 13 15:10:37 EDT 2014"	"Sun Apr 06 15:10:30 EDT 2014"	"Sun Apr 06 15:10:37 EDT 2014"	""	""	""	""	""	"com.google.android.maps.mytracks"	"READ_PHONE_STATE"	"INTERNAL"	"reads phone current state information like signal, carrier, device ID and phone number"	"to log system information when app is running for analytics or development purpose"	"APPLICATION"	"APPLICATION"	"-1"	""
"3SNR5F7R92THZKJ8JHNJFXFV1OMIEG"	"3ISL4H6O6HKMSD7DGIM4AP7LHJKCID"	"Tell us what do you think about a mobile app and Earn $0.1 in 1 minute"	"Please look at this mobile app and give us feedback by answering the following questions. Each HIT is unique in some ways, please read the questions carefully. You can complete as many HITs as you want. "	"mobile, app, review"	"$0.10"	"Sun Apr 06 12:57:34 EDT 2014"	"20"	"0"	"0"	"0"	"Reviewable"	"NotReviewed"	"261"	"900"	"604800"	"Sun Apr 20 12:57:34 EDT 2014"	"https://requester.mturk.com/mturk/manageHIT?HITId=3SNR5F7R92THZKJ8JHNJFXFV1OMIEG"	"3O6CYIULED1JCVYTO0B49Q5PPVGWUT"	"ADJ9I7ZBFYFH7"	"Submitted"	"Sun Apr 13 15:20:27 EDT 2014"	"Sun Apr 06 15:09:51 EDT 2014"	"Sun Apr 06 15:20:27 EDT 2014"	""	""	""	""	""	"com.google.android.maps.mytracks"	"READ_PHONE_STATE"	"INTERNAL"	"reads phone current state information like signal, carrier, device ID and phone number"	"to log system information when app is running for analytics or development purpose"	"APPLICATION"	"APPLICATION"	"2"	""
"375VMB7D4JJC7E58NMCZ9FXA1CLIDN"	"3ISL4H6O6HKMSD7DGIM4AP7LHJKCID"	"Tell us what do you think about a mobile app and Earn $0.1 in 1 minute"	"Please look at this mobile app and give us feedback by answering the following questions. Each HIT is unique in some ways, please read the questions carefully. You can complete as many HITs as you want. "	"mobile, app, review"	"$0.10"	"Sun Apr 06 12:57:34 EDT 2014"	"20"	"0"	"0"	"0"	"Reviewable"	"NotReviewed"	"262"	"900"	"604800"	"Sun Apr 20 12:57:34 EDT 2014"	"https://requester.mturk.com/mturk/manageHIT?HITId=375VMB7D4JJC7E58NMCZ9FXA1CLIDN"	"3ATPCQ38J8A3MRFVXWC1UMEBT04AYA"	"A2BLIB4GCCK3J5"	"Submitted"	"Sun Apr 13 12:58:59 EDT 2014"	"Sun Apr 06 12:58:30 EDT 2014"	"Sun Apr 06 12:58:59 EDT 2014"	""	""	""	""	""	"com.google.android.maps.mytracks"	"GET_ACCOUNTS"	"INTERNAL"	"uses user's accounts information stored on the phone"	"to login the app with Google accounts"	"APPLICATION"	"APPLICATION"	"-1"	""
"375VMB7D4JJC7E58NMCZ9FXA1CLIDN"	"3ISL4H6O6HKMSD7DGIM4AP7LHJKCID"	"Tell us what do you think about a mobile app and Earn $0.1 in 1 minute"	"Please look at this mobile app and give us feedback by answering the following questions. Each HIT is unique in some ways, please read the questions carefully. You can complete as many HITs as you want. "	"mobile, app, review"	"$0.10"	"Sun Apr 06 12:57:34 EDT 2014"	"20"	"0"	"0"	"0"	"Reviewable"	"NotReviewed"	"262"	"900"	"604800"	"Sun Apr 20 12:57:34 EDT 2014"	"https://requester.mturk.com/mturk/manageHIT?HITId=375VMB7D4JJC7E58NMCZ9FXA1CLIDN"	"3I33IC7ZWF2DL6MO4B56LID6ELBA2V"	"A4J4GGMKJ68L0"	"Submitted"	"Sun Apr 13 13:09:53 EDT 2014"	"Sun Apr 06 13:05:46 EDT 2014"	"Sun Apr 06 13:09:53 EDT 2014"	""	""	""	""	""	"com.google.android.maps.mytracks"	"GET_ACCOUNTS"	"INTERNAL"	"uses user's accounts information stored on the phone"	"to login the app with Google accounts"	"APPLICATION"	"APPLICATION"	"2"	""
"375VMB7D4JJC7E58NMCZ9FXA1CLIDN"	"3ISL4H6O6HKMSD7DGIM4AP7LHJKCID"	"Tell us what do you think about a mobile app and Earn $0.1 in 1 minute"	"Please look at this mobile app and give us feedback by answering the following questions. Each HIT is unique in some ways, please read the questions carefully. You can complete as many HITs as you want. "	"mobile, app, review"	"$0.10"	"Sun Apr 06 12:57:34 EDT 2014"	"20"	"0"	"0"	"0"	"Reviewable"	"NotReviewed"	"262"	"900"	"604800"	"Sun Apr 20 12:57:34 EDT 2014"	"https://requester.mturk.com/mturk/manageHIT?HITId=375VMB7D4JJC7E58NMCZ9FXA1CLIDN"	"3HOSI13XHZOYMNNGLAGP72CGWFXDD9"	"A167HNWLG22UFD"	"Submitted"	"Sun Apr 13 13:12:50 EDT 2014"	"Sun Apr 06 13:07:35 EDT 2014"	"Sun Apr 06 13:12:50 EDT 2014"	""	""	""	""	""	"com.google.android.maps.mytracks"	"GET_ACCOUNTS"	"INTERNAL"	"uses user's accounts information stored on the phone"	"to login the app with Google accounts"	"APPLICATION"	"APPLICATION"	"-1"	""
"375VMB7D4JJC7E58NMCZ9FXA1CLIDN"	"3ISL4H6O6HKMSD7DGIM4AP7LHJKCID"	"Tell us what do you think about a mobile app and Earn $0.1 in 1 minute"	"Please look at this mobile app and give us feedback by answering the following questions. Each HIT is unique in some ways, please read the questions carefully. You can complete as many HITs as you want. "	"mobile, app, review"	"$0.10"	"Sun Apr 06 12:57:34 EDT 2014"	"20"	"0"	"0"	"0"	"Reviewable"	"NotReviewed"	"262"	"900"	"604800"	"Sun Apr 20 12:57:34 EDT 2014"	"https://requester.mturk.com/mturk/manageHIT?HITId=375VMB7D4JJC7E58NMCZ9FXA1CLIDN"	"3R2PKQ87NW8IYS9FQHG3HPFNXYXMI2"	"A340DZFTU1OSQQ"	"Submitted"	"Sun Apr 13 13:12:57 EDT 2014"	"Sun Apr 06 13:10:48 EDT 2014"	"Sun Apr 06 13:12:57 EDT 2014"	""	""	""	""	""	"com.google.android.maps.mytracks"	"GET_ACCOUNTS"	"INTERNAL"	"uses user's accounts information stored on the phone"	"to login the app with Google accounts"	"APPLICATION"	"APPLICATION"	"1"	""
"375VMB7D4JJC7E58NMCZ9FXA1CLIDN"	"3ISL4H6O6HKMSD7DGIM4AP7LHJKCID"	"Tell us what do you think about a mobile app and Earn $0.1 in 1 minute"	"Please look at this mobile app and give us feedback by answering the following questions. Each HIT is unique in some ways, please read the questions carefully. You can complete as many HITs as you want. "	"mobile, app, review"	"$0.10"	"Sun Apr 06 12:57:34 EDT 2014"	"20"	"0"	"0"	"0"	"Reviewable"	"NotReviewed"	"262"	"900"	"604800"	"Sun Apr 20 12:57:34 EDT 2014"	"https://requester.mturk.com/mturk/manageHIT?HITId=375VMB7D4JJC7E58NMCZ9FXA1CLIDN"	"3DQQ64TANGL6KQQX7ECAZKIQHE6PW8"	"A2QD7QFGCUNF5N"	"Submitted"	"Sun Apr 13 13:13:37 EDT 2014"	"Sun Apr 06 13:13:25 EDT 2014"	"Sun Apr 06 13:13:37 EDT 2014"	""	""	""	""	""	"com.google.android.maps.mytracks"	"GET_ACCOUNTS"	"INTERNAL"	"uses user's accounts information stored on the phone"	"to login the app with Google accounts"	"APPLICATION"	"APPLICATION"	"-1"	""
"375VMB7D4JJC7E58NMCZ9FXA1CLIDN"	"3ISL4H6O6HKMSD7DGIM4AP7LHJKCID"	"Tell us what do you think about a mobile app and Earn $0.1 in 1 minute"	"Please look at this mobile app and give us feedback by answering the following questions. Each HIT is unique in some ways, please read the questions carefully. You can complete as many HITs as you want. "	"mobile, app, review"	"$0.10"	"Sun Apr 06 12:57:34 EDT 2014"	"20"	"0"	"0"	"0"	"Reviewable"	"NotReviewed"	"262"	"900"	"604800"	"Sun Apr 20 12:57:34 EDT 2014"	"https://requester.mturk.com/mturk/manageHIT?HITId=375VMB7D4JJC7E58NMCZ9FXA1CLIDN"	"3VSOLARPKB9O1582G55B8X7EEHT93Q"	"AN6WT1D6EQ8V5"	"Submitted"	"Sun Apr 13 13:13:59 EDT 2014"	"Sun Apr 06 13:09:52 EDT 2014"	"Sun Apr 06 13:13:59 EDT 2014"	""	""	""	""	""	"com.google.android.maps.mytracks"	"GET_ACCOUNTS"	"INTERNAL"	"uses user's accounts information stored on the phone"	"to login the app with Google accounts"	"APPLICATION"	"APPLICATION"	"-1"	""
"375VMB7D4JJC7E58NMCZ9FXA1CLIDN"	"3ISL4H6O6HKMSD7DGIM4AP7LHJKCID"	"Tell us what do you think about a mobile app and Earn $0.1 in 1 minute"	"Please look at this mobile app and give us feedback by answering the following questions. Each HIT is unique in some ways, please read the questions carefully. You can complete as many HITs as you want. "	"mobile, app, review"	"$0.10"	"Sun Apr 06 12:57:34 EDT 2014"	"20"	"0"	"0"	"0"	"Reviewable"	"NotReviewed"	"262"	"900"	"604800"	"Sun Apr 20 12:57:34 EDT 2014"	"https://requester.mturk.com/mturk/manageHIT?HITId=375VMB7D4JJC7E58NMCZ9FXA1CLIDN"	"3LUY3GC63Z0RUBPWZ64Y74J9ONZ7PQ"	"A1TH8X83SGT5ZE"	"Submitted"	"Sun Apr 13 13:18:10 EDT 2014"	"Sun Apr 06 13:17:13 EDT 2014"	"Sun Apr 06 13:18:10 EDT 2014"	""	""	""	""	""	"com.google.android.maps.mytracks"	"GET_ACCOUNTS"	"INTERNAL"	"uses user's accounts information stored on the phone"	"to login the app with Google accounts"	"APPLICATION"	"APPLICATION"	"2"	""
"375VMB7D4JJC7E58NMCZ9FXA1CLIDN"	"3ISL4H6O6HKMSD7DGIM4AP7LHJKCID"	"Tell us what do you think about a mobile app and Earn $0.1 in 1 minute"	"Please look at this mobile app and give us feedback by answering the following questions. Each HIT is unique in some ways, please read the questions carefully. You can complete as many HITs as you want. "	"mobile, app, review"	"$0.10"	"Sun Apr 06 12:57:34 EDT 2014"	"20"	"0"	"0"	"0"	"Reviewable"	"NotReviewed"	"262"	"900"	"604800"	"Sun Apr 20 12:57:34 EDT 2014"	"https://requester.mturk.com/mturk/manageHIT?HITId=375VMB7D4JJC7E58NMCZ9FXA1CLIDN"	"3D3VGR7TA0FU554OAM5XZI78K313R9"	"A2N701P8CHDKTT"	"Submitted"	"Sun Apr 13 13:20:53 EDT 2014"	"Sun Apr 06 13:20:41 EDT 2014"	"Sun Apr 06 13:20:53 EDT 2014"	""	""	""	""	""	"com.google.android.maps.mytracks"	"GET_ACCOUNTS"	"INTERNAL"	"uses user's accounts information stored on the phone"	"to login the app with Google accounts"	"APPLICATION"	"APPLICATION"	"2"	""
"375VMB7D4JJC7E58NMCZ9FXA1CLIDN"	"3ISL4H6O6HKMSD7DGIM4AP7LHJKCID"	"Tell us what do you think about a mobile app and Earn $0.1 in 1 minute"	"Please look at this mobile app and give us feedback by answering the following questions. Each HIT is unique in some ways, please read the questions carefully. You can complete as many HITs as you want. "	"mobile, app, review"	"$0.10"	"Sun Apr 06 12:57:34 EDT 2014"	"20"	"0"	"0"	"0"	"Reviewable"	"NotReviewed"	"262"	"900"	"604800"	"Sun Apr 20 12:57:34 EDT 2014"	"https://requester.mturk.com/mturk/manageHIT?HITId=375VMB7D4JJC7E58NMCZ9FXA1CLIDN"	"3Z2R0DQ0JHEGBJ30KG7SH13XZ0F2EO"	"A646R8SV0S04Y"	"Submitted"	"Sun Apr 13 13:40:49 EDT 2014"	"Sun Apr 06 13:40:02 EDT 2014"	"Sun Apr 06 13:40:49 EDT 2014"	""	""	""	""	""	"com.google.android.maps.mytracks"	"GET_ACCOUNTS"	"INTERNAL"	"uses user's accounts information stored on the phone"	"to login the app with Google accounts"	"APPLICATION"	"APPLICATION"	"1"	""
"375VMB7D4JJC7E58NMCZ9FXA1CLIDN"	"3ISL4H6O6HKMSD7DGIM4AP7LHJKCID"	"Tell us what do you think about a mobile app and Earn $0.1 in 1 minute"	"Please look at this mobile app and give us feedback by answering the following questions. Each HIT is unique in some ways, please read the questions carefully. You can complete as many HITs as you want. "	"mobile, app, review"	"$0.10"	"Sun Apr 06 12:57:34 EDT 2014"	"20"	"0"	"0"	"0"	"Reviewable"	"NotReviewed"	"262"	"900"	"604800"	"Sun Apr 20 12:57:34 EDT 2014"	"https://requester.mturk.com/mturk/manageHIT?HITId=375VMB7D4JJC7E58NMCZ9FXA1CLIDN"	"3C5W7UE9CFQFONYAP3G4KZ22LB6MX7"	"A3G00Q5JV2BE5G"	"Submitted"	"Sun Apr 13 13:42:05 EDT 2014"	"Sun Apr 06 13:40:35 EDT 2014"	"Sun Apr 06 13:42:05 EDT 2014"	""	""	""	""	""	"com.google.android.maps.mytracks"	"GET_ACCOUNTS"	"INTERNAL"	"uses user's accounts information stored on the phone"	"to login the app with Google accounts"	"APPLICATION"	"APPLICATION"	"2"	""
"375VMB7D4JJC7E58NMCZ9FXA1CLIDN"	"3ISL4H6O6HKMSD7DGIM4AP7LHJKCID"	"Tell us what do you think about a mobile app and Earn $0.1 in 1 minute"	"Please look at this mobile app and give us feedback by answering the following questions. Each HIT is unique in some ways, please read the questions carefully. You can complete as many HITs as you want. "	"mobile, app, review"	"$0.10"	"Sun Apr 06 12:57:34 EDT 2014"	"20"	"0"	"0"	"0"	"Reviewable"	"NotReviewed"	"262"	"900"	"604800"	"Sun Apr 20 12:57:34 EDT 2014"	"https://requester.mturk.com/mturk/manageHIT?HITId=375VMB7D4JJC7E58NMCZ9FXA1CLIDN"	"37FMASSAYCRMF15IZSQU394TLZ3BIC"	"AKLV0WIZZ356X"	"Submitted"	"Sun Apr 13 14:10:35 EDT 2014"	"Sun Apr 06 14:10:07 EDT 2014"	"Sun Apr 06 14:10:35 EDT 2014"	""	""	""	""	""	"com.google.android.maps.mytracks"	"GET_ACCOUNTS"	"INTERNAL"	"uses user's accounts information stored on the phone"	"to login the app with Google accounts"	"APPLICATION"	"APPLICATION"	"2"	""
"375VMB7D4JJC7E58NMCZ9FXA1CLIDN"	"3ISL4H6O6HKMSD7DGIM4AP7LHJKCID"	"Tell us what do you think about a mobile app and Earn $0.1 in 1 minute"	"Please look at this mobile app and give us feedback by answering the following questions. Each HIT is unique in some ways, please read the questions carefully. You can complete as many HITs as you want. "	"mobile, app, review"	"$0.10"	"Sun Apr 06 12:57:34 EDT 2014"	"20"	"0"	"0"	"0"	"Reviewable"	"NotReviewed"	"262"	"900"	"604800"	"Sun Apr 20 12:57:34 EDT 2014"	"https://requester.mturk.com/mturk/manageHIT?HITId=375VMB7D4JJC7E58NMCZ9FXA1CLIDN"	"3FIJLY1B6U449442HP2AVWWQMBQPFK"	"A21753FQKCM5DQ"	"Submitted"	"Sun Apr 13 14:11:51 EDT 2014"	"Sun Apr 06 14:11:33 EDT 2014"	"Sun Apr 06 14:11:51 EDT 2014"	""	""	""	""	""	"com.google.android.maps.mytracks"	"GET_ACCOUNTS"	"INTERNAL"	"uses user's accounts information stored on the phone"	"to login the app with Google accounts"	"APPLICATION"	"APPLICATION"	"1"	"it seems like this feature would help the app run more smoothly 
"
"375VMB7D4JJC7E58NMCZ9FXA1CLIDN"	"3ISL4H6O6HKMSD7DGIM4AP7LHJKCID"	"Tell us what do you think about a mobile app and Earn $0.1 in 1 minute"	"Please look at this mobile app and give us feedback by answering the following questions. Each HIT is unique in some ways, please read the questions carefully. You can complete as many HITs as you want. "	"mobile, app, review"	"$0.10"	"Sun Apr 06 12:57:34 EDT 2014"	"20"	"0"	"0"	"0"	"Reviewable"	"NotReviewed"	"262"	"900"	"604800"	"Sun Apr 20 12:57:34 EDT 2014"	"https://requester.mturk.com/mturk/manageHIT?HITId=375VMB7D4JJC7E58NMCZ9FXA1CLIDN"	"39LOEL67OS5ON0PSBDZX81C3UBM386"	"AVX3SWFMBEPMZ"	"Submitted"	"Sun Apr 13 14:14:29 EDT 2014"	"Sun Apr 06 14:14:20 EDT 2014"	"Sun Apr 06 14:14:29 EDT 2014"	""	""	""	""	""	"com.google.android.maps.mytracks"	"GET_ACCOUNTS"	"INTERNAL"	"uses user's accounts information stored on the phone"	"to login the app with Google accounts"	"APPLICATION"	"APPLICATION"	"1"	""
"375VMB7D4JJC7E58NMCZ9FXA1CLIDN"	"3ISL4H6O6HKMSD7DGIM4AP7LHJKCID"	"Tell us what do you think about a mobile app and Earn $0.1 in 1 minute"	"Please look at this mobile app and give us feedback by answering the following questions. Each HIT is unique in some ways, please read the questions carefully. You can complete as many HITs as you want. "	"mobile, app, review"	"$0.10"	"Sun Apr 06 12:57:34 EDT 2014"	"20"	"0"	"0"	"0"	"Reviewable"	"NotReviewed"	"262"	"900"	"604800"	"Sun Apr 20 12:57:34 EDT 2014"	"https://requester.mturk.com/mturk/manageHIT?HITId=375VMB7D4JJC7E58NMCZ9FXA1CLIDN"	"3UN61F00HWPXJKRSO5TQEF5SYZ2R5X"	"A1IA4CST74I1Q8"	"Submitted"	"Sun Apr 13 14:33:43 EDT 2014"	"Sun Apr 06 14:32:33 EDT 2014"	"Sun Apr 06 14:33:43 EDT 2014"	""	""	""	""	""	"com.google.android.maps.mytracks"	"GET_ACCOUNTS"	"INTERNAL"	"uses user's accounts information stored on the phone"	"to login the app with Google accounts"	"APPLICATION"	"APPLICATION"	"1"	""
"375VMB7D4JJC7E58NMCZ9FXA1CLIDN"	"3ISL4H6O6HKMSD7DGIM4AP7LHJKCID"	"Tell us what do you think about a mobile app and Earn $0.1 in 1 minute"	"Please look at this mobile app and give us feedback by answering the following questions. Each HIT is unique in some ways, please read the questions carefully. You can complete as many HITs as you want. "	"mobile, app, review"	"$0.10"	"Sun Apr 06 12:57:34 EDT 2014"	"20"	"0"	"0"	"0"	"Reviewable"	"NotReviewed"	"262"	"900"	"604800"	"Sun Apr 20 12:57:34 EDT 2014"	"https://requester.mturk.com/mturk/manageHIT?HITId=375VMB7D4JJC7E58NMCZ9FXA1CLIDN"	"3NVC2EB65QZ326GAOHXR7E05NQSY3I"	"AR7DGMRC1N0AV"	"Submitted"	"Sun Apr 13 14:46:48 EDT 2014"	"Sun Apr 06 14:42:39 EDT 2014"	"Sun Apr 06 14:46:48 EDT 2014"	""	""	""	""	""	"com.google.android.maps.mytracks"	"GET_ACCOUNTS"	"INTERNAL"	"uses user's accounts information stored on the phone"	"to login the app with Google accounts"	"APPLICATION"	"APPLICATION"	"1"	""
"375VMB7D4JJC7E58NMCZ9FXA1CLIDN"	"3ISL4H6O6HKMSD7DGIM4AP7LHJKCID"	"Tell us what do you think about a mobile app and Earn $0.1 in 1 minute"	"Please look at this mobile app and give us feedback by answering the following questions. Each HIT is unique in some ways, please read the questions carefully. You can complete as many HITs as you want. "	"mobile, app, review"	"$0.10"	"Sun Apr 06 12:57:34 EDT 2014"	"20"	"0"	"0"	"0"	"Reviewable"	"NotReviewed"	"262"	"900"	"604800"	"Sun Apr 20 12:57:34 EDT 2014"	"https://requester.mturk.com/mturk/manageHIT?HITId=375VMB7D4JJC7E58NMCZ9FXA1CLIDN"	"3TVRFO09GKFVI5GPPRFPKMNDL6RXLR"	"A9QYAH5BONH1W"	"Submitted"	"Sun Apr 13 14:56:02 EDT 2014"	"Sun Apr 06 14:55:52 EDT 2014"	"Sun Apr 06 14:56:02 EDT 2014"	""	""	""	""	""	"com.google.android.maps.mytracks"	"GET_ACCOUNTS"	"INTERNAL"	"uses user's accounts information stored on the phone"	"to login the app with Google accounts"	"APPLICATION"	"APPLICATION"	"-2"	""
"375VMB7D4JJC7E58NMCZ9FXA1CLIDN"	"3ISL4H6O6HKMSD7DGIM4AP7LHJKCID"	"Tell us what do you think about a mobile app and Earn $0.1 in 1 minute"	"Please look at this mobile app and give us feedback by answering the following questions. Each HIT is unique in some ways, please read the questions carefully. You can complete as many HITs as you want. "	"mobile, app, review"	"$0.10"	"Sun Apr 06 12:57:34 EDT 2014"	"20"	"0"	"0"	"0"	"Reviewable"	"NotReviewed"	"262"	"900"	"604800"	"Sun Apr 20 12:57:34 EDT 2014"	"https://requester.mturk.com/mturk/manageHIT?HITId=375VMB7D4JJC7E58NMCZ9FXA1CLIDN"	"3Z3ZLGNNSIUUT4POX7GXUSX3OHG3QP"	"A2WCDQDLMC6J72"	"Submitted"	"Sun Apr 13 15:07:53 EDT 2014"	"Sun Apr 06 15:07:02 EDT 2014"	"Sun Apr 06 15:07:53 EDT 2014"	""	""	""	""	""	"com.google.android.maps.mytracks"	"GET_ACCOUNTS"	"INTERNAL"	"uses user's accounts information stored on the phone"	"to login the app with Google accounts"	"APPLICATION"	"APPLICATION"	"1"	""
"375VMB7D4JJC7E58NMCZ9FXA1CLIDN"	"3ISL4H6O6HKMSD7DGIM4AP7LHJKCID"	"Tell us what do you think about a mobile app and Earn $0.1 in 1 minute"	"Please look at this mobile app and give us feedback by answering the following questions. Each HIT is unique in some ways, please read the questions carefully. You can complete as many HITs as you want. "	"mobile, app, review"	"$0.10"	"Sun Apr 06 12:57:34 EDT 2014"	"20"	"0"	"0"	"0"	"Reviewable"	"NotReviewed"	"262"	"900"	"604800"	"Sun Apr 20 12:57:34 EDT 2014"	"https://requester.mturk.com/mturk/manageHIT?HITId=375VMB7D4JJC7E58NMCZ9FXA1CLIDN"	"3R6P78PK7KB8FWT49QHCIRXZCTJTG0"	"A8QNPF8ASC5VC"	"Submitted"	"Sun Apr 13 15:11:25 EDT 2014"	"Sun Apr 06 15:08:48 EDT 2014"	"Sun Apr 06 15:11:25 EDT 2014"	""	""	""	""	""	"com.google.android.maps.mytracks"	"GET_ACCOUNTS"	"INTERNAL"	"uses user's accounts information stored on the phone"	"to login the app with Google accounts"	"APPLICATION"	"APPLICATION"	"1"	""
"375VMB7D4JJC7E58NMCZ9FXA1CLIDN"	"3ISL4H6O6HKMSD7DGIM4AP7LHJKCID"	"Tell us what do you think about a mobile app and Earn $0.1 in 1 minute"	"Please look at this mobile app and give us feedback by answering the following questions. Each HIT is unique in some ways, please read the questions carefully. You can complete as many HITs as you want. "	"mobile, app, review"	"$0.10"	"Sun Apr 06 12:57:34 EDT 2014"	"20"	"0"	"0"	"0"	"Reviewable"	"NotReviewed"	"262"	"900"	"604800"	"Sun Apr 20 12:57:34 EDT 2014"	"https://requester.mturk.com/mturk/manageHIT?HITId=375VMB7D4JJC7E58NMCZ9FXA1CLIDN"	"3LRLIPTPEQ982MQETHBALEZ0VLGKAA"	"A3OQAXU3STYCI9"	"Submitted"	"Sun Apr 13 15:11:36 EDT 2014"	"Sun Apr 06 15:11:30 EDT 2014"	"Sun Apr 06 15:11:36 EDT 2014"	""	""	""	""	""	"com.google.android.maps.mytracks"	"GET_ACCOUNTS"	"INTERNAL"	"uses user's accounts information stored on the phone"	"to login the app with Google accounts"	"APPLICATION"	"APPLICATION"	"2"	""
"375VMB7D4JJC7E58NMCZ9FXA1CLIDN"	"3ISL4H6O6HKMSD7DGIM4AP7LHJKCID"	"Tell us what do you think about a mobile app and Earn $0.1 in 1 minute"	"Please look at this mobile app and give us feedback by answering the following questions. Each HIT is unique in some ways, please read the questions carefully. You can complete as many HITs as you want. "	"mobile, app, review"	"$0.10"	"Sun Apr 06 12:57:34 EDT 2014"	"20"	"0"	"0"	"0"	"Reviewable"	"NotReviewed"	"262"	"900"	"604800"	"Sun Apr 20 12:57:34 EDT 2014"	"https://requester.mturk.com/mturk/manageHIT?HITId=375VMB7D4JJC7E58NMCZ9FXA1CLIDN"	"3TXD01ZLD4H73TF9EU5LEYMY52I4UG"	"ADJ9I7ZBFYFH7"	"Submitted"	"Sun Apr 13 15:18:49 EDT 2014"	"Sun Apr 06 15:09:45 EDT 2014"	"Sun Apr 06 15:18:49 EDT 2014"	""	""	""	""	""	"com.google.android.maps.mytracks"	"GET_ACCOUNTS"	"INTERNAL"	"uses user's accounts information stored on the phone"	"to login the app with Google accounts"	"APPLICATION"	"APPLICATION"	"1"	""
"3K1H3NEY7LZYBNZDXYCWO3KUMZTDGQ"	"3ISL4H6O6HKMSD7DGIM4AP7LHJKCID"	"Tell us what do you think about a mobile app and Earn $0.1 in 1 minute"	"Please look at this mobile app and give us feedback by answering the following questions. Each HIT is unique in some ways, please read the questions carefully. You can complete as many HITs as you want. "	"mobile, app, review"	"$0.10"	"Sun Apr 06 12:57:34 EDT 2014"	"20"	"0"	"0"	"0"	"Reviewable"	"NotReviewed"	"263"	"900"	"604800"	"Sun Apr 20 12:57:34 EDT 2014"	"https://requester.mturk.com/mturk/manageHIT?HITId=3K1H3NEY7LZYBNZDXYCWO3KUMZTDGQ"	"3S3AMIZX3U5OHVH2LELENWUYBFKCD7"	"A2BLIB4GCCK3J5"	"Submitted"	"Sun Apr 13 13:00:47 EDT 2014"	"Sun Apr 06 13:00:39 EDT 2014"	"Sun Apr 06 13:00:47 EDT 2014"	""	""	""	""	""	"com.google.android.maps.mytracks"	"READ_CONTACTS"	"INTERNAL"	"reads user's contact list (phone book) and phone call history"	"to share tracks with friends in phone book"	"APPLICATION"	"APPLICATION"	"-1"	""
"3K1H3NEY7LZYBNZDXYCWO3KUMZTDGQ"	"3ISL4H6O6HKMSD7DGIM4AP7LHJKCID"	"Tell us what do you think about a mobile app and Earn $0.1 in 1 minute"	"Please look at this mobile app and give us feedback by answering the following questions. Each HIT is unique in some ways, please read the questions carefully. You can complete as many HITs as you want. "	"mobile, app, review"	"$0.10"	"Sun Apr 06 12:57:34 EDT 2014"	"20"	"0"	"0"	"0"	"Reviewable"	"NotReviewed"	"263"	"900"	"604800"	"Sun Apr 20 12:57:34 EDT 2014"	"https://requester.mturk.com/mturk/manageHIT?HITId=3K1H3NEY7LZYBNZDXYCWO3KUMZTDGQ"	"3OUYGIZWR7YDC0PCE7JPSP9MG9R0PH"	"A340DZFTU1OSQQ"	"Submitted"	"Sun Apr 13 13:10:21 EDT 2014"	"Sun Apr 06 13:06:51 EDT 2014"	"Sun Apr 06 13:10:21 EDT 2014"	""	""	""	""	""	"com.google.android.maps.mytracks"	"READ_CONTACTS"	"INTERNAL"	"reads user's contact list (phone book) and phone call history"	"to share tracks with friends in phone book"	"APPLICATION"	"APPLICATION"	"1"	""
"3K1H3NEY7LZYBNZDXYCWO3KUMZTDGQ"	"3ISL4H6O6HKMSD7DGIM4AP7LHJKCID"	"Tell us what do you think about a mobile app and Earn $0.1 in 1 minute"	"Please look at this mobile app and give us feedback by answering the following questions. Each HIT is unique in some ways, please read the questions carefully. You can complete as many HITs as you want. "	"mobile, app, review"	"$0.10"	"Sun Apr 06 12:57:34 EDT 2014"	"20"	"0"	"0"	"0"	"Reviewable"	"NotReviewed"	"263"	"900"	"604800"	"Sun Apr 20 12:57:34 EDT 2014"	"https://requester.mturk.com/mturk/manageHIT?HITId=3K1H3NEY7LZYBNZDXYCWO3KUMZTDGQ"	"3FTF2T8WLRILS3AQQPGDDUIBCAQ9WZ"	"A3G00Q5JV2BE5G"	"Submitted"	"Sun Apr 13 13:16:55 EDT 2014"	"Sun Apr 06 13:15:51 EDT 2014"	"Sun Apr 06 13:16:55 EDT 2014"	""	""	""	""	""	"com.google.android.maps.mytracks"	"READ_CONTACTS"	"INTERNAL"	"reads user's contact list (phone book) and phone call history"	"to share tracks with friends in phone book"	"APPLICATION"	"APPLICATION"	"2"	""
"3K1H3NEY7LZYBNZDXYCWO3KUMZTDGQ"	"3ISL4H6O6HKMSD7DGIM4AP7LHJKCID"	"Tell us what do you think about a mobile app and Earn $0.1 in 1 minute"	"Please look at this mobile app and give us feedback by answering the following questions. Each HIT is unique in some ways, please read the questions carefully. You can complete as many HITs as you want. "	"mobile, app, review"	"$0.10"	"Sun Apr 06 12:57:34 EDT 2014"	"20"	"0"	"0"	"0"	"Reviewable"	"NotReviewed"	"263"	"900"	"604800"	"Sun Apr 20 12:57:34 EDT 2014"	"https://requester.mturk.com/mturk/manageHIT?HITId=3K1H3NEY7LZYBNZDXYCWO3KUMZTDGQ"	"3NKQQ8O39Y5K3PY2756EH2G4IFUDUL"	"A21753FQKCM5DQ"	"Submitted"	"Sun Apr 13 13:18:33 EDT 2014"	"Sun Apr 06 13:18:12 EDT 2014"	"Sun Apr 06 13:18:33 EDT 2014"	""	""	""	""	""	"com.google.android.maps.mytracks"	"READ_CONTACTS"	"INTERNAL"	"reads user's contact list (phone book) and phone call history"	"to share tracks with friends in phone book"	"APPLICATION"	"APPLICATION"	"-1"	"it doesn't seem like this feature would be necessary to make sure the app is running effectively "
"3K1H3NEY7LZYBNZDXYCWO3KUMZTDGQ"	"3ISL4H6O6HKMSD7DGIM4AP7LHJKCID"	"Tell us what do you think about a mobile app and Earn $0.1 in 1 minute"	"Please look at this mobile app and give us feedback by answering the following questions. Each HIT is unique in some ways, please read the questions carefully. You can complete as many HITs as you want. "	"mobile, app, review"	"$0.10"	"Sun Apr 06 12:57:34 EDT 2014"	"20"	"0"	"0"	"0"	"Reviewable"	"NotReviewed"	"263"	"900"	"604800"	"Sun Apr 20 12:57:34 EDT 2014"	"https://requester.mturk.com/mturk/manageHIT?HITId=3K1H3NEY7LZYBNZDXYCWO3KUMZTDGQ"	"3WT783CTPBHV2YJI7IU8S66Y8UBBC2"	"A1TH8X83SGT5ZE"	"Submitted"	"Sun Apr 13 13:20:42 EDT 2014"	"Sun Apr 06 13:19:53 EDT 2014"	"Sun Apr 06 13:20:42 EDT 2014"	""	""	""	""	""	"com.google.android.maps.mytracks"	"READ_CONTACTS"	"INTERNAL"	"reads user's contact list (phone book) and phone call history"	"to share tracks with friends in phone book"	"APPLICATION"	"APPLICATION"	"-1"	""
"3K1H3NEY7LZYBNZDXYCWO3KUMZTDGQ"	"3ISL4H6O6HKMSD7DGIM4AP7LHJKCID"	"Tell us what do you think about a mobile app and Earn $0.1 in 1 minute"	"Please look at this mobile app and give us feedback by answering the following questions. Each HIT is unique in some ways, please read the questions carefully. You can complete as many HITs as you want. "	"mobile, app, review"	"$0.10"	"Sun Apr 06 12:57:34 EDT 2014"	"20"	"0"	"0"	"0"	"Reviewable"	"NotReviewed"	"263"	"900"	"604800"	"Sun Apr 20 12:57:34 EDT 2014"	"https://requester.mturk.com/mturk/manageHIT?HITId=3K1H3NEY7LZYBNZDXYCWO3KUMZTDGQ"	"3C2NJ6JBKAHK5PGDDFAB7OX6DSC2N9"	"A167HNWLG22UFD"	"Submitted"	"Sun Apr 13 13:22:33 EDT 2014"	"Sun Apr 06 13:17:56 EDT 2014"	"Sun Apr 06 13:22:33 EDT 2014"	""	""	""	""	""	"com.google.android.maps.mytracks"	"READ_CONTACTS"	"INTERNAL"	"reads user's contact list (phone book) and phone call history"	"to share tracks with friends in phone book"	"APPLICATION"	"APPLICATION"	"-2"	""
"3K1H3NEY7LZYBNZDXYCWO3KUMZTDGQ"	"3ISL4H6O6HKMSD7DGIM4AP7LHJKCID"	"Tell us what do you think about a mobile app and Earn $0.1 in 1 minute"	"Please look at this mobile app and give us feedback by answering the following questions. Each HIT is unique in some ways, please read the questions carefully. You can complete as many HITs as you want. "	"mobile, app, review"	"$0.10"	"Sun Apr 06 12:57:34 EDT 2014"	"20"	"0"	"0"	"0"	"Reviewable"	"NotReviewed"	"263"	"900"	"604800"	"Sun Apr 20 12:57:34 EDT 2014"	"https://requester.mturk.com/mturk/manageHIT?HITId=3K1H3NEY7LZYBNZDXYCWO3KUMZTDGQ"	"3SB4CE2TJVVEMMPLS0QZB872RUFAX9"	"A4J4GGMKJ68L0"	"Submitted"	"Sun Apr 13 13:26:57 EDT 2014"	"Sun Apr 06 13:25:01 EDT 2014"	"Sun Apr 06 13:26:57 EDT 2014"	""	""	""	""	""	"com.google.android.maps.mytracks"	"READ_CONTACTS"	"INTERNAL"	"reads user's contact list (phone book) and phone call history"	"to share tracks with friends in phone book"	"APPLICATION"	"APPLICATION"	"1"	""
"3K1H3NEY7LZYBNZDXYCWO3KUMZTDGQ"	"3ISL4H6O6HKMSD7DGIM4AP7LHJKCID"	"Tell us what do you think about a mobile app and Earn $0.1 in 1 minute"	"Please look at this mobile app and give us feedback by answering the following questions. Each HIT is unique in some ways, please read the questions carefully. You can complete as many HITs as you want. "	"mobile, app, review"	"$0.10"	"Sun Apr 06 12:57:34 EDT 2014"	"20"	"0"	"0"	"0"	"Reviewable"	"NotReviewed"	"263"	"900"	"604800"	"Sun Apr 20 12:57:34 EDT 2014"	"https://requester.mturk.com/mturk/manageHIT?HITId=3K1H3NEY7LZYBNZDXYCWO3KUMZTDGQ"	"31N2WW6R9RQX2FZFJR53ITTPHFWF3W"	"AKLV0WIZZ356X"	"Submitted"	"Sun Apr 13 13:59:46 EDT 2014"	"Sun Apr 06 13:58:56 EDT 2014"	"Sun Apr 06 13:59:46 EDT 2014"	""	""	""	""	""	"com.google.android.maps.mytracks"	"READ_CONTACTS"	"INTERNAL"	"reads user's contact list (phone book) and phone call history"	"to share tracks with friends in phone book"	"APPLICATION"	"APPLICATION"	"1"	""
"3K1H3NEY7LZYBNZDXYCWO3KUMZTDGQ"	"3ISL4H6O6HKMSD7DGIM4AP7LHJKCID"	"Tell us what do you think about a mobile app and Earn $0.1 in 1 minute"	"Please look at this mobile app and give us feedback by answering the following questions. Each HIT is unique in some ways, please read the questions carefully. You can complete as many HITs as you want. "	"mobile, app, review"	"$0.10"	"Sun Apr 06 12:57:34 EDT 2014"	"20"	"0"	"0"	"0"	"Reviewable"	"NotReviewed"	"263"	"900"	"604800"	"Sun Apr 20 12:57:34 EDT 2014"	"https://requester.mturk.com/mturk/manageHIT?HITId=3K1H3NEY7LZYBNZDXYCWO3KUMZTDGQ"	"3V5Q80FXIXRD1LN3VWQWYAZ08BV324"	"AVX3SWFMBEPMZ"	"Submitted"	"Sun Apr 13 14:19:39 EDT 2014"	"Sun Apr 06 14:19:30 EDT 2014"	"Sun Apr 06 14:19:39 EDT 2014"	""	""	""	""	""	"com.google.android.maps.mytracks"	"READ_CONTACTS"	"INTERNAL"	"reads user's contact list (phone book) and phone call history"	"to share tracks with friends in phone book"	"APPLICATION"	"APPLICATION"	"-1"	""
"3K1H3NEY7LZYBNZDXYCWO3KUMZTDGQ"	"3ISL4H6O6HKMSD7DGIM4AP7LHJKCID"	"Tell us what do you think about a mobile app and Earn $0.1 in 1 minute"	"Please look at this mobile app and give us feedback by answering the following questions. Each HIT is unique in some ways, please read the questions carefully. You can complete as many HITs as you want. "	"mobile, app, review"	"$0.10"	"Sun Apr 06 12:57:34 EDT 2014"	"20"	"0"	"0"	"0"	"Reviewable"	"NotReviewed"	"263"	"900"	"604800"	"Sun Apr 20 12:57:34 EDT 2014"	"https://requester.mturk.com/mturk/manageHIT?HITId=3K1H3NEY7LZYBNZDXYCWO3KUMZTDGQ"	"3A0EX8ZRN8O851KN3ACXPXYHBI3BYK"	"A1CUTEZJIWM0UU"	"Submitted"	"Sun Apr 13 14:27:12 EDT 2014"	"Sun Apr 06 14:25:36 EDT 2014"	"Sun Apr 06 14:27:12 EDT 2014"	""	""	""	""	""	"com.google.android.maps.mytracks"	"READ_CONTACTS"	"INTERNAL"	"reads user's contact list (phone book) and phone call history"	"to share tracks with friends in phone book"	"APPLICATION"	"APPLICATION"	"1"	""
"3K1H3NEY7LZYBNZDXYCWO3KUMZTDGQ"	"3ISL4H6O6HKMSD7DGIM4AP7LHJKCID"	"Tell us what do you think about a mobile app and Earn $0.1 in 1 minute"	"Please look at this mobile app and give us feedback by answering the following questions. Each HIT is unique in some ways, please read the questions carefully. You can complete as many HITs as you want. "	"mobile, app, review"	"$0.10"	"Sun Apr 06 12:57:34 EDT 2014"	"20"	"0"	"0"	"0"	"Reviewable"	"NotReviewed"	"263"	"900"	"604800"	"Sun Apr 20 12:57:34 EDT 2014"	"https://requester.mturk.com/mturk/manageHIT?HITId=3K1H3NEY7LZYBNZDXYCWO3KUMZTDGQ"	"3RXPCZQMQPB76CHV77X2CLE4KANG19"	"A2QD7QFGCUNF5N"	"Submitted"	"Sun Apr 13 14:37:28 EDT 2014"	"Sun Apr 06 14:37:20 EDT 2014"	"Sun Apr 06 14:37:28 EDT 2014"	""	""	""	""	""	"com.google.android.maps.mytracks"	"READ_CONTACTS"	"INTERNAL"	"reads user's contact list (phone book) and phone call history"	"to share tracks with friends in phone book"	"APPLICATION"	"APPLICATION"	"-2"	""
"3K1H3NEY7LZYBNZDXYCWO3KUMZTDGQ"	"3ISL4H6O6HKMSD7DGIM4AP7LHJKCID"	"Tell us what do you think about a mobile app and Earn $0.1 in 1 minute"	"Please look at this mobile app and give us feedback by answering the following questions. Each HIT is unique in some ways, please read the questions carefully. You can complete as many HITs as you want. "	"mobile, app, review"	"$0.10"	"Sun Apr 06 12:57:34 EDT 2014"	"20"	"0"	"0"	"0"	"Reviewable"	"NotReviewed"	"263"	"900"	"604800"	"Sun Apr 20 12:57:34 EDT 2014"	"https://requester.mturk.com/mturk/manageHIT?HITId=3K1H3NEY7LZYBNZDXYCWO3KUMZTDGQ"	"3EWIJTFFVO79F90M5T3EYDAI2240EB"	"A166A2M31CW2C7"	"Submitted"	"Sun Apr 13 14:42:12 EDT 2014"	"Sun Apr 06 14:41:19 EDT 2014"	"Sun Apr 06 14:42:12 EDT 2014"	""	""	""	""	""	"com.google.android.maps.mytracks"	"READ_CONTACTS"	"INTERNAL"	"reads user's contact list (phone book) and phone call history"	"to share tracks with friends in phone book"	"APPLICATION"	"APPLICATION"	"-1"	""
"3K1H3NEY7LZYBNZDXYCWO3KUMZTDGQ"	"3ISL4H6O6HKMSD7DGIM4AP7LHJKCID"	"Tell us what do you think about a mobile app and Earn $0.1 in 1 minute"	"Please look at this mobile app and give us feedback by answering the following questions. Each HIT is unique in some ways, please read the questions carefully. You can complete as many HITs as you want. "	"mobile, app, review"	"$0.10"	"Sun Apr 06 12:57:34 EDT 2014"	"20"	"0"	"0"	"0"	"Reviewable"	"NotReviewed"	"263"	"900"	"604800"	"Sun Apr 20 12:57:34 EDT 2014"	"https://requester.mturk.com/mturk/manageHIT?HITId=3K1H3NEY7LZYBNZDXYCWO3KUMZTDGQ"	"3S4AW7T80BI4K3SF5GDKNBQFSBKL4Y"	"A73ITJ4GZGQBI"	"Submitted"	"Sun Apr 13 14:44:25 EDT 2014"	"Sun Apr 06 14:43:58 EDT 2014"	"Sun Apr 06 14:44:25 EDT 2014"	""	""	""	""	""	"com.google.android.maps.mytracks"	"READ_CONTACTS"	"INTERNAL"	"reads user's contact list (phone book) and phone call history"	"to share tracks with friends in phone book"	"APPLICATION"	"APPLICATION"	"-2"	""
"3K1H3NEY7LZYBNZDXYCWO3KUMZTDGQ"	"3ISL4H6O6HKMSD7DGIM4AP7LHJKCID"	"Tell us what do you think about a mobile app and Earn $0.1 in 1 minute"	"Please look at this mobile app and give us feedback by answering the following questions. Each HIT is unique in some ways, please read the questions carefully. You can complete as many HITs as you want. "	"mobile, app, review"	"$0.10"	"Sun Apr 06 12:57:34 EDT 2014"	"20"	"0"	"0"	"0"	"Reviewable"	"NotReviewed"	"263"	"900"	"604800"	"Sun Apr 20 12:57:34 EDT 2014"	"https://requester.mturk.com/mturk/manageHIT?HITId=3K1H3NEY7LZYBNZDXYCWO3KUMZTDGQ"	"3M81GAB8A0JZWZT1C0V3CBVFC9QQB0"	"A3GK90X2QOFR53"	"Submitted"	"Sun Apr 13 14:56:57 EDT 2014"	"Sun Apr 06 14:56:33 EDT 2014"	"Sun Apr 06 14:56:57 EDT 2014"	""	""	""	""	""	"com.google.android.maps.mytracks"	"READ_CONTACTS"	"INTERNAL"	"reads user's contact list (phone book) and phone call history"	"to share tracks with friends in phone book"	"APPLICATION"	"APPLICATION"	"-1"	""
"3K1H3NEY7LZYBNZDXYCWO3KUMZTDGQ"	"3ISL4H6O6HKMSD7DGIM4AP7LHJKCID"	"Tell us what do you think about a mobile app and Earn $0.1 in 1 minute"	"Please look at this mobile app and give us feedback by answering the following questions. Each HIT is unique in some ways, please read the questions carefully. You can complete as many HITs as you want. "	"mobile, app, review"	"$0.10"	"Sun Apr 06 12:57:34 EDT 2014"	"20"	"0"	"0"	"0"	"Reviewable"	"NotReviewed"	"263"	"900"	"604800"	"Sun Apr 20 12:57:34 EDT 2014"	"https://requester.mturk.com/mturk/manageHIT?HITId=3K1H3NEY7LZYBNZDXYCWO3KUMZTDGQ"	"31QNSG6A5RT6OJQFDP2NLIOJZDE78L"	"ADJ9I7ZBFYFH7"	"Submitted"	"Sun Apr 13 15:02:15 EDT 2014"	"Sun Apr 06 15:01:21 EDT 2014"	"Sun Apr 06 15:02:15 EDT 2014"	""	""	""	""	""	"com.google.android.maps.mytracks"	"READ_CONTACTS"	"INTERNAL"	"reads user's contact list (phone book) and phone call history"	"to share tracks with friends in phone book"	"APPLICATION"	"APPLICATION"	"-1"	"I don't need this app sending information to my friends."
"3K1H3NEY7LZYBNZDXYCWO3KUMZTDGQ"	"3ISL4H6O6HKMSD7DGIM4AP7LHJKCID"	"Tell us what do you think about a mobile app and Earn $0.1 in 1 minute"	"Please look at this mobile app and give us feedback by answering the following questions. Each HIT is unique in some ways, please read the questions carefully. You can complete as many HITs as you want. "	"mobile, app, review"	"$0.10"	"Sun Apr 06 12:57:34 EDT 2014"	"20"	"0"	"0"	"0"	"Reviewable"	"NotReviewed"	"263"	"900"	"604800"	"Sun Apr 20 12:57:34 EDT 2014"	"https://requester.mturk.com/mturk/manageHIT?HITId=3K1H3NEY7LZYBNZDXYCWO3KUMZTDGQ"	"3WMINLGALB3QJOEQ14UCXVMSQC5ACL"	"A1IA4CST74I1Q8"	"Submitted"	"Sun Apr 13 15:03:30 EDT 2014"	"Sun Apr 06 15:03:18 EDT 2014"	"Sun Apr 06 15:03:30 EDT 2014"	""	""	""	""	""	"com.google.android.maps.mytracks"	"READ_CONTACTS"	"INTERNAL"	"reads user's contact list (phone book) and phone call history"	"to share tracks with friends in phone book"	"APPLICATION"	"APPLICATION"	"-2"	""
"3K1H3NEY7LZYBNZDXYCWO3KUMZTDGQ"	"3ISL4H6O6HKMSD7DGIM4AP7LHJKCID"	"Tell us what do you think about a mobile app and Earn $0.1 in 1 minute"	"Please look at this mobile app and give us feedback by answering the following questions. Each HIT is unique in some ways, please read the questions carefully. You can complete as many HITs as you want. "	"mobile, app, review"	"$0.10"	"Sun Apr 06 12:57:34 EDT 2014"	"20"	"0"	"0"	"0"	"Reviewable"	"NotReviewed"	"263"	"900"	"604800"	"Sun Apr 20 12:57:34 EDT 2014"	"https://requester.mturk.com/mturk/manageHIT?HITId=3K1H3NEY7LZYBNZDXYCWO3KUMZTDGQ"	"3KRVW3HTZNL7S6CBVTAHLRLA6WHSMI"	"A3OQAXU3STYCI9"	"Submitted"	"Sun Apr 13 15:06:38 EDT 2014"	"Sun Apr 06 15:06:23 EDT 2014"	"Sun Apr 06 15:06:38 EDT 2014"	""	""	""	""	""	"com.google.android.maps.mytracks"	"READ_CONTACTS"	"INTERNAL"	"reads user's contact list (phone book) and phone call history"	"to share tracks with friends in phone book"	"APPLICATION"	"APPLICATION"	"-1"	"Not something I would use."
"3K1H3NEY7LZYBNZDXYCWO3KUMZTDGQ"	"3ISL4H6O6HKMSD7DGIM4AP7LHJKCID"	"Tell us what do you think about a mobile app and Earn $0.1 in 1 minute"	"Please look at this mobile app and give us feedback by answering the following questions. Each HIT is unique in some ways, please read the questions carefully. You can complete as many HITs as you want. "	"mobile, app, review"	"$0.10"	"Sun Apr 06 12:57:34 EDT 2014"	"20"	"0"	"0"	"0"	"Reviewable"	"NotReviewed"	"263"	"900"	"604800"	"Sun Apr 20 12:57:34 EDT 2014"	"https://requester.mturk.com/mturk/manageHIT?HITId=3K1H3NEY7LZYBNZDXYCWO3KUMZTDGQ"	"3Z7EFSHGN9E2F1MJCEMQH3XQRXEXCC"	"A9QYAH5BONH1W"	"Submitted"	"Sun Apr 13 15:07:08 EDT 2014"	"Sun Apr 06 15:07:03 EDT 2014"	"Sun Apr 06 15:07:08 EDT 2014"	""	""	""	""	""	"com.google.android.maps.mytracks"	"READ_CONTACTS"	"INTERNAL"	"reads user's contact list (phone book) and phone call history"	"to share tracks with friends in phone book"	"APPLICATION"	"APPLICATION"	"-2"	""
"3K1H3NEY7LZYBNZDXYCWO3KUMZTDGQ"	"3ISL4H6O6HKMSD7DGIM4AP7LHJKCID"	"Tell us what do you think about a mobile app and Earn $0.1 in 1 minute"	"Please look at this mobile app and give us feedback by answering the following questions. Each HIT is unique in some ways, please read the questions carefully. You can complete as many HITs as you want. "	"mobile, app, review"	"$0.10"	"Sun Apr 06 12:57:34 EDT 2014"	"20"	"0"	"0"	"0"	"Reviewable"	"NotReviewed"	"263"	"900"	"604800"	"Sun Apr 20 12:57:34 EDT 2014"	"https://requester.mturk.com/mturk/manageHIT?HITId=3K1H3NEY7LZYBNZDXYCWO3KUMZTDGQ"	"3G5F9DBFOPX1SKS4YRZ949XLOEBVHG"	"A646R8SV0S04Y"	"Submitted"	"Sun Apr 13 15:11:10 EDT 2014"	"Sun Apr 06 15:02:54 EDT 2014"	"Sun Apr 06 15:11:10 EDT 2014"	""	""	""	""	""	"com.google.android.maps.mytracks"	"READ_CONTACTS"	"INTERNAL"	"reads user's contact list (phone book) and phone call history"	"to share tracks with friends in phone book"	"APPLICATION"	"APPLICATION"	"1"	""
"3K1H3NEY7LZYBNZDXYCWO3KUMZTDGQ"	"3ISL4H6O6HKMSD7DGIM4AP7LHJKCID"	"Tell us what do you think about a mobile app and Earn $0.1 in 1 minute"	"Please look at this mobile app and give us feedback by answering the following questions. Each HIT is unique in some ways, please read the questions carefully. You can complete as many HITs as you want. "	"mobile, app, review"	"$0.10"	"Sun Apr 06 12:57:34 EDT 2014"	"20"	"0"	"0"	"0"	"Reviewable"	"NotReviewed"	"263"	"900"	"604800"	"Sun Apr 20 12:57:34 EDT 2014"	"https://requester.mturk.com/mturk/manageHIT?HITId=3K1H3NEY7LZYBNZDXYCWO3KUMZTDGQ"	"3GM6G9ZBKNX876PQKTF7VWHW8FVTM8"	"AR7DGMRC1N0AV"	"Submitted"	"Sun Apr 13 15:11:23 EDT 2014"	"Sun Apr 06 15:09:31 EDT 2014"	"Sun Apr 06 15:11:23 EDT 2014"	""	""	""	""	""	"com.google.android.maps.mytracks"	"READ_CONTACTS"	"INTERNAL"	"reads user's contact list (phone book) and phone call history"	"to share tracks with friends in phone book"	"APPLICATION"	"APPLICATION"	"-1"	""
